Method 'A0SystemVoidA4CosmosSystemKernelStart', ID = '0'
Method 'A0SystemBooleanA1CosmosCoreVTablesImplIsInstanceA0SystemUInt32A0SystemUInt32A0SystemBoolean', ID = '1'
Method 'A0SystemVoidA1CosmosCoreVTablesImplSetTypeInfoA0SystemInt32A0SystemUInt32A0SystemUInt32A0SystemUInt32A0A0SystemUInt32arrayA0SystemUInt32A0A0SystemUInt32arrayA0A0SystemUB18DBE7CBFCB99697972FAC9DA4D1EED', ID = '2'
Method 'A0SystemVoidA1CosmosCoreVTablesImplSetInterfaceInfoA0SystemInt32A0SystemInt32A0SystemUInt32', ID = '3'
Method 'A0SystemVoidA1CosmosCoreVTablesImplSetMethodInfoA0SystemInt32A0SystemInt32A0SystemUInt32A0SystemUInt32', ID = '4'
Method 'A0SystemVoidA1CosmosCoreVTablesImplSetInterfaceMethodInfoA0SystemInt32A0SystemInt32A0SystemUInt32A0SystemUInt32', ID = '5'
Method 'A0SystemUInt32A1CosmosCoreVTablesImplGetMethodAddressForTypeA0SystemUInt32A0SystemUInt32', ID = '6'
Method 'A0SystemUInt32A1CosmosCoreVTablesImplGetMethodAddressForInterfaceTypeA0SystemUInt32A0SystemUInt32', ID = '7'
Method 'A0SystemUInt32A1CosmosCoreVTablesImplGetDeclaringTypeOfMethodForTypeA0SystemUInt32A0SystemUInt32', ID = '8'
Method 'A0SystemVoidA1CosmosCoreGCImplementationInit', ID = '9'
Method 'A0SystemVoidA1CosmosCoreGCImplementationIncRootCountA0SystemUInt16pointer', ID = '10'
Method 'A0SystemVoidA1CosmosCoreGCImplementationIncRootCountsInStructA0SystemUInt16pointerA0SystemUInt32', ID = '11'
Method 'A0SystemVoidA1CosmosCoreGCImplementationDecRootCountA0SystemUInt16pointer', ID = '12'
Method 'A0SystemVoidA1CosmosCoreGCImplementationDecRootCountsInStructA0SystemUInt16pointerA0SystemUInt32', ID = '13'
Method 'A0SystemUInt32A1CosmosCoreGCImplementationAllocNewObjectA0SystemUInt32', ID = '14'
Method 'A0SystemVoidA8CosmosIL2CPUExceptionHelperThrowNotImplementedA0SystemString', ID = '15'
Method 'A0SystemVoidA8CosmosIL2CPUExceptionHelperThrowOverflow', ID = '16'
Method 'A0SystemVoidA8CosmosIL2CPUExceptionHelperThrowInvalidOperationA0SystemString', ID = '17'
Method 'A0SystemVoidA8CosmosIL2CPUExceptionHelperThrowArgumentOutOfRangeA0SystemString', ID = '18'
Method 'SystemVoidA0SystemArrayctor', ID = '21'
Method 'A0A0SystemDelegatearrayA0SystemMulticastDelegateGetInvocationList', ID = '22'
Method 'A0SystemVoidA8CosmosIL2CPUExceptionHelperThrowInvalidCastException', ID = '24'
Method 'A0SystemVoidA8CosmosIL2CPUExceptionHelperThrowNotFiniteNumberExceptionA0SystemDouble', ID = '25'
Method 'A0SystemVoidA8CosmosIL2CPUExceptionHelperThrowDivideByZeroException', ID = '26'
Method 'A0SystemVoidA8CosmosIL2CPUExceptionHelperThrowIndexOutOfRangeException', ID = '27'
Method 'SystemVoidA9sanCoreKernelctor', ID = '28'
Method 'A0SystemVoidA5CosmosDebugKernelDebuggerSendA0SystemString', ID = '33'
Method 'A0SystemVoidA6CosmosHALBootstrapInit', ID = '35'
Method 'A0SystemVoidA4CosmosSystemKernelOnBoot', ID = '36'
Method 'A0SystemVoidA4CosmosSystemKernelBeforeRun', ID = '37'
Method 'A0SystemVoidA6CosmosHALGlobalEnableInterrupts', ID = '38'
Method 'A0SystemVoidA4CosmosSystemKernelAfterRun', ID = '40'
Method 'SystemVoidA0SystemRuntimeCompilerServicesDefaultInterpolatedStringHandlerctorA0SystemInt32A0SystemInt32', ID = '41'
Method 'A0SystemVoidA0SystemRuntimeCompilerServicesDefaultInterpolatedStringHandlerAppendLiteralA0SystemString', ID = '42'
Method 'A0SystemVoidA0SystemRuntimeCompilerServicesDefaultInterpolatedStringHandlerAppendFormattedA0SystemExceptionA0SystemException', ID = '43'
Method 'A0SystemStringA0SystemRuntimeCompilerServicesDefaultInterpolatedStringHandlerToStringAndClear', ID = '44'
Method 'A0SystemVoidA7SystemConsoleWriteLineA0SystemString', ID = '46'
Method 'A0SystemVoidA1CosmosCoreVTablesImplDebugA0SystemString', ID = '53'
Method 'A0SystemVoidA1CosmosCoreVTablesImplDebugHexA0SystemStringA0SystemUInt32', ID = '54'
Method 'A0SystemVoidA1CosmosCoreVTablesImplDebugAndHaltA0SystemString', ID = '60'
Method 'A0SystemVoidA10CosmosDebugKernelPlugsAsmDebuggerAsmSendKernelPanicA0SystemUInt32', ID = '62'
Method 'A0SystemStringA0SystemStringConcatA0SystemStringA0SystemString', ID = '63'
Method 'A1CosmosCoreRawMemoryMapBlockpointerA1CosmosCoreCPUGetLargestMemoryBlock', ID = '67'
Method 'A0SystemVoidA1CosmosCoreMemoryRATInitA0SystemBytepointerA0SystemUInt32', ID = '72'
Method 'A1CosmosCoreMemoryRATPageTypeA1CosmosCoreMemoryRATGetPageTypeA0SystemVoidpointer', ID = '74'
Method 'A0SystemUInt32A1CosmosCoreVTablesImplGetGCFieldCountA0SystemUInt32', ID = '75'
Method 'A0A0SystemUInt32arrayA1CosmosCoreVTablesImplGetGCFieldOffsetsA0SystemUInt32', ID = '76'
Method 'A0A0SystemUInt32arrayA1CosmosCoreVTablesImplGetGCFieldTypesA0SystemUInt32', ID = '77'
Method 'A0SystemBooleanA1CosmosCoreVTablesImplIsStructA0SystemUInt32', ID = '78'
Method 'A0SystemBytepointerA1CosmosCoreMemoryHeapAllocA0SystemUInt32', ID = '79'
Method 'SystemVoidA0SystemNotImplementedExceptionctorA0SystemString', ID = '81'
Method 'SystemVoidA0SystemOverflowExceptionctorA0SystemString', ID = '82'
Method 'SystemVoidA0SystemInvalidOperationExceptionctorA0SystemString', ID = '83'
Method 'SystemVoidA0SystemArgumentOutOfRangeExceptionctorA0SystemString', ID = '84'
Method 'A0A0SystemDelegatearrayA0SystemDelegateGetInvocationList', ID = '95'
Method 'A0SystemInt32A0SystemIntPtrop_ExplicitA0SystemIntPtr', ID = '98'
Method 'SystemVoidA0SystemInvalidCastExceptionctor', ID = '99'
Method 'SystemVoidA0SystemNotFiniteNumberExceptionctorA0SystemDouble', ID = '101'
Method 'SystemVoidA0SystemDivideByZeroExceptionctor', ID = '102'
Method 'SystemVoidA0SystemIndexOutOfRangeExceptionctor', ID = '103'
Method 'SystemVoidA4CosmosSystemKernelctor', ID = '105'
Method 'SystemVoidA4CosmosSystemGlobalcctor', ID = '108'
Method 'A0SystemVoidA2CosmosCore_PlugsSystemExceptionImplCtorA0SystemString', ID = '111'
Method 'A0SystemVoidA1CosmosCoreBootstrapInit', ID = '113'
Method 'A6CosmosHALTextScreenBaseA4CosmosSystemKernelGetTextScreen', ID = '114'
Method 'A0SystemVoidA4CosmosSystemGlobalInitA6CosmosHALTextScreenBaseA0SystemBooleanA0SystemBooleanA0SystemBooleanA0SystemBoolean', ID = '115'
Method 'A0SystemVoidA9sanCoreKernelBeforeRun', ID = '116'
Method 'A0SystemVoidA1CosmosCoreCPUEnableInterrupts', ID = '118'
Method 'A0SystemVoidA9sanCoreKernelRun', ID = '119'
Method 'A0SystemInt32A0SystemRuntimeCompilerServicesDefaultInterpolatedStringHandlerGetDefaultLengthA0SystemInt32A0SystemInt32', ID = '122'
Method 'A0A0SystemSpan1A0SystemCharA0A0SystemSpan1A0SystemCharop_ImplicitA0A0SystemChararray', ID = '124'
Method 'A0SystemInt32A0A0SystemSpan1A0SystemCharget_Length', ID = '126'
Method 'A0SystemCharA0A0SystemSpan1A0SystemCharget_ItemA0SystemInt32', ID = '127'
Method 'A0SystemVoidA0SystemRuntimeCompilerServicesDefaultInterpolatedStringHandlerGrowThenCopyStringA0SystemString', ID = '129'
Method 'A0SystemCharA0SystemRuntimeInteropServicesMemoryMarshalGetReferenceA0SystemCharA0A0SystemSpan1A0SystemChar', ID = '130'
Method 'A0SystemCharA0InternalRuntimeCompilerServicesUnsafeAddA0SystemCharA0SystemCharA0SystemInt32', ID = '131'
Method 'A0SystemByteA0InternalRuntimeCompilerServicesUnsafeAsA0SystemCharA0SystemByteA0SystemChar', ID = '132'
Method 'A0SystemCharA0SystemStringGetRawStringData', ID = '133'
Method 'A0SystemInt32A0InternalRuntimeCompilerServicesUnsafeReadUnalignedA0SystemInt32A0SystemByte', ID = '134'
Method 'A0SystemVoidA0InternalRuntimeCompilerServicesUnsafeWriteUnalignedA0SystemInt32A0SystemByteA0SystemInt32', ID = '135'
Method 'A0SystemVoidA0SystemRuntimeCompilerServicesDefaultInterpolatedStringHandlerAppendStringDirectA0SystemString', ID = '136'
Method 'A0SystemVoidA0SystemRuntimeCompilerServicesDefaultInterpolatedStringHandlerAppendCustomFormatterA0SystemExceptionA0SystemExceptionA0SystemString', ID = '137'
Method 'A0SystemVoidA0SystemRuntimeCompilerServicesDefaultInterpolatedStringHandlerGrow', ID = '140'
Method 'A0A0SystemSpan1A0SystemCharA0A0SystemSpan1A0SystemCharSliceA0SystemInt32', ID = '141'
Method 'A0A0SystemReadOnlySpan1A0SystemCharA0SystemRuntimeCompilerServicesDefaultInterpolatedStringHandlerget_Text', ID = '145'
Method 'A0SystemVoidA0SystemRuntimeCompilerServicesDefaultInterpolatedStringHandlerClear', ID = '147'
Method 'A0SystemVoidA3CosmosSystem_PlugsSystemConsoleImplset_ForegroundColorA7SystemConsoleColor', ID = '150'
Method 'A0SystemVoidA0SystemIOTextWriterWriteLineA0SystemString', ID = '152'
Method 'A0SystemStringA0SystemValueTypeToString', ID = '153'
Method 'A0SystemStringA0SystemBooleanToString', ID = '155'
Method 'A0SystemStringA0SystemStringToString', ID = '157'
Method 'A0SystemStringA0SystemRuntimeCompilerServicesDefaultInterpolatedStringHandlerToString', ID = '160'
Method 'A0SystemStringA0A0SystemReadOnlySpan1A0SystemCharToString', ID = '161'
Method 'A0SystemStringA2CosmosCore_PlugsSystemObjectImplToString', ID = '163'
Method 'SystemVoidA0SystemBooleancctor', ID = '190'
Method 'SystemVoidA1CosmosCoreVTablesImplcctor', ID = '193'
Method 'A0SystemVoidA5CosmosDebugKernelDebuggerSendNumberA0SystemUInt32', ID = '195'
Method 'A0A0SystemCollectionsGenericIEnumerator1A0SystemUInt32A0SystemSZArrayHelperGetEnumeratorA0SystemUInt32', ID = '220'
Method 'A0SystemVoidA0SystemSZArrayHelperCopyToA0SystemUInt32A0A0SystemUInt32arrayA0SystemInt32', ID = '221'
Method 'A0SystemInt32A0SystemSZArrayHelperget_CountA0SystemUInt32', ID = '222'
Method 'A0SystemUInt32A0SystemSZArrayHelperget_ItemA0SystemUInt32A0SystemInt32', ID = '223'
Method 'A0SystemVoidA0SystemSZArrayHelperset_ItemA0SystemUInt32A0SystemInt32A0SystemUInt32', ID = '224'
Method 'A0SystemVoidA0SystemSZArrayHelperAddA0SystemUInt32A0SystemUInt32', ID = '225'
Method 'A0SystemBooleanA0SystemSZArrayHelperContainsA0SystemUInt32A0SystemUInt32', ID = '226'
Method 'A0SystemBooleanA0SystemSZArrayHelperget_IsReadOnlyA0SystemUInt32', ID = '227'
Method 'A0SystemVoidA0SystemSZArrayHelperClearA0SystemUInt32', ID = '228'
Method 'A0SystemInt32A0SystemSZArrayHelperIndexOfA0SystemUInt32A0SystemUInt32', ID = '229'
Method 'A0SystemVoidA0SystemSZArrayHelperInsertA0SystemUInt32A0SystemInt32A0SystemUInt32', ID = '230'
Method 'A0SystemBooleanA0SystemSZArrayHelperRemoveA0SystemUInt32A0SystemUInt32', ID = '231'
Method 'A0SystemVoidA0SystemSZArrayHelperRemoveAtA0SystemUInt32A0SystemInt32', ID = '232'
Method 'A0SystemBooleanA0SystemStringIsNullOrEmptyA0SystemString', ID = '244'
Method 'A0SystemVoidA0SystemStringFillStringCheckedA0SystemStringA0SystemInt32A0SystemString', ID = '247'
Method 'A0SystemVoidA10CosmosDebugKernelPlugsAsmDebuggerAsmDoBochsBreak', ID = '248'
Method 'SystemVoidA1CosmosCoreGCImplementationcctor', ID = '249'
Method 'A0SystemBooleanA1CosmosCoreMultibootMultiboot2MemoryMapExists', ID = '252'
Method 'A1CosmosCoreMultibootTagsMemoryMappointerA1CosmosCoreMultibootMultiboot2get_MemoryMap', ID = '253'
Method 'A0SystemUInt32A12CosmosCore_AsmCPUImplGetEndOfKernel', ID = '256'
Method 'A0SystemVoidA1CosmosCoreMemoryHeapInit', ID = '267'
Method 'A0SystemUInt32A1CosmosCoreMemoryRATGetFirstRATIndexA0SystemVoidpointer', ID = '270'
Method 'A0SystemBooleanA1CosmosCoreCPUDisableInterrupts', ID = '272'
Method 'A0SystemBytepointerA1CosmosCoreMemoryHeapSmallAllocA0SystemUInt16', ID = '275'
Method 'A0SystemBytepointerA1CosmosCoreMemoryHeapMediumAllocA0SystemUInt32', ID = '276'
Method 'A0SystemBytepointerA1CosmosCoreMemoryHeapLargeAllocA0SystemUInt32A1CosmosCoreMemoryRATPageType', ID = '277'
Method 'SystemVoidA0SystemSystemExceptionctorA0SystemString', ID = '279'
Method 'A0SystemVoidA0SystemExceptionset_HResultA0SystemInt32', ID = '280'
Method 'SystemVoidA0SystemArithmeticExceptionctorA0SystemString', ID = '282'
Method 'A0SystemStringA0SystemSRget_Arg_ArgumentOutOfRangeException', ID = '285'
Method 'SystemVoidA0SystemArgumentExceptionctorA0SystemStringA0SystemString', ID = '286'
Method 'A0SystemVoidA2CosmosCore_PlugsSystemObjectImplCtor', ID = '287'
Method 'A0A0SystemCollectionsGenericIEnumerator1A0SystemDelegateA0SystemSZArrayHelperGetEnumeratorA0SystemDelegate', ID = '290'
Method 'A0SystemVoidA0SystemSZArrayHelperCopyToA0SystemDelegateA0A0SystemDelegatearrayA0SystemInt32', ID = '291'
Method 'A0SystemInt32A0SystemSZArrayHelperget_CountA0SystemDelegate', ID = '292'
Method 'A0SystemDelegateA0SystemSZArrayHelperget_ItemA0SystemDelegateA0SystemInt32', ID = '293'
Method 'A0SystemVoidA0SystemSZArrayHelperset_ItemA0SystemDelegateA0SystemInt32A0SystemDelegate', ID = '294'
Method 'A0SystemVoidA0SystemSZArrayHelperAddA0SystemDelegateA0SystemDelegate', ID = '295'
Method 'A0SystemBooleanA0SystemSZArrayHelperContainsA0SystemDelegateA0SystemDelegate', ID = '296'
Method 'A0SystemBooleanA0SystemSZArrayHelperget_IsReadOnlyA0SystemDelegate', ID = '297'
Method 'A0SystemVoidA0SystemSZArrayHelperClearA0SystemDelegate', ID = '298'
Method 'A0SystemInt32A0SystemSZArrayHelperIndexOfA0SystemDelegateA0SystemDelegate', ID = '299'
Method 'A0SystemVoidA0SystemSZArrayHelperInsertA0SystemDelegateA0SystemInt32A0SystemDelegate', ID = '300'
Method 'A0SystemBooleanA0SystemSZArrayHelperRemoveA0SystemDelegateA0SystemDelegate', ID = '301'
Method 'A0SystemVoidA0SystemSZArrayHelperRemoveAtA0SystemDelegateA0SystemInt32', ID = '302'
Method 'A0A0SystemCollectionsGenericIEnumerator1A0SystemObjectA0SystemSZArrayHelperGetEnumeratorA0SystemObject', ID = '309'
Method 'A0SystemVoidA0SystemSZArrayHelperCopyToA0SystemObjectA0A0SystemObjectarrayA0SystemInt32', ID = '310'
Method 'A0SystemInt32A0SystemSZArrayHelperget_CountA0SystemObject', ID = '311'
Method 'A0SystemObjectA0SystemSZArrayHelperget_ItemA0SystemObjectA0SystemInt32', ID = '312'
Method 'A0SystemVoidA0SystemSZArrayHelperset_ItemA0SystemObjectA0SystemInt32A0SystemObject', ID = '313'
Method 'A0SystemVoidA0SystemSZArrayHelperAddA0SystemObjectA0SystemObject', ID = '314'
Method 'A0SystemBooleanA0SystemSZArrayHelperContainsA0SystemObjectA0SystemObject', ID = '315'
Method 'A0SystemBooleanA0SystemSZArrayHelperget_IsReadOnlyA0SystemObject', ID = '316'
Method 'A0SystemVoidA0SystemSZArrayHelperClearA0SystemObject', ID = '317'
Method 'A0SystemInt32A0SystemSZArrayHelperIndexOfA0SystemObjectA0SystemObject', ID = '318'
Method 'A0SystemVoidA0SystemSZArrayHelperInsertA0SystemObjectA0SystemInt32A0SystemObject', ID = '319'
Method 'A0SystemBooleanA0SystemSZArrayHelperRemoveA0SystemObjectA0SystemObject', ID = '320'
Method 'A0SystemVoidA0SystemSZArrayHelperRemoveAtA0SystemObjectA0SystemInt32', ID = '321'
Method 'A0SystemStringA0SystemSRget_Arg_InvalidCastException', ID = '329'
Method 'SystemVoidA0SystemArithmeticExceptionctor', ID = '355'
Method 'A0SystemStringA0SystemSRget_Arg_DivideByZero', ID = '357'
Method 'A0SystemStringA0SystemSRget_Arg_IndexOutOfRangeException', ID = '359'
Method 'SystemVoidA9sanCoreKernelcctor', ID = '360'
Method 'SystemVoidA5CosmosDebugKernelDebuggerctorA0SystemString', ID = '361'
Method 'A5CosmosDebugKernelDebuggerA5CosmosDebugKernelDebuggerFactoryCreateDebuggerA0SystemString', ID = '362'
Method 'A0SystemVoidA10CosmosDebugKernelPlugsAsmDebuggerAsmDoSendA0SystemString', ID = '363'
Method 'A0SystemVoidA1CosmosCoreMultibootMultiboot2Init', ID = '371'
Method 'A0SystemVoidA1CosmosCoreINTsDummy', ID = '372'
Method 'SystemVoidA1CosmosCorePICctor', ID = '373'
Method 'SystemVoidA4CosmosSystemConsolectorA6CosmosHALTextScreenBase', ID = '379'
Method 'A0SystemVoidA6CosmosHALGlobalInitA6CosmosHALTextScreenBaseA0SystemBooleanA0SystemBooleanA0SystemBooleanA0SystemBoolean', ID = '381'
Method 'A0SystemVoidA4CosmosSystemNetworkNetworkStackInitialize', ID = '382'
Method 'A0SystemVoidA4CosmosSystemGlobalset_NumLockA0SystemBoolean', ID = '383'
Method 'A0SystemVoidA4CosmosSystemGlobalset_CapsLockA0SystemBoolean', ID = '384'
Method 'A0SystemVoidA4CosmosSystemGlobalset_ScrollLockA0SystemBoolean', ID = '385'
Method 'A0SystemVoidA4CosmosSystemGraphicsVGAScreenSetTextModeA6CosmosHALDriversVideoVGADriverTextSize', ID = '386'
Method 'A0SystemTextEncodingProviderA4CosmosSystemExtendedASCIICosmosEncodingProviderget_Instance', ID = '387'
Method 'A0SystemVoidA9sanCoreKernelDrawSplash', ID = '390'
Method 'A0SystemVoidA9sanCoreKernelWaitMSA0SystemInt32', ID = '391'
Method 'A0SystemVoidA9sanCoreKernelBootMessage', ID = '392'
Method 'SystemVoidA6CosmosHALGlobalcctor', ID = '393'
Method 'A0SystemVoidA7SystemConsoleWriteA0SystemString', ID = '397'
Method 'A0SystemVoidA9sanCorecoreCommandAcceptCmd', ID = '399'
Method 'A0A0SystemBuffersArrayPool1A0SystemCharA2A2CosmosCore_PlugsSystemBuffersArrayPoolImpl1A0SystemCharget_Shared', ID = '404'
Method 'A0SystemInt32A0SystemMathMaxA0SystemInt32A0SystemInt32', ID = '405'
Method 'SystemVoidA0A0SystemSpan1A0SystemCharctorA0A0SystemChararray', ID = '406'
Method 'A0SystemInt32A2CosmosCore_PlugsSystemStringImplget_LengthA0SystemInt32', ID = '407'
Method 'A0SystemVoidA0SystemThrowHelperThrowIndexOutOfRangeException', ID = '409'
Method 'A0SystemCharA0A0SystemByReference1A0SystemCharget_Value', ID = '410'
Method 'A0SystemCharA0InternalRuntimeCompilerServicesUnsafeAddA0SystemCharA0SystemCharA0SystemIntPtr', ID = '411'
Method 'A0SystemCharA2CosmosCore_PlugsSystemStringImplget_CharsA0SystemInt32A0SystemCharpointer', ID = '412'
Method 'A0SystemVoidA0SystemRuntimeCompilerServicesDefaultInterpolatedStringHandlerGrowA0SystemInt32', ID = '413'
Method 'A0SystemVoidA0SystemStringCopyToA0A0SystemSpan1A0SystemChar', ID = '414'
Method 'A0SystemBooleanA0SystemStringTryCopyToA0A0SystemSpan1A0SystemChar', ID = '418'
Method 'A0SystemVoidA0SystemRuntimeCompilerServicesDefaultInterpolatedStringHandlerGrowCoreA0SystemUInt32', ID = '423'
Method 'A0SystemVoidA0SystemThrowHelperThrowArgumentOutOfRangeException', ID = '424'
Method 'SystemVoidA0A0SystemSpan1A0SystemCharctorA0SystemCharA0SystemInt32', ID = '425'
Method 'A0SystemBooleanA0SystemUInt32TryFormatA0A0SystemSpan1A0SystemCharA0SystemInt32A0A0SystemReadOnlySpan1A0SystemCharA0SystemIFormatProvider', ID = '428'
Method 'A0SystemBooleanA0SystemInt32TryFormatA0A0SystemSpan1A0SystemCharA0SystemInt32A0A0SystemReadOnlySpan1A0SystemCharA0SystemIFormatProvider', ID = '429'
Method 'A0SystemBooleanA0SystemDoubleTryFormatA0A0SystemSpan1A0SystemCharA0SystemInt32A0A0SystemReadOnlySpan1A0SystemCharA0SystemIFormatProvider', ID = '430'
Method 'A0SystemBooleanA0SystemCharSystemISpanFormattableTryFormatA0A0SystemSpan1A0SystemCharA0SystemInt32A0A0SystemReadOnlySpan1A0SystemCharA0SystemIFormatProvider', ID = '431'
Method 'A0SystemBooleanA0SystemUInt64TryFormatA0A0SystemSpan1A0SystemCharA0SystemInt32A0A0SystemReadOnlySpan1A0SystemCharA0SystemIFormatProvider', ID = '432'
Method 'A0SystemBooleanA0SystemIntPtrTryFormatA0A0SystemSpan1A0SystemCharA0SystemInt32A0A0SystemReadOnlySpan1A0SystemCharA0SystemIFormatProvider', ID = '433'
Method 'A0SystemBooleanA0SystemUIntPtrTryFormatA0A0SystemSpan1A0SystemCharA0SystemInt32A0A0SystemReadOnlySpan1A0SystemCharA0SystemIFormatProvider', ID = '434'
Method 'A0SystemStringA0SystemCharSystemIFormattableToStringA0SystemStringA0SystemIFormatProvider', ID = '438'
Method 'A0SystemStringA0SystemUInt64ToStringA0SystemStringA0SystemIFormatProvider', ID = '439'
Method 'A0SystemStringA0SystemIntPtrToStringA0SystemStringA0SystemIFormatProvider', ID = '440'
Method 'A0SystemStringA0SystemUIntPtrToStringA0SystemStringA0SystemIFormatProvider', ID = '441'
Method 'A0A0SystemSpan1A0SystemCharA0A0SystemSpan1A0SystemCharSliceA0SystemInt32A0SystemInt32', ID = '442'
Method 'A0A0SystemReadOnlySpan1A0SystemCharA0A0SystemSpan1A0SystemCharop_ImplicitA0A0SystemSpan1A0SystemChar', ID = '443'
Method 'A0SystemVoidA2CosmosCore_PlugsSystemStringImplCtorA0A0SystemReadOnlySpan1A0SystemCharA0SystemStringA0SystemInt32A0SystemCharpointer', ID = '444'
Method 'A0SystemStringA0SystemEnumToStringA0SystemStringA0SystemIFormatProvider', ID = '447'
Method 'SystemVoidA7SystemConsolecctor', ID = '448'
Method 'A0SystemVoidA4CosmosSystemConsoleset_ForegroundA7SystemConsoleColor', ID = '451'
Method 'A0SystemIOTextWriterA3CosmosSystem_PlugsSystemConsoleImplget_Out', ID = '453'
Method 'A0SystemVoidA0SystemIOTextWriterWriteA0SystemString', ID = '454'
Method 'A0SystemStringA3CosmosSystem_PlugsSystemUInt32ImplToString', ID = '456'
Method 'A0SystemStringA3CosmosSystem_PlugsSystemInt32ImplToString', ID = '457'
Method 'A0SystemStringA3CosmosSystem_PlugsSystemDoubleImplToString', ID = '458'
Method 'A0SystemStringA2CosmosCore_PlugsSystemExceptionImplToString', ID = '459'
Method 'A0SystemCharA0InternalRuntimeCompilerServicesUnsafeAsA0SystemCharA0SystemCharA0SystemChar', ID = '461'
Method 'SystemVoidA0A0SystemReadOnlySpan1A0SystemCharctorA0SystemCharA0SystemInt32', ID = '462'
Method 'A0SystemVoidA0SystemRuntimeCompilerServicesDefaultInterpolatedStringHandlerAppendFormattedA0SystemString', ID = '464'
Method 'A0SystemVoidA0SystemRuntimeCompilerServicesDefaultInterpolatedStringHandlerAppendFormattedA0SystemInt32A0SystemInt32', ID = '465'
Method 'A0SystemStringA3CosmosSystem_PlugsSystemEnumImplToString', ID = '466'
Method 'A0A0SystemUInt32arrayA0InternalRuntimeCompilerServicesUnsafeAsA0A0SystemUInt32arrayA0SystemObject', ID = '471'
Method 'SystemVoidA0A0SystemSZGenericArrayEnumerator1A0SystemUInt32ctorA0A0SystemUInt32array', ID = '472'
Method 'A0SystemVoidA0SystemThrowHelperThrowArgumentOutOfRange_IndexException', ID = '476'
Method 'A0SystemVoidA0SystemThrowHelperThrowNotSupportedExceptionA0SystemExceptionResource', ID = '477'
Method 'A0SystemInt32A0SystemArrayIndexOfA0SystemUInt32A0A0SystemUInt32arrayA0SystemUInt32A0SystemInt32A0SystemInt32', ID = '478'
Method 'A0A0SystemCollectionsGenericIEnumerator1A0SystemUInt32A8A8CosmosIL2CPUSZArrayImpl1A0SystemUInt32GetEnumerator', ID = '479'
Method 'A0SystemVoidA8A8CosmosIL2CPUSZArrayImpl1A0SystemUInt32CopyToA0A0SystemUInt32arrayA0SystemInt32', ID = '480'
Method 'A0SystemInt32A8A8CosmosIL2CPUSZArrayImpl1A0SystemUInt32get_Count', ID = '481'
Method 'A0SystemUInt32A8A8CosmosIL2CPUSZArrayImpl1A0SystemUInt32get_ItemA0SystemInt32', ID = '482'
Method 'A0SystemVoidA8A8CosmosIL2CPUSZArrayImpl1A0SystemUInt32set_ItemA0SystemInt32A0SystemUInt32', ID = '483'
Method 'A0SystemVoidA8A8CosmosIL2CPUSZArrayImpl1A0SystemUInt32AddA0SystemUInt32', ID = '484'
Method 'A0SystemBooleanA8A8CosmosIL2CPUSZArrayImpl1A0SystemUInt32ContainsA0SystemUInt32', ID = '485'
Method 'A0SystemBooleanA8A8CosmosIL2CPUSZArrayImpl1A0SystemUInt32get_IsReadOnly', ID = '486'
Method 'A0SystemVoidA8A8CosmosIL2CPUSZArrayImpl1A0SystemUInt32Clear', ID = '487'
Method 'A0SystemInt32A8A8CosmosIL2CPUSZArrayImpl1A0SystemUInt32IndexOfA0SystemUInt32', ID = '488'
Method 'A0SystemVoidA8A8CosmosIL2CPUSZArrayImpl1A0SystemUInt32InsertA0SystemInt32A0SystemUInt32', ID = '489'
Method 'A0SystemVoidA8A8CosmosIL2CPUSZArrayImpl1A0SystemUInt32RemoveAtA0SystemInt32', ID = '490'
Method 'A0SystemBooleanA8A8CosmosIL2CPUSZArrayImpl1A0SystemUInt32get_IsFixedSize', ID = '491'
Method 'A0SystemVoidA8A8CosmosIL2CPUSZArrayImpl1A0SystemUInt32RemoveA0SystemUInt32', ID = '492'
Method 'A0SystemObjectA8A8CosmosIL2CPUSZArrayImpl1A0SystemUInt32get_SyncRoot', ID = '493'
Method 'A0SystemBooleanA8A8CosmosIL2CPUSZArrayImpl1A0SystemUInt32get_IsSynchronized', ID = '494'
Method 'A0SystemBooleanA0SystemObjectEqualsA0SystemObject', ID = '495'
Method 'A0SystemStringA0SystemCharToString', ID = '497'
Method 'A0SystemStringA2CosmosCore_PlugsSystemStringImplFastAllocateStringA0SystemInt32', ID = '523'
Method 'A0SystemVoidA0SystemBufferMemmoveA0SystemCharA0SystemCharA0SystemCharA0SystemUIntPtr', ID = '524'
Method 'SystemVoidA1CosmosCoreMemoryRATcctor', ID = '554'
Method 'A0SystemVoidA10CosmosDebugKernelPlugsAsmDebuggerAsmDoSendNumberA0SystemUInt32', ID = '555'
Method 'A0SystemUInt32A1CosmosCoreMemoryHeapGetStringTypeID', ID = '556'
Method 'A0SystemVoidA1CosmosCoreMemoryHeapSmallInit', ID = '560'
Method 'A0SystemVoidA1CosmosCoreMemoryHeapMediumInit', ID = '561'
Method 'A0SystemVoidA1CosmosCoreMemoryHeapLargeInit', ID = '562'
Method 'A1CosmosCoreMemorySMTBlockpointerA1CosmosCoreMemoryHeapSmallGetFirstWithSpaceA0SystemUInt32', ID = '566'
Method 'A0SystemUInt32A1CosmosCoreMemoryHeapSmallGetRoundedSizeA0SystemUInt32', ID = '568'
Method 'A0SystemVoidA1CosmosCoreMemoryHeapSmallCreatePageA1CosmosCoreMemorySMTPagepointerA0SystemUInt32', ID = '569'
Method 'A0SystemVoidpointerA1CosmosCoreMemoryRATAllocPagesA1CosmosCoreMemoryRATPageTypeA0SystemUInt32', ID = '574'
Method 'A0SystemStringA0SystemSRGetResourceStringA0SystemString', ID = '579'
Method 'A0A0SystemDelegatearrayA0InternalRuntimeCompilerServicesUnsafeAsA0A0SystemDelegatearrayA0SystemObject', ID = '606'
Method 'SystemVoidA0A0SystemSZGenericArrayEnumerator1A0SystemDelegatectorA0A0SystemDelegatearray', ID = '607'
Method 'A0SystemInt32A0SystemArrayIndexOfA0SystemDelegateA0A0SystemDelegatearrayA0SystemDelegateA0SystemInt32A0SystemInt32', ID = '610'
Method 'A0A0SystemCollectionsGenericIEnumerator1A0SystemDelegateA8A8CosmosIL2CPUSZArrayImpl1A0SystemDelegateGetEnumerator', ID = '611'
Method 'A0SystemVoidA8A8CosmosIL2CPUSZArrayImpl1A0SystemDelegateCopyToA0A0SystemDelegatearrayA0SystemInt32', ID = '612'
Method 'A0SystemInt32A8A8CosmosIL2CPUSZArrayImpl1A0SystemDelegateget_Count', ID = '613'
Method 'A0SystemDelegateA8A8CosmosIL2CPUSZArrayImpl1A0SystemDelegateget_ItemA0SystemInt32', ID = '614'
Method 'A0SystemVoidA8A8CosmosIL2CPUSZArrayImpl1A0SystemDelegateset_ItemA0SystemInt32A0SystemDelegate', ID = '615'
Method 'A0SystemVoidA8A8CosmosIL2CPUSZArrayImpl1A0SystemDelegateAddA0SystemDelegate', ID = '616'
Method 'A0SystemBooleanA8A8CosmosIL2CPUSZArrayImpl1A0SystemDelegateContainsA0SystemDelegate', ID = '617'
Method 'A0SystemBooleanA8A8CosmosIL2CPUSZArrayImpl1A0SystemDelegateget_IsReadOnly', ID = '618'
Method 'A0SystemVoidA8A8CosmosIL2CPUSZArrayImpl1A0SystemDelegateClear', ID = '619'
Method 'A0SystemInt32A8A8CosmosIL2CPUSZArrayImpl1A0SystemDelegateIndexOfA0SystemDelegate', ID = '620'
Method 'A0SystemVoidA8A8CosmosIL2CPUSZArrayImpl1A0SystemDelegateInsertA0SystemInt32A0SystemDelegate', ID = '621'
Method 'A0SystemVoidA8A8CosmosIL2CPUSZArrayImpl1A0SystemDelegateRemoveAtA0SystemInt32', ID = '622'
Method 'A0SystemBooleanA8A8CosmosIL2CPUSZArrayImpl1A0SystemDelegateget_IsFixedSize', ID = '623'
Method 'A0SystemVoidA8A8CosmosIL2CPUSZArrayImpl1A0SystemDelegateRemoveA0SystemDelegate', ID = '624'
Method 'A0SystemObjectA8A8CosmosIL2CPUSZArrayImpl1A0SystemDelegateget_SyncRoot', ID = '625'
Method 'A0SystemBooleanA8A8CosmosIL2CPUSZArrayImpl1A0SystemDelegateget_IsSynchronized', ID = '626'
Method 'A0A0SystemObjectarrayA0InternalRuntimeCompilerServicesUnsafeAsA0A0SystemObjectarrayA0SystemObject', ID = '628'
Method 'SystemVoidA0A0SystemSZGenericArrayEnumerator1A0SystemObjectctorA0A0SystemObjectarray', ID = '629'
Method 'A0SystemInt32A0SystemArrayIndexOfA0SystemObjectA0A0SystemObjectarrayA0SystemObjectA0SystemInt32A0SystemInt32', ID = '632'
Method 'A0A0SystemCollectionsGenericIEnumerator1A0SystemObjectA8A8CosmosIL2CPUSZArrayImpl1A0SystemObjectGetEnumerator', ID = '633'
Method 'A0SystemVoidA8A8CosmosIL2CPUSZArrayImpl1A0SystemObjectCopyToA0A0SystemObjectarrayA0SystemInt32', ID = '634'
Method 'A0SystemInt32A8A8CosmosIL2CPUSZArrayImpl1A0SystemObjectget_Count', ID = '635'
Method 'A0SystemObjectA8A8CosmosIL2CPUSZArrayImpl1A0SystemObjectget_ItemA0SystemInt32', ID = '636'
Method 'A0SystemVoidA8A8CosmosIL2CPUSZArrayImpl1A0SystemObjectset_ItemA0SystemInt32A0SystemObject', ID = '637'
Method 'A0SystemVoidA8A8CosmosIL2CPUSZArrayImpl1A0SystemObjectAddA0SystemObject', ID = '638'
Method 'A0SystemBooleanA8A8CosmosIL2CPUSZArrayImpl1A0SystemObjectContainsA0SystemObject', ID = '639'
Method 'A0SystemBooleanA8A8CosmosIL2CPUSZArrayImpl1A0SystemObjectget_IsReadOnly', ID = '640'
Method 'A0SystemVoidA8A8CosmosIL2CPUSZArrayImpl1A0SystemObjectClear', ID = '641'
Method 'A0SystemInt32A8A8CosmosIL2CPUSZArrayImpl1A0SystemObjectIndexOfA0SystemObject', ID = '642'
Method 'A0SystemVoidA8A8CosmosIL2CPUSZArrayImpl1A0SystemObjectInsertA0SystemInt32A0SystemObject', ID = '643'
Method 'A0SystemVoidA8A8CosmosIL2CPUSZArrayImpl1A0SystemObjectRemoveAtA0SystemInt32', ID = '644'
Method 'A0SystemBooleanA8A8CosmosIL2CPUSZArrayImpl1A0SystemObjectget_IsFixedSize', ID = '645'
Method 'A0SystemVoidA8A8CosmosIL2CPUSZArrayImpl1A0SystemObjectRemoveA0SystemObject', ID = '646'
Method 'A0SystemObjectA8A8CosmosIL2CPUSZArrayImpl1A0SystemObjectget_SyncRoot', ID = '647'
Method 'A0SystemBooleanA8A8CosmosIL2CPUSZArrayImpl1A0SystemObjectget_IsSynchronized', ID = '648'
Method 'A0SystemStringA0SystemSRget_Arg_ArithmeticException', ID = '649'
Method 'SystemVoidA5CosmosDebugKernelConsoleDebuggerctorA0SystemString', ID = '654'
Method 'A0A0SystemCollectionsGenericIEnumerator1A0SystemByteA0SystemSZArrayHelperGetEnumeratorA0SystemByte', ID = '657'
Method 'A0SystemVoidA0SystemSZArrayHelperCopyToA0SystemByteA0A0SystemBytearrayA0SystemInt32', ID = '658'
Method 'A0SystemInt32A0SystemSZArrayHelperget_CountA0SystemByte', ID = '659'
Method 'A0SystemByteA0SystemSZArrayHelperget_ItemA0SystemByteA0SystemInt32', ID = '660'
Method 'A0SystemVoidA0SystemSZArrayHelperset_ItemA0SystemByteA0SystemInt32A0SystemByte', ID = '661'
Method 'A0SystemVoidA0SystemSZArrayHelperAddA0SystemByteA0SystemByte', ID = '662'
Method 'A0SystemBooleanA0SystemSZArrayHelperContainsA0SystemByteA0SystemByte', ID = '663'
Method 'A0SystemBooleanA0SystemSZArrayHelperget_IsReadOnlyA0SystemByte', ID = '664'
Method 'A0SystemVoidA0SystemSZArrayHelperClearA0SystemByte', ID = '665'
Method 'A0SystemInt32A0SystemSZArrayHelperIndexOfA0SystemByteA0SystemByte', ID = '666'
Method 'A0SystemVoidA0SystemSZArrayHelperInsertA0SystemByteA0SystemInt32A0SystemByte', ID = '667'
Method 'A0SystemBooleanA0SystemSZArrayHelperRemoveA0SystemByteA0SystemByte', ID = '668'
Method 'A0SystemVoidA0SystemSZArrayHelperRemoveAtA0SystemByteA0SystemInt32', ID = '669'
Method 'A0SystemVoidA1CosmosCoreMultibootMultiboot2set_BasicMemoryInformationA1CosmosCoreMultibootTagsBasicMemoryInformationpointer', ID = '704'
Method 'A0SystemVoidA1CosmosCoreMultibootMultiboot2set_MemoryMapA1CosmosCoreMultibootTagsMemoryMappointer', ID = '705'
Method 'A0SystemVoidA1CosmosCoreMultibootMultiboot2set_FramebufferA1CosmosCoreMultibootTagsFramebufferpointer', ID = '706'
Method 'A0SystemVoidA1CosmosCoreMultibootMultiboot2set_EFI64A1CosmosCoreMultibootTagsEFI64pointer', ID = '707'
Method 'A0SystemVoidA1CosmosCoreMultibootMultiboot2set_AcpiOldA1CosmosCoreMultibootTagsAcpiOldpointer', ID = '708'
Method 'A0SystemVoidA1CosmosCoreMultibootMultiboot2set_AcpiNewA1CosmosCoreMultibootTagsAcpiNewpointer', ID = '709'
Method 'A0SystemVoidA1CosmosCoreINTsHandleInterrupt_DefaultA1CosmosCoreINTsIRQContext', ID = '712'
Method 'A0SystemVoidA1CosmosCoreINTsHandleInterrupt_00A1CosmosCoreINTsIRQContext', ID = '713'
Method 'A0SystemVoidA1CosmosCoreINTsHandleInterrupt_01A1CosmosCoreINTsIRQContext', ID = '714'
Method 'A0SystemVoidA1CosmosCoreINTsHandleInterrupt_02A1CosmosCoreINTsIRQContext', ID = '715'
Method 'A0SystemVoidA1CosmosCoreINTsHandleInterrupt_03A1CosmosCoreINTsIRQContext', ID = '716'
Method 'A0SystemVoidA1CosmosCoreINTsHandleInterrupt_04A1CosmosCoreINTsIRQContext', ID = '717'
Method 'A0SystemVoidA1CosmosCoreINTsHandleInterrupt_05A1CosmosCoreINTsIRQContext', ID = '718'
Method 'A0SystemVoidA1CosmosCoreINTsHandleInterrupt_06A1CosmosCoreINTsIRQContext', ID = '719'
Method 'A0SystemVoidA1CosmosCoreINTsHandleInterrupt_07A1CosmosCoreINTsIRQContext', ID = '720'
Method 'A0SystemVoidA1CosmosCoreINTsHandleInterrupt_08A1CosmosCoreINTsIRQContext', ID = '721'
Method 'A0SystemVoidA1CosmosCoreINTsHandleInterrupt_09A1CosmosCoreINTsIRQContext', ID = '722'
Method 'A0SystemVoidA1CosmosCoreINTsHandleInterrupt_0AA1CosmosCoreINTsIRQContext', ID = '723'
Method 'A0SystemVoidA1CosmosCoreINTsHandleInterrupt_0BA1CosmosCoreINTsIRQContext', ID = '724'
Method 'A0SystemVoidA1CosmosCoreINTsHandleInterrupt_0CA1CosmosCoreINTsIRQContext', ID = '725'
Method 'A0SystemVoidA1CosmosCoreINTsHandleInterrupt_0DA1CosmosCoreINTsIRQContext', ID = '726'
Method 'A0SystemVoidA1CosmosCoreINTsHandleInterrupt_0EA1CosmosCoreINTsIRQContext', ID = '727'
Method 'A0SystemVoidA1CosmosCoreINTsHandleInterrupt_0FA1CosmosCoreINTsIRQContext', ID = '728'
Method 'A0SystemVoidA1CosmosCoreINTsHandleInterrupt_10A1CosmosCoreINTsIRQContext', ID = '729'
Method 'A0SystemVoidA1CosmosCoreINTsHandleInterrupt_11A1CosmosCoreINTsIRQContext', ID = '730'
Method 'A0SystemVoidA1CosmosCoreINTsHandleInterrupt_12A1CosmosCoreINTsIRQContext', ID = '731'
Method 'A0SystemVoidA1CosmosCoreINTsHandleInterrupt_13A1CosmosCoreINTsIRQContext', ID = '732'
Method 'A0SystemVoidA1CosmosCoreINTsHandleInterrupt_20A1CosmosCoreINTsIRQContext', ID = '733'
Method 'A0SystemVoidA1CosmosCoreINTsHandleInterrupt_21A1CosmosCoreINTsIRQContext', ID = '734'
Method 'A0SystemVoidA1CosmosCoreINTsHandleInterrupt_22A1CosmosCoreINTsIRQContext', ID = '735'
Method 'A0SystemVoidA1CosmosCoreINTsHandleInterrupt_23A1CosmosCoreINTsIRQContext', ID = '736'
Method 'A0SystemVoidA1CosmosCoreINTsHandleInterrupt_24A1CosmosCoreINTsIRQContext', ID = '737'
Method 'A0SystemVoidA1CosmosCoreINTsHandleInterrupt_25A1CosmosCoreINTsIRQContext', ID = '738'
Method 'A0SystemVoidA1CosmosCoreINTsHandleInterrupt_26A1CosmosCoreINTsIRQContext', ID = '739'
Method 'A0SystemVoidA1CosmosCoreINTsHandleInterrupt_27A1CosmosCoreINTsIRQContext', ID = '740'
Method 'A0SystemVoidA1CosmosCoreINTsHandleInterrupt_28A1CosmosCoreINTsIRQContext', ID = '741'
Method 'A0SystemVoidA1CosmosCoreINTsHandleInterrupt_29A1CosmosCoreINTsIRQContext', ID = '742'
Method 'A0SystemVoidA1CosmosCoreINTsHandleInterrupt_2AA1CosmosCoreINTsIRQContext', ID = '743'
Method 'A0SystemVoidA1CosmosCoreINTsHandleInterrupt_2BA1CosmosCoreINTsIRQContext', ID = '744'
Method 'A0SystemVoidA1CosmosCoreINTsHandleInterrupt_2CA1CosmosCoreINTsIRQContext', ID = '745'
Method 'A0SystemVoidA1CosmosCoreINTsHandleInterrupt_2DA1CosmosCoreINTsIRQContext', ID = '746'
Method 'A0SystemVoidA1CosmosCoreINTsHandleInterrupt_2EA1CosmosCoreINTsIRQContext', ID = '747'
Method 'A0SystemVoidA1CosmosCoreINTsHandleInterrupt_2FA1CosmosCoreINTsIRQContext', ID = '748'
Method 'A0SystemVoidA1CosmosCoreINTsHandleInterrupt_30A1CosmosCoreINTsIRQContext', ID = '749'
Method 'A0SystemVoidA1CosmosCoreINTsHandleInterrupt_35A1CosmosCoreINTsIRQContext', ID = '750'
Method 'A0SystemVoidA1CosmosCoreINTsHandleInterrupt_40A1CosmosCoreINTsIRQContext', ID = '751'
Method 'A0SystemVoidA1CosmosCoreINTsHandleInterrupt_41A1CosmosCoreINTsIRQContext', ID = '752'
Method 'A0SystemVoidA1CosmosCoreINTsHandleInterrupt_42A1CosmosCoreINTsIRQContext', ID = '753'
Method 'A0SystemVoidA1CosmosCoreINTsHandleInterrupt_43A1CosmosCoreINTsIRQContext', ID = '754'
Method 'A0SystemVoidA1CosmosCoreINTsHandleInterrupt_44A1CosmosCoreINTsIRQContext', ID = '755'
Method 'A0SystemVoidA1CosmosCoreINTsHandleInterrupt_45A1CosmosCoreINTsIRQContext', ID = '756'
Method 'A0SystemVoidA1CosmosCoreINTsHandleInterrupt_46A1CosmosCoreINTsIRQContext', ID = '757'
Method 'A0SystemVoidA1CosmosCoreINTsHandleInterrupt_47A1CosmosCoreINTsIRQContext', ID = '758'
Method 'A0SystemVoidA1CosmosCoreINTsHandleInterrupt_48A1CosmosCoreINTsIRQContext', ID = '759'
Method 'A0SystemVoidA1CosmosCoreINTsHandleInterrupt_49A1CosmosCoreINTsIRQContext', ID = '760'
Method 'SystemVoidA1CosmosCoreIOGroupPICctorA0SystemBoolean', ID = '762'
Method 'A0SystemVoidA1CosmosCorePICRemapA0SystemByteA0SystemByteA0SystemByteA0SystemByte', ID = '763'
Method 'A0SystemVoidA12CosmosCore_AsmCPUImplUpdateIDTA0SystemBoolean', ID = '764'
Method 'A0SystemVoidA12CosmosCore_AsmCPUImplInitSSE', ID = '765'
Method 'A0SystemVoidA12CosmosCore_AsmCPUImplInitFloat', ID = '766'
Method 'SystemVoidA6CosmosHALTextScreenctor', ID = '769'
Method 'A0SystemVoidA1CosmosCoreGlobalInit', ID = '772'
Method 'A0SystemVoidA6CosmosHALPCISetup', ID = '774'
Method 'A0SystemVoidA1CosmosCoreACPIStartA0SystemBooleanA0SystemBoolean', ID = '775'
Method 'A0SystemVoidA6CosmosHALPS2ControllerInitializeA0SystemBoolean', ID = '777'
Method 'A0SystemVoidA6CosmosHALBlockDeviceIDEInitDriver', ID = '778'
Method 'A0SystemVoidA6CosmosHALBlockDeviceAHCIInitDriver', ID = '779'
Method 'A0SystemVoidA6CosmosHALNetworkNetworkInitInit', ID = '780'
Method 'A0SystemVoidA6CosmosHALSerialPortEnableA6CosmosHALCOMPortA6CosmosHALBaudRate', ID = '781'
Method 'SystemVoidA0A0SystemCollectionsGenericDictionary2A0SystemUInt32A6CosmosHALNetworkDevicector', ID = '783'
Method 'A0SystemVoidA4CosmosSystemNetworkNetworkStackset_AddressMapA0A0SystemCollectionsGenericDictionary2A0SystemUInt32A6CosmosHALNetworkDevice', ID = '784'
Method 'A0SystemVoidA4CosmosSystemNetworkNetworkStackset_MACMapA0A0SystemCollectionsGenericDictionary2A0SystemUInt32A6CosmosHALNetworkDevice', ID = '785'
Method 'A0SystemVoidA4CosmosSystemKeyboardManagerset_NumLockA0SystemBoolean', ID = '786'
Method 'A0SystemVoidA4CosmosSystemKeyboardManagerset_CapsLockA0SystemBoolean', ID = '787'
Method 'A0SystemVoidA4CosmosSystemKeyboardManagerset_ScrollLockA0SystemBoolean', ID = '788'
Method 'A0SystemVoidA6CosmosHALDriversVideoVGADriverSetTextModeA6CosmosHALDriversVideoVGADriverTextSize', ID = '792'
Method 'A0SystemTextEncodingA4CosmosSystemExtendedASCIICosmosEncodingProviderGetEncodingA0SystemInt32', ID = '797'
Method 'A0SystemVoidA3CosmosSystem_PlugsSystemConsoleImplset_OutputEncodingA0SystemTextEncoding', ID = '798'
Method 'A0SystemVoidA6CosmosHALPITWaitA0SystemUInt32', ID = '800'
Method 'SystemVoidA6CosmosHALPITctor', ID = '801'
Method 'SystemVoidA6CosmosHALPS2Controllerctor', ID = '802'
Method 'A0SystemVoidA12CosmosCore_AsmCPUImplDoEnableInterrupts', ID = '803'
Method 'A0SystemStringA3CosmosSystem_PlugsSystemIODirectoryImplGetCurrentDirectory', ID = '805'
Method 'A0SystemVoidA3CosmosSystem_PlugsSystemConsoleImplResetColor', ID = '806'
Method 'A0SystemStringA7SystemConsoleReadLine', ID = '808'
Method 'A0SystemVoidA9sanCoreCommandHistoryAddA0SystemString', ID = '809'
Method 'A0A0SystemStringarrayA0SystemStringSplitA0SystemStringA0SystemStringSplitOptions', ID = '810'
Method 'A0SystemUInt32A9PrivateImplementationDetailsComputeStringHashA0SystemString', ID = '811'
Method 'A0SystemBooleanA0SystemStringop_EqualityA0SystemStringA0SystemString', ID = '812'
Method 'A0SystemVoidA4CosmosSystemPowerShutdown', ID = '813'
Method 'A0SystemVoidA4CosmosSystemPowerReboot', ID = '814'
Method 'A0SystemVoidA9sanCoreManagerAdminAccess', ID = '815'
Method 'A0SystemVoidA9sanCoreManagerAdminLogout', ID = '816'
Method 'A0SystemInt32A0SystemStringIndexOfA0SystemChar', ID = '817'
Method 'A0SystemStringA0SystemStringRemoveA0SystemInt32A0SystemInt32', ID = '818'
Method 'A0SystemIOFileStreamA0SystemIOFileCreateA0SystemString', ID = '819'
Method 'A0SystemVoidA9sanCorecoreClockManagerShowClock', ID = '820'
Method 'A0SystemVoidA9sanCorecoreHardwareProfilerRunSystemCheck', ID = '821'
Method 'A0SystemBooleanA0SystemStringEndsWithA0SystemString', ID = '823'
Method 'A0SystemVoidA9sanCoreKernelerrorA0SystemString', ID = '824'
Method 'A0SystemStringA0SystemStringConcatA0SystemStringA0SystemStringA0SystemString', ID = '825'
Method 'A0SystemStringA9sanCoreKernelGetUptime', ID = '826'
Method 'A0SystemVoidA9sanCoreCommandHistoryShow', ID = '827'
Method 'A0SystemBooleanA0SystemStringIsNullOrWhiteSpaceA0SystemString', ID = '828'
Method 'A0A0SystemCollectionsGenericIEnumerator1A0SystemCharA0SystemSZArrayHelperGetEnumeratorA0SystemChar', ID = '829'
Method 'A0SystemVoidA0SystemSZArrayHelperCopyToA0SystemCharA0A0SystemChararrayA0SystemInt32', ID = '830'
Method 'A0SystemInt32A0SystemSZArrayHelperget_CountA0SystemChar', ID = '831'
Method 'A0SystemCharA0SystemSZArrayHelperget_ItemA0SystemCharA0SystemInt32', ID = '832'
Method 'A0SystemVoidA0SystemSZArrayHelperset_ItemA0SystemCharA0SystemInt32A0SystemChar', ID = '833'
Method 'A0SystemVoidA0SystemSZArrayHelperAddA0SystemCharA0SystemChar', ID = '834'
Method 'A0SystemBooleanA0SystemSZArrayHelperContainsA0SystemCharA0SystemChar', ID = '835'
Method 'A0SystemBooleanA0SystemSZArrayHelperget_IsReadOnlyA0SystemChar', ID = '836'
Method 'A0SystemVoidA0SystemSZArrayHelperClearA0SystemChar', ID = '837'
Method 'A0SystemInt32A0SystemSZArrayHelperIndexOfA0SystemCharA0SystemChar', ID = '838'
Method 'A0SystemVoidA0SystemSZArrayHelperInsertA0SystemCharA0SystemInt32A0SystemChar', ID = '839'
Method 'A0SystemBooleanA0SystemSZArrayHelperRemoveA0SystemCharA0SystemChar', ID = '840'
Method 'A0SystemVoidA0SystemSZArrayHelperRemoveAtA0SystemCharA0SystemInt32', ID = '841'
Method 'A0SystemStringA0A0SystemSpan1A0SystemCharToString', ID = '847'
Method 'SystemVoidA0A0SystemBuffersArrayPool1A0SystemCharcctor', ID = '848'
Method 'A0SystemBooleanA0SystemTypeget_IsValueType', ID = '852'
Method 'A0SystemVoidA0SystemThrowHelperThrowArrayTypeMismatchException', ID = '854'
Method 'A0SystemCharA0SystemRuntimeInteropServicesMemoryMarshalGetArrayDataReferenceA0SystemCharA0A0SystemChararray', ID = '855'
Method 'SystemVoidA0A0SystemByReference1A0SystemCharctorA0SystemChar', ID = '856'
Method 'A0SystemVoidA0SystemThrowHelperThrowArgumentException_DestinationTooShort', ID = '861'
Method 'A0SystemTypeA2CosmosCore_PlugsSystemTypeImplGetTypeFromHandleA0SystemUInt64', ID = '864'
Method 'A0SystemUInt32A0SystemMathMinA0SystemUInt32A0SystemUInt32', ID = '865'
Method 'A0SystemUInt32A0SystemMathMaxA0SystemUInt32A0SystemUInt32', ID = '866'
Method 'A0SystemUInt32A0SystemMathClampA0SystemUInt32A0SystemUInt32A0SystemUInt32', ID = '867'
Method 'A0SystemVoidA0A0SystemSpan1A0SystemCharCopyToA0A0SystemSpan1A0SystemChar', ID = '868'
Method 'SystemVoidA0SystemArgumentOutOfRangeExceptionctor', ID = '869'
Method 'A0SystemBooleanA0SystemNumberTryFormatUInt32A0SystemUInt32A0A0SystemReadOnlySpan1A0SystemCharA0SystemIFormatProviderA0A0SystemSpan1A0SystemCharA0SystemInt32', ID = '870'
Method 'A0SystemBooleanA0SystemNumberTryFormatInt32A0SystemInt32A0SystemInt32A0A0SystemReadOnlySpan1A0SystemCharA0SystemIFormatProviderA0A0SystemSpan1A0SystemCharA0SystemInt32', ID = '871'
Method 'A0SystemGlobalizationNumberFormatInfoA0SystemGlobalizationNumberFormatInfoGetInstanceA0SystemIFormatProvider', ID = '872'
Method 'A0SystemBooleanA0SystemNumberTryFormatDoubleA0SystemDoubleA0A0SystemReadOnlySpan1A0SystemCharA0SystemGlobalizationNumberFormatInfoA0A0SystemSpan1A0SystemCharA0SystemInt32', ID = '873'
Method 'A0SystemBooleanA0A0SystemSpan1A0SystemCharget_IsEmpty', ID = '874'
Method 'A0SystemBooleanA0SystemNumberTryFormatUInt64A0SystemUInt64A0A0SystemReadOnlySpan1A0SystemCharA0SystemIFormatProviderA0A0SystemSpan1A0SystemCharA0SystemInt32', ID = '875'
Method 'A0SystemBooleanA0SystemInt64TryFormatA0A0SystemSpan1A0SystemCharA0SystemInt32A0A0SystemReadOnlySpan1A0SystemCharA0SystemIFormatProvider', ID = '876'
Method 'A0SystemStringA3CosmosSystem_PlugsSystemUInt32ImplToStringA0SystemStringA0SystemIFormatProvider', ID = '877'
Method 'A0SystemStringA3CosmosSystem_PlugsSystemInt32ImplToStringA0SystemStringA0SystemIFormatProvider', ID = '878'
Method 'A0SystemStringA3CosmosSystem_PlugsSystemDoubleImplToStringA0SystemStringA0SystemIFormatProvider', ID = '879'
Method 'A0SystemStringA0SystemCharToStringA0SystemChar', ID = '880'
Method 'A0SystemStringA0SystemNumberFormatUInt64A0SystemUInt64A0SystemStringA0SystemIFormatProvider', ID = '881'
Method 'A0SystemInt32A0A0SystemReadOnlySpan1A0SystemCharget_Length', ID = '884'
Method 'A0SystemCharA0A0SystemReadOnlySpan1A0SystemCharget_ItemA0SystemInt32', ID = '885'
Method 'SystemVoidA3CosmosSystem_PlugsSystemConsoleImplcctor', ID = '888'
Method 'A7SystemConsoleColorA4CosmosSystemConsoleget_Background', ID = '889'
Method 'SystemVoidA0SystemIOTextWritercctor', ID = '892'
Method 'A0SystemIOStreamA3CosmosSystem_PlugsSystemConsoleImplOpenStandardOutput', ID = '896'
Method 'A0SystemIOTextWriterA3CosmosSystem_PlugsSystemConsoleImplCreateOutputWriterA0SystemIOStream', ID = '897'
Method 'A0SystemVoidA0SystemIOTextWriterWriteA0A0SystemChararray', ID = '899'
Method 'A0SystemTypeA2CosmosCore_PlugsSystemObjectImplGetType', ID = '900'
Method 'A0SystemStringA11CosmosCommonStringHelperGetNumberStringA0SystemUInt32', ID = '903'
Method 'A0SystemStringA11CosmosCommonStringHelperGetNumberStringA0SystemInt32', ID = '905'
Method 'A0SystemStringA11CosmosCommonStringHelperGetNumberStringA0SystemDouble', ID = '908'
Method 'A0SystemBooleanA2CosmosCore_PlugsSystemTypeImplop_EqualityA2CosmosCoreCosmosRuntimeTypeA2CosmosCoreCosmosRuntimeType', ID = '910'
Method 'A0SystemVoidA0SystemRuntimeCompilerServicesDefaultInterpolatedStringHandlerAppendFormattedSlowA0SystemString', ID = '911'
Method 'A0SystemVoidA0SystemRuntimeCompilerServicesDefaultInterpolatedStringHandlerAppendCustomFormatterA0SystemInt32A0SystemInt32A0SystemString', ID = '912'
Method 'SystemVoidA2CosmosCore_PlugsSystemObjectImplcctor', ID = '914'
Method 'SystemVoidA0A0SystemSZGenericArrayEnumerator1A0SystemUInt32cctor', ID = '916'
Method 'A0SystemVoidA12CosmosCore_AsmArrayImplCopyA0SystemArrayA0SystemInt32A0SystemArrayA0SystemInt32A0SystemInt32', ID = '917'
Method 'A0SystemArgumentOutOfRangeExceptionA0SystemThrowHelperGetArgumentOutOfRangeExceptionA0SystemExceptionArgumentA0SystemExceptionResource', ID = '918'
Method 'A0SystemStringA0SystemThrowHelperGetResourceStringA0SystemExceptionResource', ID = '920'
Method 'SystemVoidA0SystemNotSupportedExceptionctorA0SystemString', ID = '921'
Method 'A0SystemVoidA0SystemThrowHelperThrowArgumentNullExceptionA0SystemExceptionArgument', ID = '922'
Method 'A0SystemVoidA0SystemThrowHelperThrowStartIndexArgumentOutOfRange_ArgumentOutOfRange_Index', ID = '923'
Method 'A0SystemVoidA0SystemThrowHelperThrowCountArgumentOutOfRange_ArgumentOutOfRange_Count', ID = '924'
Method 'A0SystemBooleanA0SystemRuntimeCompilerServicesRuntimeHelpersIsBitwiseEquatableA0SystemUInt32', ID = '925'
Method 'A0SystemInt32A0InternalRuntimeCompilerServicesUnsafeSizeOfA0SystemUInt32', ID = '926'
Method 'A0A0SystemBytearrayA0InternalRuntimeCompilerServicesUnsafeAsA0A0SystemBytearrayA0SystemObject', ID = '927'
Method 'A0SystemByteA0SystemRuntimeInteropServicesMemoryMarshalGetArrayDataReferenceA0SystemByteA0A0SystemBytearray', ID = '928'
Method 'A0SystemByteA0InternalRuntimeCompilerServicesUnsafeAddA0SystemByteA0SystemByteA0SystemInt32', ID = '929'
Method 'A0SystemByteA0InternalRuntimeCompilerServicesUnsafeAsA0SystemUInt32A0SystemByteA0SystemUInt32', ID = '930'
Method 'A0SystemInt32A0SystemSpanHelpersIndexOfA0SystemByteA0SystemByteA0SystemInt32', ID = '931'
Method 'A0A0SystemChararrayA0InternalRuntimeCompilerServicesUnsafeAsA0A0SystemChararrayA0SystemObject', ID = '932'
Method 'A0SystemCharA0InternalRuntimeCompilerServicesUnsafeAsA0SystemUInt32A0SystemCharA0SystemUInt32', ID = '933'
Method 'A0SystemInt32A0SystemSpanHelpersIndexOfA0SystemCharA0SystemCharA0SystemInt32', ID = '934'
Method 'A0A0SystemInt32arrayA0InternalRuntimeCompilerServicesUnsafeAsA0A0SystemInt32arrayA0SystemObject', ID = '935'
Method 'A0SystemInt32A0SystemRuntimeInteropServicesMemoryMarshalGetArrayDataReferenceA0SystemInt32A0A0SystemInt32array', ID = '936'
Method 'A0SystemInt32A0InternalRuntimeCompilerServicesUnsafeAddA0SystemInt32A0SystemInt32A0SystemInt32', ID = '937'
Method 'A0SystemInt32A0InternalRuntimeCompilerServicesUnsafeAsA0SystemUInt32A0SystemInt32A0SystemUInt32', ID = '938'
Method 'A0SystemInt32A0SystemSpanHelpersIndexOfA0SystemInt32A0SystemInt32A0SystemInt32A0SystemInt32', ID = '939'
Method 'A0A0SystemInt64arrayA0InternalRuntimeCompilerServicesUnsafeAsA0A0SystemInt64arrayA0SystemObject', ID = '940'
Method 'A0SystemInt64A0SystemRuntimeInteropServicesMemoryMarshalGetArrayDataReferenceA0SystemInt64A0A0SystemInt64array', ID = '941'
Method 'A0SystemInt64A0InternalRuntimeCompilerServicesUnsafeAddA0SystemInt64A0SystemInt64A0SystemInt32', ID = '942'
Method 'A0SystemInt64A0InternalRuntimeCompilerServicesUnsafeAsA0SystemUInt32A0SystemInt64A0SystemUInt32', ID = '943'
Method 'A0SystemInt32A0SystemSpanHelpersIndexOfA0SystemInt64A0SystemInt64A0SystemInt64A0SystemInt32', ID = '944'
Method 'A0A0SystemCollectionsGenericEqualityComparer1A0SystemUInt32A0A0SystemCollectionsGenericEqualityComparer1A0SystemUInt32get_Default', ID = '945'
Method 'A0SystemInt32A0A0SystemCollectionsGenericEqualityComparer1A0SystemUInt32IndexOfA0A0SystemUInt32arrayA0SystemUInt32A0SystemInt32A0SystemInt32', ID = '946'
Method 'SystemVoidA8A8CosmosIL2CPUSZArrayImpl1GetEnumeratord__0A0SystemUInt32ctorA0SystemInt32', ID = '947'
Method 'A0SystemVoidA0SystemArrayCopyToA0SystemArrayA0SystemInt32', ID = '949'
Method 'SystemVoidA0SystemNotSupportedExceptionctor', ID = '950'
Method 'A0SystemBooleanA0SystemUInt32EqualsA0SystemObject', ID = '952'
Method 'A0SystemBooleanA0SystemBooleanEqualsA0SystemObject', ID = '953'
Method 'A0SystemBooleanA0SystemInt32EqualsA0SystemObject', ID = '954'
Method 'A0SystemBooleanA0SystemStringEqualsA0SystemObject', ID = '955'
Method 'A0SystemBooleanA0SystemDoubleEqualsA0SystemObject', ID = '958'
Method 'A0SystemBooleanA0A0SystemReadOnlySpan1A0SystemCharEqualsA0SystemObject', ID = '959'
Method 'A0SystemBooleanA0SystemCharEqualsA0SystemObject', ID = '961'
Method 'A0SystemBooleanA0SystemUInt64EqualsA0SystemObject', ID = '962'
Method 'A0SystemBooleanA0SystemIntPtrEqualsA0SystemObject', ID = '963'
Method 'A0SystemBooleanA0SystemReflectionMethodBaseEqualsA0SystemObject', ID = '964'
Method 'A0SystemBooleanA0SystemUIntPtrEqualsA0SystemObject', ID = '965'
Method 'A0SystemBooleanA0A0SystemSpan1A0SystemCharEqualsA0SystemObject', ID = '966'
Method 'A0SystemBooleanA0SystemByteEqualsA0SystemObject', ID = '967'
Method 'A0SystemBooleanA0SystemUInt16EqualsA0SystemObject', ID = '968'
Method 'A0SystemBooleanA0SystemReflectionMemberInfoEqualsA0SystemObject', ID = '969'
Method 'A0SystemBooleanA0SystemTextEncodingEqualsA0SystemObject', ID = '970'
Method 'A0SystemBooleanA0SystemRuntimeTypeHandleEqualsA0SystemObject', ID = '971'
Method 'A0SystemBooleanA0SystemTypeEqualsA0SystemObject', ID = '972'
Method 'A0SystemInt32A0SystemUInt32GetHashCode', ID = '975'
Method 'A0SystemInt32A0SystemBooleanGetHashCode', ID = '976'
Method 'A0SystemInt32A0SystemInt32GetHashCode', ID = '977'
Method 'A0SystemInt32A0SystemStringGetHashCode', ID = '978'
Method 'A0SystemInt32A0SystemMulticastDelegateGetHashCode', ID = '979'
Method 'A0SystemInt32A0SystemDelegateGetHashCode', ID = '980'
Method 'A0SystemInt32A0SystemDoubleGetHashCode', ID = '981'
Method 'A0SystemInt32A0A0SystemReadOnlySpan1A0SystemCharGetHashCode', ID = '982'
Method 'A0SystemInt32A0SystemCharGetHashCode', ID = '984'
Method 'A0SystemInt32A0SystemUInt64GetHashCode', ID = '985'
Method 'A0SystemInt32A0SystemReflectionMethodBaseGetHashCode', ID = '987'
Method 'A0SystemInt32A0A0SystemSpan1A0SystemCharGetHashCode', ID = '989'
Method 'A0SystemInt32A0SystemByteGetHashCode', ID = '990'
Method 'A0SystemInt32A0SystemUInt16GetHashCode', ID = '991'
Method 'A0SystemInt32A0SystemReflectionMemberInfoGetHashCode', ID = '992'
Method 'A0SystemInt32A0SystemTextEncodingGetHashCode', ID = '993'
Method 'A0SystemInt32A0SystemRuntimeTypeHandleGetHashCode', ID = '994'
Method 'A0SystemInt32A0SystemTypeGetHashCode', ID = '995'
Method 'A0SystemInt32A2CosmosCore_PlugsSystemObjectImplGetHashCode', ID = '996'
Method 'A0SystemInt32A0InternalRuntimeCompilerServicesUnsafeSizeOfA0SystemChar', ID = '1000'
Method 'A0SystemStringA3CosmosSystem_PlugsSystemUInt64ImplToString', ID = '1003'
Method 'A0SystemUInt32A12CosmosCore_AsmCPUImplGetStackStart', ID = '1006'
Method 'A1CosmosCoreMemorySMTPagepointerA1CosmosCoreMemoryHeapSmallInitSMTPage', ID = '1007'
Method 'A0SystemBooleanA0SystemByteTryFormatA0A0SystemSpan1A0SystemCharA0SystemInt32A0A0SystemReadOnlySpan1A0SystemCharA0SystemIFormatProvider', ID = '1009'
Method 'A0SystemVoidA12CosmosCore_AsmCPUImplDoDisableInterrupts', ID = '1035'
Method 'A0SystemBooleanA0SystemUInt16TryFormatA0A0SystemSpan1A0SystemCharA0SystemInt32A0A0SystemReadOnlySpan1A0SystemCharA0SystemIFormatProvider', ID = '1037'
Method 'A1CosmosCoreMemorySMTBlockpointerA1CosmosCoreMemoryHeapSmallGetFirstWithSpaceA1CosmosCoreMemorySMTPagepointerA0SystemUInt32', ID = '1064'
Method 'A1CosmosCoreMemoryRootSMTBlockpointerA1CosmosCoreMemoryHeapSmallGetFirstBlockA1CosmosCoreMemorySMTPagepointerA0SystemUInt32', ID = '1066'
Method 'A1CosmosCoreMemorySMTBlockpointerA1CosmosCoreMemoryHeapSmallGetLastBlockA1CosmosCoreMemorySMTPagepointerA0SystemUInt32', ID = '1069'
Method 'A1CosmosCoreMemorySMTBlockpointerA1CosmosCoreMemoryHeapSmallNextFreeBlockA1CosmosCoreMemorySMTPagepointer', ID = '1070'
Method 'A1CosmosCoreMemorySMTPagepointerA1CosmosCoreMemoryHeapSmallGetSMTLastPage', ID = '1071'
Method 'A0SystemVoidA10CosmosDebugKernelPlugsAsmDebuggerAsmDoSendNumberA0SystemInt32', ID = '1072'
Method 'A0SystemInt32A1CosmosCoreMemoryHeapCollect', ID = '1073'
Method 'SystemVoidA0SystemSRcctor', ID = '1075'
Method 'A0SystemBooleanA0SystemSRUsingResourceKeys', ID = '1076'
Method 'A0SystemStringA3CosmosSystem_PlugsSystemIntPtrImplToString', ID = '1078'
Method 'SystemVoidA0A0SystemSZGenericArrayEnumerator1A0SystemDelegatecctor', ID = '1079'
Method 'A0SystemBooleanA0SystemRuntimeCompilerServicesRuntimeHelpersIsBitwiseEquatableA0SystemDelegate', ID = '1080'
Method 'A0SystemInt32A0InternalRuntimeCompilerServicesUnsafeSizeOfA0SystemDelegate', ID = '1081'
Method 'A0SystemByteA0InternalRuntimeCompilerServicesUnsafeAsA0SystemDelegateA0SystemByteA0SystemDelegate', ID = '1082'
Method 'A0SystemCharA0InternalRuntimeCompilerServicesUnsafeAsA0SystemDelegateA0SystemCharA0SystemDelegate', ID = '1083'
Method 'A0SystemInt32A0InternalRuntimeCompilerServicesUnsafeAsA0SystemDelegateA0SystemInt32A0SystemDelegate', ID = '1084'
Method 'A0SystemInt64A0InternalRuntimeCompilerServicesUnsafeAsA0SystemDelegateA0SystemInt64A0SystemDelegate', ID = '1085'
Method 'A0A0SystemCollectionsGenericEqualityComparer1A0SystemDelegateA0A0SystemCollectionsGenericEqualityComparer1A0SystemDelegateget_Default', ID = '1086'
Method 'A0SystemInt32A0A0SystemCollectionsGenericEqualityComparer1A0SystemDelegateIndexOfA0A0SystemDelegatearrayA0SystemDelegateA0SystemInt32A0SystemInt32', ID = '1087'
Method 'SystemVoidA8A8CosmosIL2CPUSZArrayImpl1GetEnumeratord__0A0SystemDelegatectorA0SystemInt32', ID = '1088'
Method 'SystemVoidA0A0SystemSZGenericArrayEnumerator1A0SystemObjectcctor', ID = '1090'
Method 'A0SystemBooleanA0SystemRuntimeCompilerServicesRuntimeHelpersIsBitwiseEquatableA0SystemObject', ID = '1091'
Method 'A0SystemInt32A0InternalRuntimeCompilerServicesUnsafeSizeOfA0SystemObject', ID = '1092'
Method 'A0SystemByteA0InternalRuntimeCompilerServicesUnsafeAsA0SystemObjectA0SystemByteA0SystemObject', ID = '1093'
Method 'A0SystemCharA0InternalRuntimeCompilerServicesUnsafeAsA0SystemObjectA0SystemCharA0SystemObject', ID = '1094'
Method 'A0SystemInt32A0InternalRuntimeCompilerServicesUnsafeAsA0SystemObjectA0SystemInt32A0SystemObject', ID = '1095'
Method 'A0SystemInt64A0InternalRuntimeCompilerServicesUnsafeAsA0SystemObjectA0SystemInt64A0SystemObject', ID = '1096'
Method 'A0A0SystemCollectionsGenericEqualityComparer1A0SystemObjectA0A0SystemCollectionsGenericEqualityComparer1A0SystemObjectget_Default', ID = '1097'
Method 'A0SystemInt32A0A0SystemCollectionsGenericEqualityComparer1A0SystemObjectIndexOfA0A0SystemObjectarrayA0SystemObjectA0SystemInt32A0SystemInt32', ID = '1098'
Method 'SystemVoidA8A8CosmosIL2CPUSZArrayImpl1GetEnumeratord__0A0SystemObjectctorA0SystemInt32', ID = '1099'
Method 'A0SystemDateTimeA3CosmosSystem_PlugsSystemDateTimeImplget_Now', ID = '1102'
Method 'SystemVoidA0A0SystemSZGenericArrayEnumerator1A0SystemBytectorA0A0SystemBytearray', ID = '1105'
Method 'A0SystemInt32A0SystemArrayIndexOfA0SystemByteA0A0SystemBytearrayA0SystemByteA0SystemInt32A0SystemInt32', ID = '1108'
Method 'A0A0SystemCollectionsGenericIEnumerator1A0SystemByteA8A8CosmosIL2CPUSZArrayImpl1A0SystemByteGetEnumerator', ID = '1109'
Method 'A0SystemVoidA8A8CosmosIL2CPUSZArrayImpl1A0SystemByteCopyToA0A0SystemBytearrayA0SystemInt32', ID = '1110'
Method 'A0SystemInt32A8A8CosmosIL2CPUSZArrayImpl1A0SystemByteget_Count', ID = '1111'
Method 'A0SystemByteA8A8CosmosIL2CPUSZArrayImpl1A0SystemByteget_ItemA0SystemInt32', ID = '1112'
Method 'A0SystemVoidA8A8CosmosIL2CPUSZArrayImpl1A0SystemByteset_ItemA0SystemInt32A0SystemByte', ID = '1113'
Method 'A0SystemVoidA8A8CosmosIL2CPUSZArrayImpl1A0SystemByteAddA0SystemByte', ID = '1114'
Method 'A0SystemBooleanA8A8CosmosIL2CPUSZArrayImpl1A0SystemByteContainsA0SystemByte', ID = '1115'
Method 'A0SystemBooleanA8A8CosmosIL2CPUSZArrayImpl1A0SystemByteget_IsReadOnly', ID = '1116'
Method 'A0SystemVoidA8A8CosmosIL2CPUSZArrayImpl1A0SystemByteClear', ID = '1117'
Method 'A0SystemInt32A8A8CosmosIL2CPUSZArrayImpl1A0SystemByteIndexOfA0SystemByte', ID = '1118'
Method 'A0SystemVoidA8A8CosmosIL2CPUSZArrayImpl1A0SystemByteInsertA0SystemInt32A0SystemByte', ID = '1119'
Method 'A0SystemVoidA8A8CosmosIL2CPUSZArrayImpl1A0SystemByteRemoveAtA0SystemInt32', ID = '1120'
Method 'A0SystemBooleanA8A8CosmosIL2CPUSZArrayImpl1A0SystemByteget_IsFixedSize', ID = '1121'
Method 'A0SystemVoidA8A8CosmosIL2CPUSZArrayImpl1A0SystemByteRemoveA0SystemByte', ID = '1122'
Method 'A0SystemObjectA8A8CosmosIL2CPUSZArrayImpl1A0SystemByteget_SyncRoot', ID = '1123'
Method 'A0SystemBooleanA8A8CosmosIL2CPUSZArrayImpl1A0SystemByteget_IsSynchronized', ID = '1124'
Method 'A0SystemStringA3CosmosSystem_PlugsSystemUIntPtrImplToString', ID = '1125'
Method 'A0SystemUInt32A12CosmosCore_AsmMultiboot2ImplGetMBIAddress', ID = '1126'
Method 'SystemVoidA1CosmosCoreINTscctor', ID = '1137'
Method 'A1CosmosCorePICA1CosmosCoreGlobalget_PIC', ID = '1141'
Method 'A0SystemVoidA1CosmosCorePICEoiSlave', ID = '1142'
Method 'A0SystemVoidA1CosmosCorePICEoiMaster', ID = '1143'
Method 'A0SystemVoidA1CosmosCoreINTsHandleExceptionA0SystemUInt32A0SystemStringA0SystemStringA1CosmosCoreINTsIRQContextA0SystemUInt32', ID = '1144'
Method 'A0SystemVoidA12CosmosCore_AsmDelegateImplInvoke', ID = '1662'
Method 'A0SystemVoidA1CosmosCoreINTsIRQA0SystemUInt32A1CosmosCoreINTsIRQContext', ID = '1148'
Method 'A0SystemVoidA1CosmosCoreIOPortWait', ID = '1153'
Method 'SystemVoidA1CosmosCoreMemoryBlockctorA0SystemUInt32A0SystemUInt32', ID = '1157'
Method 'SystemVoidA6CosmosHALTextScreenBasector', ID = '1158'
Method 'A0SystemVoidA3CosmosSystem_PlugsSystemConsoleImplClear', ID = '1165'
Method 'SystemVoidA0A0SystemCollectionsGenericList1A6CosmosHALPCIDevicector', ID = '1167'
Method 'A0SystemUInt16A6CosmosHALPCIDeviceGetHeaderTypeA0SystemUInt16A0SystemUInt16A0SystemUInt16', ID = '1169'
Method 'A0SystemVoidA6CosmosHALPCICheckBusA0SystemUInt16', ID = '1170'
Method 'A0SystemUInt16A6CosmosHALPCIDeviceGetVendorIDA0SystemUInt16A0SystemUInt16A0SystemUInt16', ID = '1171'
Method 'A0SystemBooleanA1CosmosCoreACPIInit', ID = '1173'
Method 'A0SystemVoidA1CosmosCoreACPIEnable', ID = '1174'
Method 'A0SystemVoidA6CosmosHALPS2ControllerSendCommandA6CosmosHALPS2ControllerCommandA0A0SystemNullable1A0SystemByte', ID = '1177'
Method 'A0SystemByteA6CosmosHALPS2ControllerReadData', ID = '1178'
Method 'A0SystemBooleanA6CosmosHALPS2ControllerWaitToReadData', ID = '1179'
Method 'SystemVoidA0A0SystemNullable1A0SystemBytectorA0SystemByte', ID = '1180'
Method 'A0SystemBooleanA6CosmosHALPS2ControllerTestPortA0SystemByte', ID = '1181'
Method 'A0SystemVoidA6CosmosHALPS2ControllerIdentifyDeviceA0SystemByteA6CosmosHALDeviceA0SystemBoolean', ID = '1182'
Method 'A0SystemVoidA6CosmosHALBlockDeviceIDEInitializeA6CosmosHALBlockDeviceAtaControllerIdEnumA6CosmosHALBlockDeviceAtaBusPositionEnum', ID = '1185'
Method 'A0A0SystemCollectionsGenericList1EnumeratorA6CosmosHALBlockDeviceBlockDeviceA0A0SystemCollectionsGenericList1A6CosmosHALBlockDeviceBlockDeviceGetEnumerator', ID = '1187'
Method 'A6CosmosHALBlockDeviceBlockDeviceA0A0SystemCollectionsGenericList1EnumeratorA6CosmosHALBlockDeviceBlockDeviceget_Current', ID = '1188'
Method 'A0SystemVoidA0A0SystemCollectionsGenericList1A6CosmosHALBlockDeviceBlockDeviceAddA6CosmosHALBlockDeviceBlockDevice', ID = '1191'
Method 'A0SystemBooleanA0A0SystemCollectionsGenericList1EnumeratorA6CosmosHALBlockDeviceBlockDeviceMoveNext', ID = '1192'
Method 'A0A0SystemCollectionsGenericList1EnumeratorA6CosmosHALBlockDevicePartitionA0A0SystemCollectionsGenericList1A6CosmosHALBlockDevicePartitionGetEnumerator', ID = '1196'
Method 'A6CosmosHALBlockDevicePartitionA0A0SystemCollectionsGenericList1EnumeratorA6CosmosHALBlockDevicePartitionget_Current', ID = '1197'
Method 'A0SystemVoidA0A0SystemCollectionsGenericList1A6CosmosHALBlockDevicePartitionAddA6CosmosHALBlockDevicePartition', ID = '1200'
Method 'A0SystemBooleanA0A0SystemCollectionsGenericList1EnumeratorA6CosmosHALBlockDevicePartitionMoveNext', ID = '1201'
Method 'SystemVoidA6CosmosHALBlockDeviceAHCIctorA6CosmosHALPCIDevice', ID = '1205'
Method 'A0A0SystemCollectionsGenericList1EnumeratorA6CosmosHALPCIDeviceA0A0SystemCollectionsGenericList1A6CosmosHALPCIDeviceGetEnumerator', ID = '1207'
Method 'A6CosmosHALPCIDeviceA0A0SystemCollectionsGenericList1EnumeratorA6CosmosHALPCIDeviceget_Current', ID = '1208'
Method 'A6CosmosHALPCIDeviceA6CosmosHALPCIGetDeviceA0SystemUInt32A0SystemUInt32A0SystemUInt32', ID = '1210'
Method 'A0SystemStringA6CosmosHALPCIDeviceDeviceClassGetDeviceStringA6CosmosHALPCIDevice', ID = '1211'
Method 'A0SystemStringA0SystemStringConcatA0A0SystemStringarray', ID = '1212'
Method 'A0SystemByteA6CosmosHALPCIDeviceget_InterruptLine', ID = '1213'
Method 'SystemVoidA6CosmosHALDriversNetworkAMDPCNetIIctorA6CosmosHALPCIDevice', ID = '1214'
Method 'A0SystemVoidA6CosmosHALNetworkDeviceset_NameIDA0SystemString', ID = '1215'
Method 'A0SystemStringA6CosmosHALNetworkDeviceget_NameID', ID = '1216'
Method 'SystemVoidA6CosmosHALDriversNetworkRTL8139ctorA6CosmosHALPCIDevice', ID = '1219'
Method 'SystemVoidA6CosmosHALDriversNetworkE1000ctorA6CosmosHALPCIDevice', ID = '1220'
Method 'A0SystemBooleanA0A0SystemCollectionsGenericList1EnumeratorA6CosmosHALPCIDeviceMoveNext', ID = '1221'
Method 'A0A0SystemCollectionsGenericList1A6CosmosHALNetworkDeviceA6CosmosHALNetworkDeviceget_Devices', ID = '1223'
Method 'A0SystemInt32A0A0SystemCollectionsGenericList1A6CosmosHALNetworkDeviceget_Count', ID = '1224'
Method 'SystemVoidA4CosmosSystemNetworkNetworkStackcctor', ID = '1228'
Method 'SystemVoidA0A0SystemCollectionsGenericDictionary2A0SystemUInt32A6CosmosHALNetworkDevicectorA0SystemInt32A0A0SystemCollectionsGenericIEqualityComparer1A0SystemUInt32', ID = '1230'
Method 'SystemVoidA4CosmosSystemGraphicsVGAScreencctor', ID = '1237'
Method 'A0SystemVoidA6CosmosHALDriversVideoVGADriverWriteVGARegistersA0A0SystemBytearray', ID = '1240'
Method 'A0SystemVoidA6CosmosHALDriversVideoVGADriverWriteFontA0A0SystemBytearrayA0SystemByte', ID = '1242'
Method 'A0SystemVoidA1CosmosCoreMemoryBlockFillA0SystemByte', ID = '1249'
Method 'A0SystemVoidA12CosmosCore_AsmRuntimeHelpersImplInitializeArrayA0SystemArrayA0SystemRuntimeFieldHandle', ID = '1252'
Method 'A13SystemDrawingColorA13SystemDrawingColorFromArgbA0SystemInt32', ID = '1253'
Method 'A0SystemVoidA6CosmosHALDriversVideoVGADriverSetPaletteEntryA0SystemInt32A13SystemDrawingColor', ID = '1254'
Method 'SystemVoidA4CosmosSystemExtendedASCIICosmosEncodingProvidercctor', ID = '1255'
Method 'SystemVoidA0SystemTextEncodingcctor', ID = '1256'
Method 'A0SystemTextEncodingA4CosmosSystemExtendedASCIIEncodingTableGetEncodingA0SystemInt32', ID = '1260'
Method 'A0SystemVoidA0SystemArgumentNullExceptionThrowIfNullA0SystemObjectA0SystemString', ID = '1261'
Method 'A0SystemBooleanA3CosmosSystem_PlugsSystemConsoleImplget_IsOutputRedirected', ID = '1262'
Method 'A0SystemVoidA0SystemIOTextWriterFlush', ID = '1263'
Method 'A0SystemBooleanA3CosmosSystem_PlugsSystemConsoleImplget_IsErrorRedirected', ID = '1265'
Method 'A0SystemObjectA0SystemTextEncodingClone', ID = '1266'
Method 'A0SystemVoidA6CosmosHALPITSignalWaitA1CosmosCoreINTsIRQContext', ID = '1269'
Method 'A0SystemVoidA12CosmosCore_AsmDelegateImplCtorA0SystemObjectA0SystemIntPtr', ID = '1892'
Method 'SystemVoidA6CosmosHALPITPITTimerctorA6CosmosHALPITPITTimerOnTriggerA0SystemUInt64A0SystemBoolean', ID = '1271'
Method 'A0SystemInt32A6CosmosHALPITRegisterTimerA6CosmosHALPITPITTimer', ID = '1272'
Method 'SystemVoidA0A0SystemCollectionsGenericList1A6CosmosHALPITPITTimerctor', ID = '1274'
Method 'SystemVoidA6CosmosHALDevicector', ID = '1275'
Method 'A0SystemVoidA6CosmosHALPITHandleIRQA1CosmosCoreINTsIRQContext', ID = '1276'
Method 'A0SystemVoidA12CosmosCore_AsmDelegateImplCtorA0SystemObjectA0SystemIntPtr', ID = '1892'
Method 'A0SystemVoidA1CosmosCoreINTsSetIrqHandlerA0SystemByteA1CosmosCoreINTsIRQDelegate', ID = '1278'
Method 'A0SystemVoidA6CosmosHALPITset_T0CountdownA0SystemUInt16', ID = '1279'
Method 'A0SystemVoidA3CosmosSystem_PlugsSystemConsoleImplset_BackgroundColorA7SystemConsoleColor', ID = '1282'
Method 'A0SystemStringA0SystemIOTextReaderReadLine', ID = '1284'
Method 'A0SystemVoidA0A0SystemCollectionsGenericList1A0SystemStringAddA0SystemString', ID = '1287'
Method 'A0A0SystemStringarrayA0SystemStringSplitInternalA0SystemStringA0A0SystemStringarrayA0SystemInt32A0SystemStringSplitOptions', ID = '1290'
Method 'A0SystemBooleanA0SystemStringEqualsA0SystemStringA0SystemString', ID = '1292'
Method 'A0SystemBooleanA4CosmosSystemVMToolsget_IsVirtualBox', ID = '1294'
Method 'A0SystemBooleanA4CosmosSystemVMToolsget_IsQEMU', ID = '1296'
Method 'A0SystemVoidA6CosmosHALPowerACPIShutdown', ID = '1298'
Method 'A0SystemVoidA6CosmosHALPowerCPUReboot', ID = '1299'
Method 'A0SystemStringA0SystemSRget_ArgumentOutOfRange_StartIndex', ID = '1304'
Method 'SystemVoidA0SystemArgumentOutOfRangeExceptionctorA0SystemStringA0SystemString', ID = '1305'
Method 'A0SystemStringA0SystemSRget_ArgumentOutOfRange_NegativeCount', ID = '1306'
Method 'A0SystemStringA0SystemSRget_ArgumentOutOfRange_IndexCount', ID = '1307'
Method 'A0SystemIOFileStreamA0SystemIOFileCreateA0SystemStringA0SystemInt32', ID = '1310'
Method 'A0SystemByteA6CosmosHALRTCget_Hour', ID = '1312'
Method 'A0SystemVoidA0SystemRuntimeCompilerServicesDefaultInterpolatedStringHandlerAppendFormattedA0SystemByteA0SystemByteA0SystemString', ID = '1313'
Method 'A0SystemByteA6CosmosHALRTCget_Minute', ID = '1314'
Method 'A0SystemByteA6CosmosHALRTCget_Second', ID = '1315'
Method 'A0SystemByteA6CosmosHALRTCget_DayOfTheMonth', ID = '1316'
Method 'A0SystemByteA6CosmosHALRTCget_Month', ID = '1317'
Method 'A0SystemByteA6CosmosHALRTCget_Year', ID = '1318'
Method 'A0SystemUInt32A1CosmosCoreCPUGetAmountOfRAM', ID = '1320'
Method 'A0SystemVoidA0SystemRuntimeCompilerServicesDefaultInterpolatedStringHandlerAppendFormattedA0SystemUInt32A0SystemUInt32', ID = '1321'
Method 'A0SystemStringA1CosmosCoreCPUGetCPUBrandString', ID = '1322'
Method 'A0SystemBooleanA2CosmosCore_PlugsSystemStringImplContainsA0SystemString', ID = '1323'
Method 'A0SystemTimeSpanA0SystemDateTimeop_SubtractionA0SystemDateTimeA0SystemDateTime', ID = '1325'
Method 'A0SystemDoubleA0SystemTimeSpanget_TotalMinutes', ID = '1326'
Method 'A0SystemInt32A0SystemTimeSpanget_Seconds', ID = '1327'
Method 'A0SystemInt32A0A0SystemCollectionsGenericList1A0SystemStringget_Count', ID = '1328'
Method 'A0SystemStringA0A0SystemCollectionsGenericList1A0SystemStringget_ItemA0SystemInt32', ID = '1329'
Method 'A0SystemBooleanA0SystemCharIsWhiteSpaceA0SystemChar', ID = '1330'
Method 'SystemVoidA0A0SystemSZGenericArrayEnumerator1A0SystemCharctorA0A0SystemChararray', ID = '1332'
Method 'A0SystemInt32A0SystemArrayIndexOfA0SystemCharA0A0SystemChararrayA0SystemCharA0SystemInt32A0SystemInt32', ID = '1335'
Method 'A0A0SystemCollectionsGenericIEnumerator1A0SystemCharA8A8CosmosIL2CPUSZArrayImpl1A0SystemCharGetEnumerator', ID = '1336'
Method 'A0SystemVoidA8A8CosmosIL2CPUSZArrayImpl1A0SystemCharCopyToA0A0SystemChararrayA0SystemInt32', ID = '1337'
Method 'A0SystemInt32A8A8CosmosIL2CPUSZArrayImpl1A0SystemCharget_Count', ID = '1338'
Method 'A0SystemCharA8A8CosmosIL2CPUSZArrayImpl1A0SystemCharget_ItemA0SystemInt32', ID = '1339'
Method 'A0SystemVoidA8A8CosmosIL2CPUSZArrayImpl1A0SystemCharset_ItemA0SystemInt32A0SystemChar', ID = '1340'
Method 'A0SystemVoidA8A8CosmosIL2CPUSZArrayImpl1A0SystemCharAddA0SystemChar', ID = '1341'
Method 'A0SystemBooleanA8A8CosmosIL2CPUSZArrayImpl1A0SystemCharContainsA0SystemChar', ID = '1342'
Method 'A0SystemBooleanA8A8CosmosIL2CPUSZArrayImpl1A0SystemCharget_IsReadOnly', ID = '1343'
Method 'A0SystemVoidA8A8CosmosIL2CPUSZArrayImpl1A0SystemCharClear', ID = '1344'
Method 'A0SystemInt32A8A8CosmosIL2CPUSZArrayImpl1A0SystemCharIndexOfA0SystemChar', ID = '1345'
Method 'A0SystemVoidA8A8CosmosIL2CPUSZArrayImpl1A0SystemCharInsertA0SystemInt32A0SystemChar', ID = '1346'
Method 'A0SystemVoidA8A8CosmosIL2CPUSZArrayImpl1A0SystemCharRemoveAtA0SystemInt32', ID = '1347'
Method 'A0SystemBooleanA8A8CosmosIL2CPUSZArrayImpl1A0SystemCharget_IsFixedSize', ID = '1348'
Method 'A0SystemVoidA8A8CosmosIL2CPUSZArrayImpl1A0SystemCharRemoveA0SystemChar', ID = '1349'
Method 'A0SystemObjectA8A8CosmosIL2CPUSZArrayImpl1A0SystemCharget_SyncRoot', ID = '1350'
Method 'A0SystemBooleanA8A8CosmosIL2CPUSZArrayImpl1A0SystemCharget_IsSynchronized', ID = '1351'
Method 'SystemVoidA2A2CosmosCore_PlugsSystemBuffersArrayPoolImpl1A0SystemCharcctor', ID = '1352'
Method 'SystemVoidA0SystemMathcctor', ID = '1353'
Method 'A0SystemBooleanA0SystemTypeIsValueTypeImpl', ID = '1354'
Method 'A0SystemBooleanA2CosmosCore_PlugsSystemTypeImplop_InequalityA2CosmosCoreCosmosRuntimeTypeA2CosmosCoreCosmosRuntimeType', ID = '1355'
Method 'SystemVoidA0SystemArrayTypeMismatchExceptionctor', ID = '1356'
Method 'A0SystemRuntimeCompilerServicesRawArrayDataA0InternalRuntimeCompilerServicesUnsafeAsA0SystemRuntimeCompilerServicesRawArrayDataA0SystemObject', ID = '1357'
Method 'A0SystemCharA0InternalRuntimeCompilerServicesUnsafeAsA0SystemByteA0SystemCharA0SystemByte', ID = '1359'
Method 'SystemVoidA2CosmosCore_PlugsSystemStringImplcctor', ID = '1360'
Method 'A0SystemStringA0SystemSRget_Argument_DestinationTooShort', ID = '1361'
Method 'A0SystemStringA0SystemTypeToString', ID = '1364'
Method 'SystemVoidA2CosmosCoreCosmosRuntimeTypectorA0SystemUInt32', ID = '1367'
Method 'A0SystemVoidA0SystemMathThrowMinMaxExceptionA0SystemUInt32A0SystemUInt32A0SystemUInt32', ID = '1368'
Method 'SystemVoidA0SystemArgumentExceptionctorA0SystemString', ID = '1369'
Method 'A0SystemBooleanA0SystemNumberTryUInt32ToDecStrA0SystemUInt32A0SystemInt32A0A0SystemSpan1A0SystemCharA0SystemInt32', ID = '1371'
Method 'A0SystemBooleanA0SystemNumberTryFormatUInt32g__TryFormatUInt32SlowsLine43_0A0SystemUInt32A0A0SystemReadOnlySpan1A0SystemCharA0SystemIFormatProviderA0A0SystemSpan1A0SystemCharA0SystemInt32', ID = '1372'
Method 'A0SystemStringA0SystemGlobalizationNumberFormatInfoget_NegativeSign', ID = '1373'
Method 'A0SystemBooleanA0SystemNumberTryNegativeInt32ToDecStrA0SystemInt32A0SystemInt32A0SystemStringA0A0SystemSpan1A0SystemCharA0SystemInt32', ID = '1374'
Method 'A0SystemBooleanA0SystemNumberTryFormatInt32g__TryFormatInt32SlowsLine41_0A0SystemInt32A0SystemInt32A0A0SystemReadOnlySpan1A0SystemCharA0SystemIFormatProviderA0A0SystemSpan1A0SystemCharA0SystemInt32', ID = '1375'
Method 'A0SystemGlobalizationNumberFormatInfoA0SystemGlobalizationNumberFormatInfoGetInstanceg__GetProviderNonNullsLine45_0A0SystemIFormatProvider', ID = '1377'
Method 'A0SystemGlobalizationNumberFormatInfoA0SystemGlobalizationNumberFormatInfoget_CurrentInfo', ID = '1378'
Method 'SystemVoidA0A0SystemSpan1A0SystemCharctorA0SystemVoidpointerA0SystemInt32', ID = '1379'
Method 'SystemVoidA0SystemTextValueStringBuilderctorA0A0SystemSpan1A0SystemChar', ID = '1380'
Method 'A0SystemStringA0SystemNumberFormatDoubleA0SystemTextValueStringBuilderA0SystemDoubleA0A0SystemReadOnlySpan1A0SystemCharA0SystemGlobalizationNumberFormatInfo', ID = '1381'
Method 'A0SystemBooleanA0SystemTextValueStringBuilderTryCopyToA0A0SystemSpan1A0SystemCharA0SystemInt32', ID = '1382'
Method 'A0SystemBooleanA0SystemNumberTryCopyToA0SystemStringA0A0SystemSpan1A0SystemCharA0SystemInt32', ID = '1383'
Method 'A0SystemBooleanA0SystemNumberTryUInt64ToDecStrA0SystemUInt64A0SystemInt32A0A0SystemSpan1A0SystemCharA0SystemInt32', ID = '1384'
Method 'A0SystemBooleanA0SystemNumberTryFormatUInt64g__TryFormatUInt64SlowsLine47_0A0SystemUInt64A0A0SystemReadOnlySpan1A0SystemCharA0SystemIFormatProviderA0A0SystemSpan1A0SystemCharA0SystemInt32', ID = '1385'
Method 'A0SystemBooleanA0SystemNumberTryFormatInt64A0SystemInt64A0A0SystemReadOnlySpan1A0SystemCharA0SystemIFormatProviderA0A0SystemSpan1A0SystemCharA0SystemInt32', ID = '1387'
Method 'A0SystemStringA3CosmosSystem_PlugsSystemInt32ImplToStringA0SystemString', ID = '1388'
Method 'A0SystemStringA0SystemStringCreateFromCharA0SystemChar', ID = '1389'
Method 'A0SystemStringA0SystemNumberUInt64ToDecStrA0SystemUInt64A0SystemInt32', ID = '1390'
Method 'A0SystemStringA0SystemNumberFormatUInt64g__FormatUInt64SlowsLine46_0A0SystemUInt64A0SystemStringA0SystemIFormatProvider', ID = '1391'
Method 'A0SystemStringA3CosmosSystem_PlugsSystemInt64ImplToStringA0SystemStringA0SystemIFormatProvider', ID = '1392'
Method 'A0SystemStringA3CosmosSystem_PlugsSystemEnumImplToStringA0SystemString', ID = '1393'
Method 'A0SystemTextEncodingA0SystemTextEncodingget_ASCII', ID = '1394'
Method 'A0SystemVoidA6CosmosHALTextScreenSetColorsA7SystemConsoleColorA7SystemConsoleColor', ID = '1398'
Method 'SystemVoidA0SystemIOTextWriterNullTextWriterctor', ID = '1399'
Method 'A0SystemIOStreamA4CosmosSystemConsoleOpenStandardOutput', ID = '1402'
Method 'A0SystemIOTextWriterA4CosmosSystemConsoleCreateOutputWriterA0SystemIOStream', ID = '1403'
Method 'A0A0SystemChararrayA2CosmosCore_PlugsSystemStringImplToCharArray', ID = '1404'
Method 'A0SystemVoidA0SystemIOTextWriterWriteA0A0SystemChararrayA0SystemInt32A0SystemInt32', ID = '1405'
Method 'A0SystemInt64A0SystemBitConverterDoubleToInt64BitsA0SystemDouble', ID = '1407'
Method 'A0SystemStringA0SystemStringSubstringA0SystemInt32A0SystemInt32', ID = '1408'
Method 'A0SystemStringA0SystemArgumentOutOfRangeExceptionget_Message', ID = '1409'
Method 'A0SystemStringA0SystemArgumentExceptionget_Message', ID = '1410'
Method 'A0SystemStringA2CosmosCore_PlugsSystemExceptionImplget_Message', ID = '1411'
Method 'A0SystemVoidA0SystemRuntimeCompilerServicesDefaultInterpolatedStringHandlerAppendCustomFormatterA0SystemStringA0SystemStringA0SystemString', ID = '1413'
Method 'A0SystemVoidA0SystemRuntimeCompilerServicesDefaultInterpolatedStringHandlerEnsureCapacityForAdditionalCharsA0SystemInt32', ID = '1414'
Method 'A0SystemVoidA12CosmosCore_AsmArrayImplCopyA0SystemArrayA0SystemInt32A0SystemArrayA0SystemInt32A0SystemInt32A0SystemBoolean', ID = '1417'
Method 'A0SystemStringA0SystemThrowHelperGetArgumentNameA0SystemExceptionArgument', ID = '1419'
Method 'A0SystemStringA0SystemSRget_ArgumentOutOfRange_Index', ID = '1420'
Method 'A0SystemStringA0SystemSRget_ArgumentOutOfRange_IndexCountBuffer', ID = '1421'
Method 'A0SystemStringA0SystemSRget_ArgumentOutOfRange_Count', ID = '1422'
Method 'A0SystemStringA0SystemSRget_ArgumentOutOfRange_Year', ID = '1423'
Method 'A0SystemStringA0SystemSRget_Arg_ArrayPlusOffTooSmall', ID = '1424'
Method 'A0SystemStringA0SystemSRget_NotSupported_ReadOnlyCollection', ID = '1425'
Method 'A0SystemStringA0SystemSRget_Arg_RankMultiDimNotSupported', ID = '1426'
Method 'A0SystemStringA0SystemSRget_Arg_NonZeroLowerBound', ID = '1427'
Method 'A0SystemStringA0SystemSRget_ArgumentOutOfRange_GetCharCountOverflow', ID = '1428'
Method 'A0SystemStringA0SystemSRget_ArgumentOutOfRange_ListInsert', ID = '1429'
Method 'A0SystemStringA0SystemSRget_ArgumentOutOfRange_NeedNonNegNum', ID = '1430'
Method 'A0SystemStringA0SystemSRget_ArgumentOutOfRange_SmallCapacity', ID = '1431'
Method 'A0SystemStringA0SystemSRget_Argument_InvalidOffLen', ID = '1432'
Method 'A0SystemStringA0SystemSRget_Argument_CannotExtractScalar', ID = '1433'
Method 'A0SystemStringA0SystemSRget_ArgumentOutOfRange_BiggerThanCollection', ID = '1434'
Method 'A0SystemStringA0SystemSRget_Serialization_MissingKeys', ID = '1435'
Method 'A0SystemStringA0SystemSRget_Serialization_NullKey', ID = '1436'
Method 'A0SystemStringA0SystemSRget_NotSupported_KeyCollectionSet', ID = '1437'
Method 'A0SystemStringA0SystemSRget_NotSupported_ValueCollectionSet', ID = '1438'
Method 'A0SystemStringA0SystemSRget_InvalidOperation_NullArray', ID = '1439'
Method 'A0SystemStringA0SystemSRget_TaskT_TransitionToFinal_AlreadyCompleted', ID = '1440'
Method 'A0SystemStringA0SystemSRget_TaskCompletionSourceT_TrySetException_NullException', ID = '1441'
Method 'A0SystemStringA0SystemSRget_TaskCompletionSourceT_TrySetException_NoExceptions', ID = '1442'
Method 'A0SystemStringA0SystemSRget_NotSupported_StringComparison', ID = '1443'
Method 'A0SystemStringA0SystemSRget_ConcurrentCollection_SyncRoot_NotSupported', ID = '1444'
Method 'A0SystemStringA0SystemSRget_Task_MultiTaskContinuation_NullTask', ID = '1445'
Method 'A0SystemStringA0SystemSRget_InvalidOperation_WrongAsyncResultOrEndCalledMultiple', ID = '1446'
Method 'A0SystemStringA0SystemSRget_Task_MultiTaskContinuation_EmptyTaskList', ID = '1447'
Method 'A0SystemStringA0SystemSRget_Task_Start_TaskCompleted', ID = '1448'
Method 'A0SystemStringA0SystemSRget_Task_Start_Promise', ID = '1449'
Method 'A0SystemStringA0SystemSRget_Task_Start_ContinuationTask', ID = '1450'
Method 'A0SystemStringA0SystemSRget_Task_Start_AlreadyStarted', ID = '1451'
Method 'A0SystemStringA0SystemSRget_Task_RunSynchronously_Continuation', ID = '1452'
Method 'A0SystemStringA0SystemSRget_Task_RunSynchronously_Promise', ID = '1453'
Method 'A0SystemStringA0SystemSRget_Task_RunSynchronously_TaskCompleted', ID = '1454'
Method 'A0SystemStringA0SystemSRget_Task_RunSynchronously_AlreadyStarted', ID = '1455'
Method 'A0SystemStringA0SystemSRget_AsyncMethodBuilder_InstanceNotInitialized', ID = '1456'
Method 'A0SystemStringA0SystemSRget_Task_ContinueWith_ESandLR', ID = '1457'
Method 'A0SystemStringA0SystemSRget_Task_ContinueWith_NotOnAnything', ID = '1458'
Method 'A0SystemStringA0SystemSRget_Task_InvalidTimerTimeSpan', ID = '1459'
Method 'A0SystemStringA0SystemSRget_Task_Delay_InvalidMillisecondsDelay', ID = '1460'
Method 'A0SystemStringA0SystemSRget_Task_Dispose_NotCompleted', ID = '1461'
Method 'A0SystemStringA0SystemSRget_Task_ThrowIfDisposed', ID = '1462'
Method 'A0SystemStringA0SystemSRget_Task_WaitMulti_NullTask', ID = '1463'
Method 'A0SystemStringA0SystemSRget_ArgumentException_OtherNotArrayOfCorrectLength', ID = '1464'
Method 'A0SystemStringA0SystemSRget_ArgumentNull_Array', ID = '1465'
Method 'A0SystemStringA0SystemSRget_ArgumentNull_SafeHandle', ID = '1466'
Method 'A0SystemStringA0SystemSRget_ArgumentOutOfRange_EndIndexStartIndex', ID = '1467'
Method 'A0SystemStringA0SystemSRget_ArgumentOutOfRange_Enum', ID = '1468'
Method 'A0SystemStringA0SystemSRget_ArgumentOutOfRange_HugeArrayNotSupported', ID = '1469'
Method 'A0SystemStringA0SystemSRget_Argument_AddingDuplicate', ID = '1470'
Method 'A0SystemStringA0SystemSRget_Argument_InvalidArgumentForComparison', ID = '1471'
Method 'A0SystemStringA0SystemSRget_Arg_LowerBoundsMustMatch', ID = '1472'
Method 'A0SystemStringA0SystemSRget_Arg_MustBeType', ID = '1473'
Method 'A0SystemStringA0SystemSRget_Arg_Need1DArray', ID = '1474'
Method 'A0SystemStringA0SystemSRget_Arg_Need2DArray', ID = '1475'
Method 'A0SystemStringA0SystemSRget_Arg_Need3DArray', ID = '1476'
Method 'A0SystemStringA0SystemSRget_Arg_NeedAtLeast1Rank', ID = '1477'
Method 'A0SystemStringA0SystemSRget_Arg_RankIndices', ID = '1478'
Method 'A0SystemStringA0SystemSRget_Arg_RanksAndBounds', ID = '1479'
Method 'A0SystemStringA0SystemSRget_InvalidOperation_IComparerFailed', ID = '1480'
Method 'A0SystemStringA0SystemSRget_NotSupported_FixedSizeCollection', ID = '1481'
Method 'A0SystemStringA0SystemSRget_Rank_MultiDimNotSupported', ID = '1482'
Method 'A0SystemStringA0SystemSRget_Arg_TypeNotSupported', ID = '1483'
Method 'A0SystemStringA0SystemSRget_Argument_SpansMustHaveSameLength', ID = '1484'
Method 'A0SystemStringA0SystemSRget_Argument_InvalidFlag', ID = '1485'
Method 'A0SystemStringA0SystemSRget_CancellationTokenSource_Disposed', ID = '1486'
Method 'A0SystemStringA0SystemSRget_Argument_AlignmentMustBePow2', ID = '1487'
Method 'SystemVoidA0SystemArgumentNullExceptionctorA0SystemString', ID = '1489'
Method 'A0SystemByteA0InternalRuntimeCompilerServicesUnsafeAsA0SystemByteA0SystemByteA0SystemByte', ID = '1491'
Method 'A0SystemBooleanA0SystemRuntimeIntrinsicsArmAdvSimdArm64get_IsSupported', ID = '1494'
Method 'A0SystemInt32A0A0SystemRuntimeIntrinsicsVector1281A0SystemByteget_Count', ID = '1495'
Method 'A0SystemUIntPtrA0SystemSpanHelpersUnalignedCountVector128A0SystemByte', ID = '1496'
Method 'A0SystemBooleanA0SystemNumericsVectorget_IsHardwareAccelerated', ID = '1497'
Method 'A0SystemInt32A0A0SystemNumericsVector1A0SystemByteget_Count', ID = '1498'
Method 'A0SystemUIntPtrA0SystemSpanHelpersUnalignedCountVectorA0SystemByte', ID = '1499'
Method 'A0SystemByteA0InternalRuntimeCompilerServicesUnsafeAddByteOffsetA0SystemByteA0SystemByteA0SystemUIntPtr', ID = '1500'
Method 'A0SystemVoidpointerA0InternalRuntimeCompilerServicesUnsafeAsPointerA0SystemByteA0SystemByte', ID = '1502'
Method 'A0SystemInt32A0A0SystemRuntimeIntrinsicsVector2561A0SystemByteget_Count', ID = '1503'
Method 'A0A0SystemRuntimeIntrinsicsVector1281A0SystemByteA0SystemRuntimeIntrinsicsVector128CreateA0SystemByte', ID = '1504'
Method 'A0A0SystemRuntimeIntrinsicsVector1281A0SystemByteA0SystemSpanHelpersLoadVector128A0SystemByteA0SystemUIntPtr', ID = '1505'
Method 'A0A0SystemRuntimeIntrinsicsVector1281A0SystemByteA0SystemRuntimeIntrinsicsX86Sse2CompareEqualA0A0SystemRuntimeIntrinsicsVector1281A0SystemByteA0A0SystemRuntimeIntrinsicsVector1281A0SystemByte', ID = '1506'
Method 'A0SystemInt32A0SystemRuntimeIntrinsicsX86Sse2MoveMaskA0A0SystemRuntimeIntrinsicsVector1281A0SystemByte', ID = '1507'
Method 'A0SystemInt32A0SystemNumericsBitOperationsTrailingZeroCountA0SystemInt32', ID = '1508'
Method 'A0SystemUIntPtrA0SystemSpanHelpersGetByteVector256SpanLengthA0SystemUIntPtrA0SystemInt32', ID = '1509'
Method 'A0A0SystemRuntimeIntrinsicsVector2561A0SystemByteA0SystemRuntimeIntrinsicsVector256CreateA0SystemByte', ID = '1510'
Method 'A0A0SystemRuntimeIntrinsicsVector2561A0SystemByteA0SystemSpanHelpersLoadVector256A0SystemByteA0SystemUIntPtr', ID = '1511'
Method 'A0A0SystemRuntimeIntrinsicsVector2561A0SystemByteA0SystemRuntimeIntrinsicsX86Avx2CompareEqualA0A0SystemRuntimeIntrinsicsVector2561A0SystemByteA0A0SystemRuntimeIntrinsicsVector2561A0SystemByte', ID = '1512'
Method 'A0SystemInt32A0SystemRuntimeIntrinsicsX86Avx2MoveMaskA0A0SystemRuntimeIntrinsicsVector2561A0SystemByte', ID = '1513'
Method 'A0SystemUIntPtrA0SystemSpanHelpersGetByteVector128SpanLengthA0SystemUIntPtrA0SystemInt32', ID = '1514'
Method 'A0SystemUIntPtrA0SystemSpanHelpersGetByteVectorSpanLengthA0SystemUIntPtrA0SystemInt32', ID = '1515'
Method 'SystemVoidA0A0SystemNumericsVector1A0SystemBytectorA0SystemByte', ID = '1516'
Method 'A0A0SystemNumericsVector1A0SystemByteA0SystemSpanHelpersLoadVectorA0SystemByteA0SystemUIntPtr', ID = '1517'
Method 'A0A0SystemNumericsVector1A0SystemByteA0SystemNumericsVectorEqualsA0SystemByteA0A0SystemNumericsVector1A0SystemByteA0A0SystemNumericsVector1A0SystemByte', ID = '1518'
Method 'A0A0SystemNumericsVector1A0SystemByteA0A0SystemNumericsVector1A0SystemByteget_Zero', ID = '1519'
Method 'A0SystemBooleanA0A0SystemNumericsVector1A0SystemByteEqualsA0A0SystemNumericsVector1A0SystemByte', ID = '1520'
Method 'A0SystemInt32A0SystemSpanHelpersLocateFirstFoundByteA0A0SystemNumericsVector1A0SystemByte', ID = '1521'
Method 'A0SystemVoidpointerA0InternalRuntimeCompilerServicesUnsafeAsPointerA0SystemCharA0SystemChar', ID = '1522'
Method 'A0SystemInt32A0A0SystemRuntimeIntrinsicsVector1281A0SystemUInt16get_Count', ID = '1523'
Method 'A0SystemIntPtrA0SystemSpanHelpersUnalignedCountVector128A0SystemChar', ID = '1524'
Method 'A0SystemInt32A0A0SystemNumericsVector1A0SystemUInt16get_Count', ID = '1525'
Method 'A0SystemIntPtrA0SystemSpanHelpersUnalignedCountVectorA0SystemChar', ID = '1526'
Method 'A0A0SystemRuntimeIntrinsicsVector1281A0SystemUInt16A0SystemRuntimeIntrinsicsVector128CreateA0SystemUInt16', ID = '1527'
Method 'A0A0SystemRuntimeIntrinsicsVector1281A0SystemUInt16A0SystemSpanHelpersLoadVector128A0SystemCharA0SystemIntPtr', ID = '1528'
Method 'A0A0SystemRuntimeIntrinsicsVector1281A0SystemUInt16A0SystemRuntimeIntrinsicsX86Sse2CompareEqualA0A0SystemRuntimeIntrinsicsVector1281A0SystemUInt16A0A0SystemRuntimeIntrinsicsVector1281A0SystemUInt16', ID = '1529'
Method 'A0A0SystemRuntimeIntrinsicsVector1281A0SystemByteA0SystemRuntimeIntrinsicsVector128AsByteA0SystemUInt16A0A0SystemRuntimeIntrinsicsVector1281A0SystemUInt16', ID = '1530'
Method 'A0SystemIntPtrA0SystemSpanHelpersGetCharVector256SpanLengthA0SystemIntPtrA0SystemIntPtr', ID = '1531'
Method 'A0A0SystemRuntimeIntrinsicsVector2561A0SystemUInt16A0SystemRuntimeIntrinsicsVector256CreateA0SystemUInt16', ID = '1532'
Method 'A0A0SystemRuntimeIntrinsicsVector2561A0SystemUInt16A0SystemSpanHelpersLoadVector256A0SystemCharA0SystemIntPtr', ID = '1533'
Method 'A0A0SystemRuntimeIntrinsicsVector2561A0SystemUInt16A0SystemRuntimeIntrinsicsX86Avx2CompareEqualA0A0SystemRuntimeIntrinsicsVector2561A0SystemUInt16A0A0SystemRuntimeIntrinsicsVector2561A0SystemUInt16', ID = '1534'
Method 'A0A0SystemRuntimeIntrinsicsVector2561A0SystemByteA0SystemRuntimeIntrinsicsVector256AsByteA0SystemUInt16A0A0SystemRuntimeIntrinsicsVector2561A0SystemUInt16', ID = '1535'
Method 'A0SystemInt32A0A0SystemRuntimeIntrinsicsVector2561A0SystemUInt16get_Count', ID = '1536'
Method 'A0SystemIntPtrA0SystemSpanHelpersGetCharVector128SpanLengthA0SystemIntPtrA0SystemIntPtr', ID = '1537'
Method 'A0SystemIntPtrA0SystemSpanHelpersGetCharVectorSpanLengthA0SystemIntPtrA0SystemIntPtr', ID = '1538'
Method 'SystemVoidA0A0SystemNumericsVector1A0SystemUInt16ctorA0SystemUInt16', ID = '1539'
Method 'A0A0SystemNumericsVector1A0SystemUInt16A0SystemSpanHelpersLoadVectorA0SystemCharA0SystemIntPtr', ID = '1540'
Method 'A0A0SystemNumericsVector1A0SystemUInt16A0SystemNumericsVectorEqualsA0SystemUInt16A0A0SystemNumericsVector1A0SystemUInt16A0A0SystemNumericsVector1A0SystemUInt16', ID = '1541'
Method 'A0A0SystemNumericsVector1A0SystemUInt16A0A0SystemNumericsVector1A0SystemUInt16get_Zero', ID = '1542'
Method 'A0SystemBooleanA0A0SystemNumericsVector1A0SystemUInt16EqualsA0A0SystemNumericsVector1A0SystemUInt16', ID = '1543'
Method 'A0SystemInt32A0SystemSpanHelpersLocateFirstFoundCharA0A0SystemNumericsVector1A0SystemUInt16', ID = '1544'
Method 'A0SystemInt32A0InternalRuntimeCompilerServicesUnsafeAsA0SystemByteA0SystemInt32A0SystemByte', ID = '1546'
Method 'A0SystemInt32A0InternalRuntimeCompilerServicesUnsafeAddA0SystemInt32A0SystemInt32A0SystemIntPtr', ID = '1547'
Method 'A0SystemInt64A0InternalRuntimeCompilerServicesUnsafeAsA0SystemByteA0SystemInt64A0SystemByte', ID = '1551'
Method 'A0SystemInt64A0InternalRuntimeCompilerServicesUnsafeAddA0SystemInt64A0SystemInt64A0SystemIntPtr', ID = '1552'
Method 'A0SystemVoidA0SystemThrowHelperThrowArgumentExceptionA0SystemExceptionResource', ID = '1558'
Method 'A0SystemStringA0SystemSRget_Arg_NotSupportedException', ID = '1561'
Method 'A0SystemBooleanA0SystemDateTimeEqualsA0SystemObject', ID = '1562'
Method 'A0SystemBooleanA0A0SystemNullable1A0SystemByteEqualsA0SystemObject', ID = '1563'
Method 'A0SystemBooleanA0SystemRuntimeTypeEqualsA0SystemObject', ID = '1564'
Method 'A0SystemBooleanA0SystemInt64EqualsA0SystemObject', ID = '1565'
Method 'A0SystemBooleanA3CosmosSystem_PlugsSystemValueTypeImplEqualsA0SystemObject', ID = '1566'
Method 'A0SystemBooleanA2CosmosCore_PlugsSystemMulticastDelegateImplEqualsA0SystemObject', ID = '1568'
Method 'A0SystemBooleanA2CosmosCore_PlugsSystemDelegateImplEqualsA0SystemObject', ID = '1569'
Method 'A0SystemBooleanA0SystemDoubleIsNaNA0SystemDouble', ID = '1570'
Method 'A0SystemStringA0SystemSRget_NotSupported_CannotCallEqualsOnSpan', ID = '1571'
Method 'A0SystemBooleanA3CosmosSystem_PlugsSystemEnumImplEqualsA0SystemObject', ID = '1572'
Method 'A0SystemTextEncoderFallbackA0SystemTextEncodingget_EncoderFallback', ID = '1573'
Method 'A0SystemTextDecoderFallbackA0SystemTextEncodingget_DecoderFallback', ID = '1574'
Method 'A0SystemBooleanA0SystemTypeEqualsA0SystemType', ID = '1575'
Method 'A0SystemBooleanA2CosmosCore_PlugsSystemRuntimeCompilerServicesRuntimeHelpersImplEqualsA0SystemObjectA0SystemObject', ID = '1576'
Method 'A0SystemInt32A0SystemDateTimeGetHashCode', ID = '1577'
Method 'A0SystemInt32A0A0SystemNullable1A0SystemByteGetHashCode', ID = '1578'
Method 'A0SystemInt32A0SystemRuntimeTypeGetHashCode', ID = '1579'
Method 'A0SystemInt32A0SystemInt64GetHashCode', ID = '1580'
Method 'A0SystemInt32A3CosmosSystem_PlugsSystemValueTypeImplGetHashCode', ID = '1581'
Method 'A0SystemUInt64A0SystemMarvinget_DefaultSeed', ID = '1582'
Method 'A0SystemInt32A0SystemMarvinComputeHash32A0SystemByteA0SystemUInt32A0SystemUInt32A0SystemUInt32', ID = '1583'
Method 'A0SystemBooleanA0SystemMulticastDelegateIsUnmanagedFunctionPtr', ID = '1584'
Method 'A0SystemIntPtrA0SystemIntPtrop_ExplicitA0SystemInt32', ID = '1586'
Method 'A0SystemBooleanA0SystemIntPtrop_InequalityA0SystemIntPtrA0SystemIntPtr', ID = '1587'
Method 'A0SystemBooleanA0SystemIntPtrop_EqualityA0SystemIntPtrA0SystemIntPtr', ID = '1589'
Method 'A0SystemDoubleA0InternalRuntimeCompilerServicesUnsafeAsRefA0SystemDoubleA0SystemDouble', ID = '1591'
Method 'A0SystemInt64A0InternalRuntimeCompilerServicesUnsafeAsA0SystemDoubleA0SystemInt64A0SystemDouble', ID = '1592'
Method 'A0SystemStringA0SystemSRget_NotSupported_CannotCallGetHashCodeOnSpan', ID = '1593'
Method 'A0SystemInt32A3CosmosSystem_PlugsSystemEnumImplGetHashCode', ID = '1594'
Method 'A0SystemInt32A3CosmosSystem_PlugsSystemIntPtrImplGetHashCode', ID = '1595'
Method 'A0SystemInt32A3CosmosSystem_PlugsSystemUIntPtrImplGetHashCode', ID = '1596'
Method 'A0SystemVoidA2CosmosCore_PlugsSystemStringImplCtorA0A0SystemChararrayA0SystemStringA0SystemInt32A0SystemCharpointer', ID = '1598'
Method 'A0SystemBooleanA2CosmosCore_PlugsSystemRuntimeCompilerServicesRuntimeHelpersImplIsReferenceOrContainsReferencesA0SystemChar', ID = '1599'
Method 'A0SystemVoidA2CosmosCore_PlugsSystemBufferImpl__MemmoveA0SystemBytepointerA0SystemBytepointerA0SystemUInt32', ID = '1600'
Method 'A0SystemVoidA2CosmosCore_PlugsSystemBufferImpl__BulkMoveWithWriteBarrierA0SystemByteA0SystemByteA0SystemUInt32', ID = '1601'
Method 'A0SystemStringA11CosmosCommonStringHelperGetNumberStringA0SystemUInt64', ID = '1604'
Method 'A0SystemVoidA1CosmosCoreMemoryHeapSmallAddRootSMTBlockA1CosmosCoreMemorySMTPagepointerA0SystemUInt32', ID = '1605'
Method 'A0SystemStringA3CosmosSystem_PlugsSystemByteImplToString', ID = '1606'
Method 'A0SystemStringA3CosmosSystem_PlugsSystemByteImplToStringA0SystemStringA0SystemIFormatProvider', ID = '1607'
Method 'A0SystemStringA3CosmosSystem_PlugsSystemUInt16ImplToString', ID = '1608'
Method 'A0SystemStringA3CosmosSystem_PlugsSystemUInt16ImplToStringA0SystemStringA0SystemIFormatProvider', ID = '1609'
Method 'A1CosmosCoreMemorySMTBlockpointerA1CosmosCoreMemoryHeapSmallGetFirstWithSpaceA1CosmosCoreMemoryRootSMTBlockpointerA0SystemUInt32', ID = '1610'
Method 'A0SystemVoidA1CosmosCoreMemoryHeapMarkAndSweepObjectA0SystemVoidpointer', ID = '1612'
Method 'A0SystemVoidA1CosmosCoreMemoryHeapFreeA0SystemVoidpointer', ID = '1614'
Method 'A0SystemVoidA12CosmosCore_AsmCPUImplZeroFillA0SystemUInt32A0SystemUInt32', ID = '1615'
Method 'A0SystemBooleanA0SystemAppContextTryGetSwitchA0SystemStringA0SystemBoolean', ID = '1617'
Method 'A0SystemStringA2CosmosCore_PlugsSystemSRImplInternalGetResourceStringA0SystemString', ID = '1619'
Method 'A0SystemInt64A0SystemIntPtrToInt64', ID = '1621'
Method 'SystemVoidA0SystemDateTimecctor', ID = '1631'
Method 'A0SystemByteA6CosmosHALRTCget_Century', ID = '1647'
Method 'SystemVoidA0SystemDateTimectorA0SystemInt32A0SystemInt32A0SystemInt32A0SystemInt32A0SystemInt32A0SystemInt32', ID = '1648'
Method 'SystemVoidA0A0SystemSZGenericArrayEnumerator1A0SystemBytecctor', ID = '1649'
Method 'A0SystemBooleanA0SystemRuntimeCompilerServicesRuntimeHelpersIsBitwiseEquatableA0SystemByte', ID = '1650'
Method 'A0SystemInt32A0InternalRuntimeCompilerServicesUnsafeSizeOfA0SystemByte', ID = '1651'
Method 'A0A0SystemCollectionsGenericEqualityComparer1A0SystemByteA0A0SystemCollectionsGenericEqualityComparer1A0SystemByteget_Default', ID = '1652'
Method 'A0SystemInt32A0A0SystemCollectionsGenericEqualityComparer1A0SystemByteIndexOfA0A0SystemBytearrayA0SystemByteA0SystemInt32A0SystemInt32', ID = '1653'
Method 'SystemVoidA8A8CosmosIL2CPUSZArrayImpl1GetEnumeratord__0A0SystemBytectorA0SystemInt32', ID = '1654'
Method 'A0SystemVoidA1CosmosCoreINTsPutErrorStringA0SystemInt32A0SystemInt32A0SystemString', ID = '1660'
Method 'A0SystemVoidA1CosmosCoreINTsPutErrorCharA0SystemInt32A0SystemInt32A0SystemChar', ID = '1661'
Method 'A0SystemByteA12CosmosCore_AsmIOPortImplRead8A0SystemUInt16', ID = '1664'
Method 'A0SystemVoidA12CosmosCore_AsmIOPortImplWrite8A0SystemUInt16A0SystemByte', ID = '1665'
Method 'SystemVoidA0SystemIOStreamcctor', ID = '1667'
Method 'SystemVoidA1CosmosCoreMemoryBlock08ctorA0SystemUInt32A0SystemUInt32', ID = '1670'
Method 'SystemVoidA1CosmosCoreMemoryBlock16ctorA0SystemUInt32A0SystemUInt32', ID = '1671'
Method 'SystemVoidA1CosmosCoreMemoryBlock32ctorA0SystemUInt32A0SystemUInt32', ID = '1672'
Method 'A0SystemUInt16A6CosmosHALTextScreenget_Cols', ID = '1675'
Method 'A0SystemUInt16A6CosmosHALTextScreenget_Rows', ID = '1676'
Method 'A0SystemVoidA6CosmosHALTextScreenSetCursorSizeA0SystemInt32', ID = '1677'
Method 'A0SystemVoidA6CosmosHALTextScreenSetCursorVisibleA0SystemBoolean', ID = '1678'
Method 'SystemVoidA1CosmosCoreGlobalcctor', ID = '1679'
Method 'A0SystemVoidA4CosmosSystemConsoleClear', ID = '1680'
Method 'A0SystemUInt32A6CosmosHALPCIDeviceGetAddressBaseA0SystemUInt32A0SystemUInt32A0SystemUInt32', ID = '1683'
Method 'SystemVoidA6CosmosHALPCIDevicectorA0SystemUInt32A0SystemUInt32A0SystemUInt32', ID = '1685'
Method 'A0SystemVoidA6CosmosHALPCICheckFunctionA6CosmosHALPCIDevice', ID = '1686'
Method 'SystemVoidA1CosmosCoreACPIcctor', ID = '1687'
Method 'A0SystemUInt32A1CosmosCoreACPIRSDPAddress', ID = '1688'
Method 'A0SystemInt32A1CosmosCoreACPIacpiCheckHeaderA0SystemBytepointerA0SystemString', ID = '1689'
Method 'A0SystemInt32pointerA1CosmosCoreACPIfacpgetA0SystemInt32', ID = '1691'
Method 'A0SystemInt32A1CosmosCoreACPICompareA0SystemStringA0SystemBytepointer', ID = '1692'
Method 'A0SystemByteA1CosmosCoreACPIfacpbgetA0SystemInt32', ID = '1696'
Method 'A0SystemStringA0A0SystemNullable1A0SystemByteToString', ID = '1706'
Method 'A0SystemBooleanA6CosmosHALPS2ControllerWaitToWrite', ID = '1708'
Method 'A0SystemBooleanA0A0SystemNullable1A0SystemByteget_HasValue', ID = '1709'
Method 'A0SystemByteA0A0SystemNullable1A0SystemByteget_Value', ID = '1710'
Method 'A0SystemStringA11CosmosCommonExtensionsToHexStringToHexA0SystemByte', ID = '1711'
Method 'A0SystemStringA0SystemStringConcatA0SystemStringA0SystemStringA0SystemStringA0SystemString', ID = '1712'
Method 'A0SystemVoidA6CosmosHALPS2ControllerSendDeviceCommandA6CosmosHALPS2ControllerDeviceCommandA0SystemBooleanA0A0SystemNullable1A0SystemByte', ID = '1714'
Method 'A0SystemBooleanA6CosmosHALPS2ControllerReadByteAfterAckWithTimeoutA0SystemByte', ID = '1715'
Method 'SystemVoidA6CosmosHALPS2MousectorA0SystemByteA0SystemByte', ID = '1716'
Method 'A0SystemBooleanA6CosmosHALPS2ControllerReadDataWithTimeoutA0SystemByte', ID = '1718'
Method 'SystemVoidA6CosmosHALPS2KeyboardctorA0SystemByte', ID = '1719'
Method 'SystemVoidA6CosmosHALBlockDeviceIDEcctor', ID = '1721'
Method 'SystemVoidA6CosmosHALBlockDeviceATA_PIOctorA1CosmosCoreIOGroupATAA6CosmosHALBlockDeviceAtaControllerIdEnumA6CosmosHALBlockDeviceAtaBusPositionEnum', ID = '1726'
Method 'A6CosmosHALBlockDeviceATA_PIOSpecLevelA6CosmosHALBlockDeviceATA_PIOget_DriveType', ID = '1727'
Method 'SystemVoidA6CosmosHALBlockDeviceATAPIctorA6CosmosHALBlockDeviceATA_PIO', ID = '1730'
Method 'SystemVoidA6CosmosHALBlockDevicePartitionctorA6CosmosHALBlockDeviceBlockDeviceA0SystemUInt64A0SystemUInt64', ID = '1731'
Method 'A0SystemVoidA6CosmosHALBlockDeviceIDEScanAndInitPartitionsA6CosmosHALBlockDeviceBlockDevice', ID = '1732'
Method 'SystemVoidA0A0SystemCollectionsGenericList1EnumeratorA6CosmosHALBlockDeviceBlockDevicectorA0A0SystemCollectionsGenericList1A6CosmosHALBlockDeviceBlockDevice', ID = '1734'
Method 'SystemVoidA6CosmosHALBlockDeviceBlockDevicecctor', ID = '1735'
Method 'A0SystemVoidA0A0SystemCollectionsGenericList1A6CosmosHALBlockDeviceBlockDeviceAddWithResizeA6CosmosHALBlockDeviceBlockDevice', ID = '1736'
Method 'A0SystemBooleanA0A0SystemCollectionsGenericList1EnumeratorA6CosmosHALBlockDeviceBlockDeviceMoveNextRare', ID = '1737'
Method 'A0SystemVoidA0SystemIOTextWriterDispose', ID = '1739'
Method 'A0SystemVoidA0A0SystemSZGenericArrayEnumerator1A0SystemUInt32Dispose', ID = '1740'
Method 'A0SystemVoidA0A0SystemSZGenericArrayEnumerator1A0SystemDelegateDispose', ID = '1741'
Method 'A0SystemVoidA0A0SystemSZGenericArrayEnumerator1A0SystemObjectDispose', ID = '1742'
Method 'A0SystemVoidA8A8CosmosIL2CPUSZArrayImpl1GetEnumeratord__0A0SystemUInt32SystemIDisposableDispose', ID = '1743'
Method 'A0SystemVoidA8A8CosmosIL2CPUSZArrayImpl1GetEnumeratord__0A0SystemDelegateSystemIDisposableDispose', ID = '1744'
Method 'A0SystemVoidA8A8CosmosIL2CPUSZArrayImpl1GetEnumeratord__0A0SystemObjectSystemIDisposableDispose', ID = '1745'
Method 'A0SystemVoidA0A0SystemSZGenericArrayEnumerator1A0SystemByteDispose', ID = '1746'
Method 'A0SystemVoidA0SystemIOStreamDispose', ID = '1747'
Method 'A0SystemVoidA0A0SystemCollectionsGenericList1EnumeratorA6CosmosHALBlockDeviceBlockDeviceDispose', ID = '1748'
Method 'A0SystemVoidA0A0SystemCollectionsGenericList1EnumeratorA6CosmosHALBlockDevicePartitionDispose', ID = '1749'
Method 'A0SystemVoidA0A0SystemCollectionsGenericList1EnumeratorA6CosmosHALPCIDeviceDispose', ID = '1750'
Method 'A0SystemVoidA0A0SystemSZGenericArrayEnumerator1A0SystemCharDispose', ID = '1751'
Method 'A0SystemVoidA8A8CosmosIL2CPUSZArrayImpl1GetEnumeratord__0A0SystemByteSystemIDisposableDispose', ID = '1752'
Method 'A0SystemVoidA0SystemIOTextReaderDispose', ID = '1753'
Method 'A0SystemVoidA0SystemThreadingSemaphoreSlimDispose', ID = '1754'
Method 'SystemVoidA0A0SystemCollectionsGenericList1EnumeratorA6CosmosHALBlockDevicePartitionctorA0A0SystemCollectionsGenericList1A6CosmosHALBlockDevicePartition', ID = '1756'
Method 'SystemVoidA6CosmosHALBlockDevicePartitioncctor', ID = '1757'
Method 'A0SystemStringA6CosmosHALBlockDevicePartitionToString', ID = '1758'
Method 'A0SystemVoidA0A0SystemCollectionsGenericList1A6CosmosHALBlockDevicePartitionAddWithResizeA6CosmosHALBlockDevicePartition', ID = '1759'
Method 'A0SystemBooleanA0A0SystemCollectionsGenericList1EnumeratorA6CosmosHALBlockDevicePartitionMoveNextRare', ID = '1760'
Method 'SystemVoidA6CosmosHALBlockDeviceAHCIcctor', ID = '1762'
Method 'A0SystemVoidA6CosmosHALPCIDeviceEnableBusMasterA0SystemBoolean', ID = '1763'
Method 'A0SystemVoidA6CosmosHALPCIDeviceEnableMemoryA0SystemBoolean', ID = '1764'
Method 'A0SystemUInt32A6CosmosHALPCIBaseAddressBarget_BaseAddress', ID = '1765'
Method 'SystemVoidA6CosmosHALBlockDeviceRegistersGenericRegistersctorA0SystemUInt32', ID = '1767'
Method 'A0SystemUInt32A6CosmosHALBlockDeviceRegistersGenericRegistersget_GlobalHostControl', ID = '1769'
Method 'A0SystemVoidA6CosmosHALBlockDeviceRegistersGenericRegistersset_GlobalHostControlA0SystemUInt32', ID = '1770'
Method 'A0SystemVoidA6CosmosHALBlockDeviceAHCIGetCapabilities', ID = '1771'
Method 'A0SystemVoidA0A0SystemCollectionsGenericList1A6CosmosHALBlockDevicePortsStoragePortset_CapacityA0SystemInt32', ID = '1774'
Method 'A0SystemVoidA6CosmosHALBlockDeviceAHCIGetPorts', ID = '1775'
Method 'A0A0SystemCollectionsGenericList1EnumeratorA6CosmosHALBlockDevicePortsStoragePortA0A0SystemCollectionsGenericList1A6CosmosHALBlockDevicePortsStoragePortGetEnumerator', ID = '1776'
Method 'A6CosmosHALBlockDevicePortsStoragePortA0A0SystemCollectionsGenericList1EnumeratorA6CosmosHALBlockDevicePortsStoragePortget_Current', ID = '1777'
Method 'A0SystemBooleanA0A0SystemCollectionsGenericList1EnumeratorA6CosmosHALBlockDevicePortsStoragePortMoveNext', ID = '1782'
Method 'SystemVoidA0A0SystemCollectionsGenericList1EnumeratorA6CosmosHALPCIDevicectorA0A0SystemCollectionsGenericList1A6CosmosHALPCIDevice', ID = '1784'
Method 'A0SystemObjectA0SystemArrayClone', ID = '1791'
Method 'SystemVoidA6CosmosHALNetworkDevicector', ID = '1793'
Method 'A0SystemVoidA6CosmosHALPCIDeviceset_ClaimedA0SystemBoolean', ID = '1794'
Method 'A0SystemVoidA6CosmosHALPCIDeviceEnableDevice', ID = '1795'
Method 'A0SystemByteA11CosmosCommonBinaryHelperGetByteFrom32bitA0SystemUInt32A0SystemByte', ID = '1796'
Method 'SystemVoidA6CosmosHALNetworkMACAddressctorA0A0SystemBytearray', ID = '1797'
Method 'SystemVoidA1CosmosCoreManagedMemoryBlockctorA0SystemUInt32A0SystemInt32', ID = '1798'
Method 'A0SystemVoidA1CosmosCoreManagedMemoryBlockWrite32A0SystemUInt32A0SystemUInt32', ID = '1799'
Method 'A0SystemVoidA6CosmosHALDriversNetworkAMDPCNetIIset_InitializationBlockAddressA0SystemUInt32', ID = '1801'
Method 'A0SystemVoidA6CosmosHALDriversNetworkAMDPCNetIIset_SoftwareStyleRegisterA0SystemUInt32', ID = '1802'
Method 'SystemVoidA0A0SystemCollectionsGenericList1A1CosmosCoreManagedMemoryBlockctor', ID = '1803'
Method 'SystemVoidA1CosmosCoreManagedMemoryBlockctorA0SystemUInt32', ID = '1804'
Method 'A0SystemVoidA0A0SystemCollectionsGenericList1A1CosmosCoreManagedMemoryBlockAddA1CosmosCoreManagedMemoryBlock', ID = '1805'
Method 'SystemVoidA0A0SystemCollectionsGenericQueue1A0A0SystemBytearrayctor', ID = '1806'
Method 'A0SystemVoidA6CosmosHALDriversNetworkAMDPCNetIIHandleNetworkInterruptA1CosmosCoreINTsIRQContext', ID = '1807'
Method 'A6CosmosHALNetworkMACAddressA6CosmosHALDriversNetworkAMDPCNetIIget_MACAddress', ID = '1810'
Method 'A0SystemBooleanA6CosmosHALDriversNetworkAMDPCNetIIEnable', ID = '1811'
Method 'A0SystemVoidA6CosmosHALDriversNetworkRTL8139HandleNetworkInterruptA1CosmosCoreINTsIRQContext', ID = '1813'
Method 'A0SystemVoidA6CosmosHALDriversNetworkRTL8139SoftwareReset', ID = '1814'
Method 'A0SystemVoidA6CosmosHALDriversNetworkRTL8139set_RBStartRegisterA0SystemUInt32', ID = '1815'
Method 'A0SystemVoidA6CosmosHALDriversNetworkRTL8139set_RecvConfigRegisterA0SystemUInt32', ID = '1816'
Method 'A0SystemVoidA6CosmosHALDriversNetworkRTL8139set_TransmitConfigRegisterA0SystemUInt32', ID = '1817'
Method 'A0SystemVoidA6CosmosHALDriversNetworkRTL8139set_IntMaskRegisterA0SystemUInt16', ID = '1818'
Method 'A0SystemVoidA6CosmosHALDriversNetworkRTL8139set_IntStatusRegisterA0SystemUInt16', ID = '1819'
Method 'A0SystemVoidA6CosmosHALDriversNetworkE1000HandleIRQA1CosmosCoreINTsIRQContext', ID = '1821'
Method 'A0SystemBooleanA6CosmosHALDriversNetworkE1000DetectEEPROM', ID = '1822'
Method 'A0SystemByteA6CosmosHALDriversNetworkE1000Read1ByteRegisterA0SystemUInt32', ID = '1823'
Method 'A0SystemUInt16A6CosmosHALDriversNetworkE1000ReadROMA0SystemUInt32', ID = '1824'
Method 'A0SystemVoidA6CosmosHALDriversNetworkE1000LinkUp', ID = '1825'
Method 'A0SystemVoidA6CosmosHALDriversNetworkE1000WriteRegisterA0SystemUInt16A0SystemUInt32', ID = '1826'
Method 'A0SystemUInt32A6CosmosHALDriversNetworkE1000ReadRegisterA0SystemUInt16', ID = '1827'
Method 'A0SystemVoidA6CosmosHALDriversNetworkE1000RXInitialize', ID = '1828'
Method 'A0SystemVoidA6CosmosHALDriversNetworkE1000TXInitialize', ID = '1829'
Method 'A0SystemBooleanA0A0SystemCollectionsGenericList1EnumeratorA6CosmosHALPCIDeviceMoveNextRare', ID = '1830'
Method 'A0SystemVoidA0SystemThrowHelperThrowArgumentOutOfRangeExceptionA0SystemExceptionArgument', ID = '1845'
Method 'A0SystemInt32A0A0SystemCollectionsGenericDictionary2A0SystemUInt32A6CosmosHALNetworkDeviceInitializeA0SystemInt32', ID = '1846'
Method 'A0A0SystemCollectionsGenericIEqualityComparer1A0SystemStringA0SystemCollectionsGenericNonRandomizedStringEqualityComparerGetStringComparerA0SystemObject', ID = '1847'
Method 'SystemVoidA4CosmosSystemKeyboardManagercctor', ID = '1848'
Method 'SystemVoidA6CosmosHALDriversVideoVGADriverctor', ID = '1849'
Method 'A0SystemInt32A6CosmosHALDriversVideoVGADriverget_PixelWidth', ID = '1850'
Method 'A0SystemInt32A6CosmosHALDriversVideoVGADriverget_PixelHeight', ID = '1852'
Method 'A0SystemInt32A6CosmosHALDriversVideoVGADriverget_Colors', ID = '1854'
Method 'SystemVoidA6CosmosHALDriversVideoVGADrivercctor', ID = '1856'
Method 'A0SystemVoidA6CosmosHALDriversVideoVGADriverSetPlaneA0SystemByte', ID = '1861'
Method 'A1CosmosCoreMemoryBlockA6CosmosHALDriversVideoVGADriverGetFramebufferSegment', ID = '1862'
Method 'A0SystemVoidA1CosmosCoreMemoryBlockset_ItemA0SystemUInt32A0SystemUInt32', ID = '1863'
Method 'A0SystemVoidA1CosmosCoreMemoryBlockFillA0SystemUInt32A0SystemUInt32A0SystemByte', ID = '1864'
Method 'A13SystemDrawingColorA13SystemDrawingColorFromArgbA0SystemUInt32', ID = '1868'
Method 'A0SystemByteA13SystemDrawingColorget_R', ID = '1869'
Method 'A0SystemByteA13SystemDrawingColorget_G', ID = '1870'
Method 'A0SystemByteA13SystemDrawingColorget_B', ID = '1871'
Method 'A0SystemVoidA6CosmosHALDriversVideoVGADriverSetPaletteEntryA0SystemInt32A0SystemByteA0SystemByteA0SystemByte', ID = '1872'
Method 'SystemVoidA4CosmosSystemExtendedASCIICosmosEncodingProviderctor', ID = '1873'
Method 'SystemVoidA0SystemTextUTF8EncodingUTF8EncodingSealedctorA0SystemBoolean', ID = '1875'
Method 'A0SystemVoidA0SystemArgumentNullExceptionThrowA0SystemString', ID = '1881'
Method 'A0SystemBooleanA0A0SystemNullable1A0SystemBooleanGetValueOrDefault', ID = '1883'
Method 'A0SystemBooleanA0A0SystemNullable1A0SystemBooleanget_HasValue', ID = '1884'
Method 'A0SystemBooleanA4CosmosSystemConsoleIsStdOutRedirected', ID = '1885'
Method 'SystemVoidA0A0SystemNullable1A0SystemBooleanctorA0SystemBoolean', ID = '1886'
Method 'A0SystemBooleanA4CosmosSystemConsoleIsStdErrorRedirected', ID = '1888'
Method 'A0SystemVoidA0A0SystemCollectionsGenericList1A6CosmosHALPITPITTimerAddA6CosmosHALPITPITTimer', ID = '1894'
Method 'A0SystemVoidA12CosmosCore_AsmCPUImplHalt', ID = '1895'
Method 'A0SystemUInt32A6CosmosHALPITget_T0DelayNS', ID = '1897'
Method 'A0SystemInt32A0A0SystemCollectionsGenericList1A6CosmosHALPITPITTimerget_Count', ID = '1898'
Method 'A6CosmosHALPITPITTimerA0A0SystemCollectionsGenericList1A6CosmosHALPITPITTimerget_ItemA0SystemInt32', ID = '1899'
Method 'A0SystemVoidA0A0SystemCollectionsGenericList1A6CosmosHALPITPITTimerRemoveAtA0SystemInt32', ID = '1900'
Method 'A0SystemVoidA12CosmosCore_AsmDelegateImplInvoke', ID = '1662'
Method 'A0SystemVoidA1CosmosCoreINTsSetIntHandlerA0SystemByteA1CosmosCoreINTsIRQDelegate', ID = '1902'
Method 'SystemVoidA3CosmosSystem_PlugsSystemIODirectoryImplcctor', ID = '1903'
Method 'A0SystemVoidA4CosmosSystemConsoleset_BackgroundA7SystemConsoleColor', ID = '1904'
Method 'A0SystemIOTextReaderA3CosmosSystem_PlugsSystemConsoleImplget_In', ID = '1905'
Method 'A0SystemStringA4CosmosSystemIOSyncTextReaderReadLine', ID = '1906'
Method 'SystemVoidA0SystemTextStringBuilderctor', ID = '1907'
Method 'A0SystemInt32A0SystemIOTextReaderRead', ID = '1908'
Method 'A0SystemInt32A0SystemIOTextReaderPeek', ID = '1909'
Method 'A0SystemTextStringBuilderA0SystemTextStringBuilderAppendA0SystemChar', ID = '1910'
Method 'A0SystemInt32A0SystemTextStringBuilderget_Length', ID = '1911'
Method 'SystemVoidA9sanCoreCommandHistorycctor', ID = '1912'
Method 'A0SystemVoidA0A0SystemCollectionsGenericList1A0SystemStringAddWithResizeA0SystemString', ID = '1914'
Method 'A0A0SystemCollectionsGenericIEnumerator1A0SystemStringA0SystemSZArrayHelperGetEnumeratorA0SystemString', ID = '1915'
Method 'A0SystemVoidA0SystemSZArrayHelperCopyToA0SystemStringA0A0SystemStringarrayA0SystemInt32', ID = '1916'
Method 'A0SystemInt32A0SystemSZArrayHelperget_CountA0SystemString', ID = '1917'
Method 'A0SystemStringA0SystemSZArrayHelperget_ItemA0SystemStringA0SystemInt32', ID = '1918'
Method 'A0SystemVoidA0SystemSZArrayHelperset_ItemA0SystemStringA0SystemInt32A0SystemString', ID = '1919'
Method 'A0SystemVoidA0SystemSZArrayHelperAddA0SystemStringA0SystemString', ID = '1920'
Method 'A0SystemBooleanA0SystemSZArrayHelperContainsA0SystemStringA0SystemString', ID = '1921'
Method 'A0SystemBooleanA0SystemSZArrayHelperget_IsReadOnlyA0SystemString', ID = '1922'
Method 'A0SystemVoidA0SystemSZArrayHelperClearA0SystemString', ID = '1923'
Method 'A0SystemInt32A0SystemSZArrayHelperIndexOfA0SystemStringA0SystemString', ID = '1924'
Method 'A0SystemVoidA0SystemSZArrayHelperInsertA0SystemStringA0SystemInt32A0SystemString', ID = '1925'
Method 'A0SystemBooleanA0SystemSZArrayHelperRemoveA0SystemStringA0SystemString', ID = '1926'
Method 'A0SystemVoidA0SystemSZArrayHelperRemoveAtA0SystemStringA0SystemInt32', ID = '1927'
Method 'A0SystemVoidA0SystemStringCheckStringSplitOptionsA0SystemStringSplitOptions', ID = '1934'
Method 'A0A0SystemStringarrayA0SystemStringSplitInternalA0A0SystemReadOnlySpan1A0SystemCharA0SystemInt32A0SystemStringSplitOptions', ID = '1935'
Method 'A0SystemStringA0SystemStringTrim', ID = '1936'
Method 'A0A0SystemStringarrayA0SystemArrayEmptyA0SystemString', ID = '1937'
Method 'A0A0SystemStringarrayA0SystemStringSplitInternalA0SystemStringA0SystemInt32A0SystemStringSplitOptions', ID = '1938'
Method 'SystemVoidA0A0SystemSpan1A0SystemInt32ctorA0SystemVoidpointerA0SystemInt32', ID = '1939'
Method 'SystemVoidA0A0SystemCollectionsGenericValueListBuilder1A0SystemInt32ctorA0A0SystemSpan1A0SystemInt32', ID = '1940'
Method 'A0SystemVoidA0SystemStringMakeSeparatorListA0A0SystemStringarrayA0A0SystemCollectionsGenericValueListBuilder1A0SystemInt32A0A0SystemCollectionsGenericValueListBuilder1A0SystemInt32', ID = '1941'
Method 'A0A0SystemReadOnlySpan1A0SystemInt32A0A0SystemCollectionsGenericValueListBuilder1A0SystemInt32AsSpan', ID = '1942'
Method 'A0SystemInt32A0A0SystemReadOnlySpan1A0SystemInt32get_Length', ID = '1943'
Method 'A0A0SystemStringarrayA0SystemStringSplitWithoutPostProcessingA0A0SystemReadOnlySpan1A0SystemInt32A0A0SystemReadOnlySpan1A0SystemInt32A0SystemInt32A0SystemInt32', ID = '1944'
Method 'A0A0SystemStringarrayA0SystemStringSplitWithPostProcessingA0A0SystemReadOnlySpan1A0SystemInt32A0A0SystemReadOnlySpan1A0SystemInt32A0SystemInt32A0SystemInt32A0SystemStringSplitOptions', ID = '1945'
Method 'A0SystemVoidA0A0SystemCollectionsGenericValueListBuilder1A0SystemInt32Dispose', ID = '1946'
Method 'A0SystemBooleanA4CosmosSystemVMToolsGetIsVirtualBox', ID = '1948'
Method 'A0SystemVoidA12CosmosCore_AsmIOPortImplWrite32A0SystemUInt16A0SystemUInt32', ID = '1949'
Method 'A0SystemBooleanA4CosmosSystemVMToolsGetIsQEMU', ID = '1950'
Method 'A0SystemVoidA12CosmosCore_AsmIOPortImplWrite16A0SystemUInt16A0SystemUInt16', ID = '1951'
Method 'A0SystemVoidA1CosmosCoreACPIShutdown', ID = '1953'
Method 'A0SystemVoidA1CosmosCoreCPUReboot', ID = '1954'
Method 'SystemVoidA9sanCoreManagercctor', ID = '1955'
Method 'SystemVoidA0SystemIOFileStreamctorA0SystemStringA0SystemIOFileModeA0SystemIOFileAccessA0SystemIOFileShareA0SystemInt32', ID = '1957'
Method 'A0SystemVoidA6CosmosHALRTCWaitForReady', ID = '1959'
Method 'A0SystemByteA6CosmosHALRTCFromBCDA0SystemByte', ID = '1962'
Method 'A0SystemVoidA0SystemRuntimeCompilerServicesDefaultInterpolatedStringHandlerAppendCustomFormatterA0SystemByteA0SystemByteA0SystemString', ID = '1963'
Method 'A0A0SystemReadOnlySpan1A0SystemCharA0SystemStringop_ImplicitA0SystemString', ID = '1964'
Method 'A0SystemUInt32A1CosmosCoreMultibootMultiboot2GetMemUpper', ID = '1965'
Method 'A0SystemVoidA0SystemRuntimeCompilerServicesDefaultInterpolatedStringHandlerAppendCustomFormatterA0SystemUInt32A0SystemUInt32A0SystemString', ID = '1966'
Method 'A0SystemBooleanA2CosmosCore_PlugsSystemStringImplEndsWithA0SystemStringA0SystemStringComparison', ID = '1970'
Method 'A0SystemInt64A0SystemDateTimeget_Ticks', ID = '1972'
Method 'SystemVoidA0SystemTimeSpanctorA0SystemInt64', ID = '1973'
Method 'A0SystemBooleanA0SystemCharIsLatin1A0SystemChar', ID = '1974'
Method 'A0SystemBooleanA0SystemCharIsWhiteSpaceLatin1A0SystemChar', ID = '1975'
Method 'A0SystemBooleanA0SystemGlobalizationCharUnicodeInfoGetIsWhiteSpaceA0SystemChar', ID = '1976'
Method 'SystemVoidA0A0SystemSZGenericArrayEnumerator1A0SystemCharcctor', ID = '1977'
Method 'A0SystemBooleanA0SystemRuntimeCompilerServicesRuntimeHelpersIsBitwiseEquatableA0SystemChar', ID = '1978'
Method 'A0SystemInt32A0InternalRuntimeCompilerServicesUnsafeAsA0SystemCharA0SystemInt32A0SystemChar', ID = '1979'
Method 'A0SystemInt64A0InternalRuntimeCompilerServicesUnsafeAsA0SystemCharA0SystemInt64A0SystemChar', ID = '1980'
Method 'A0A0SystemCollectionsGenericEqualityComparer1A0SystemCharA0A0SystemCollectionsGenericEqualityComparer1A0SystemCharget_Default', ID = '1981'
Method 'A0SystemInt32A0A0SystemCollectionsGenericEqualityComparer1A0SystemCharIndexOfA0A0SystemChararrayA0SystemCharA0SystemInt32A0SystemInt32', ID = '1982'
Method 'SystemVoidA8A8CosmosIL2CPUSZArrayImpl1GetEnumeratord__0A0SystemCharctorA0SystemInt32', ID = '1983'
Method 'SystemVoidA2A2CosmosCore_PlugsSystemBuffersArrayPoolImpl1CosmosArrayPoolA0SystemCharctor', ID = '1985'
Method 'A0SystemBooleanA0SystemRuntimeTypeIsValueTypeImpl', ID = '1989'
Method 'A0SystemBooleanA0SystemTypeIsSubclassOfA0SystemType', ID = '1990'
Method 'A0SystemStringA0SystemSRget_Arg_ArrayTypeMismatchException', ID = '1992'
Method 'A0SystemStringA0SystemRuntimeTypeToString', ID = '1996'
Method 'A0SystemVoidA2CosmosCore_PlugsSystemTypeImplCCtor', ID = '1999'
Method 'SystemVoidA2CosmosCoreCosmosRuntimeTypector', ID = '2000'
Method 'A0SystemStringA1CosmosCoreVTablesImplGetNameA0SystemUInt32', ID = '2001'
Method 'A0SystemStringA1CosmosCoreVTablesImplGetAssemblyQualifiedNameA0SystemUInt32', ID = '2002'
Method 'A0SystemStringA0SystemSRget_Argument_MinMaxValue', ID = '2003'
Method 'A0SystemStringA0SystemSRFormatA0SystemStringA0SystemObjectA0SystemObject', ID = '2004'
Method 'SystemVoidA0SystemNumbercctor', ID = '2005'
Method 'A0SystemInt32A0SystemBuffersTextFormattingHelpersCountDigitsA0SystemUInt32', ID = '2006'
Method 'A0A0SystemValueTuple2A0SystemUInt32A0SystemUInt32A0SystemMathDivRemA0SystemUInt32A0SystemUInt32', ID = '2007'
Method 'A0SystemCharpointerA0SystemNumberUInt32ToDecCharsA0SystemCharpointerA0SystemUInt32A0SystemInt32', ID = '2009'
Method 'A0SystemCharA0SystemNumberParseFormatSpecifierA0A0SystemReadOnlySpan1A0SystemCharA0SystemInt32', ID = '2010'
Method 'A0SystemCharA0SystemNumberGetHexBaseA0SystemChar', ID = '2011'
Method 'A0SystemBooleanA0SystemNumberTryInt32ToHexStrA0SystemInt32A0SystemCharA0SystemInt32A0A0SystemSpan1A0SystemCharA0SystemInt32', ID = '2012'
Method 'SystemVoidA0SystemNumberNumberBufferctorA0SystemNumberNumberBufferKindA0SystemBytepointerA0SystemInt32', ID = '2013'
Method 'A0SystemVoidA0SystemNumberUInt32ToNumberA0SystemUInt32A0SystemNumberNumberBuffer', ID = '2014'
Method 'A0SystemVoidA0SystemNumberNumberToStringA0SystemTextValueStringBuilderA0SystemNumberNumberBufferA0SystemCharA0SystemInt32A0SystemGlobalizationNumberFormatInfo', ID = '2015'
Method 'A0SystemVoidA0SystemNumberNumberToStringFormatA0SystemTextValueStringBuilderA0SystemNumberNumberBufferA0A0SystemReadOnlySpan1A0SystemCharA0SystemGlobalizationNumberFormatInfo', ID = '2016'
Method 'A0SystemVoidA0SystemNumberInt32ToNumberA0SystemInt32A0SystemNumberNumberBuffer', ID = '2017'
Method 'A0SystemObjectA0SystemGlobalizationNumberFormatInfoGetFormatA0SystemType', ID = '2018'
Method 'A0SystemGlobalizationNumberFormatInfoA0SystemGlobalizationCultureInfoget_NumberFormat', ID = '2020'
Method 'A0SystemObjectA0SystemGlobalizationCultureInfoGetFormatA0SystemType', ID = '2022'
Method 'A0SystemVoidA0SystemThrowHelperThrowInvalidTypeWithPointersNotSupportedA0SystemType', ID = '2023'
Method 'A0SystemBooleanA0SystemDoubleIsFiniteA0SystemDouble', ID = '2026'
Method 'A0SystemStringA0SystemGlobalizationNumberFormatInfoget_NaNSymbol', ID = '2027'
Method 'A0SystemBooleanA0SystemDoubleIsNegativeA0SystemDouble', ID = '2028'
Method 'A0SystemStringA0SystemGlobalizationNumberFormatInfoget_PositiveInfinitySymbol', ID = '2029'
Method 'A0SystemStringA0SystemGlobalizationNumberFormatInfoget_NegativeInfinitySymbol', ID = '2030'
Method 'A0SystemInt32A0SystemNumberGetFloatingPointMaxDigitsAndPrecisionA0SystemCharA0SystemInt32A0SystemGlobalizationNumberFormatInfoA0SystemBoolean', ID = '2032'
Method 'A0SystemBooleanA0SystemNumberGrisu3TryRunDoubleA0SystemDoubleA0SystemInt32A0SystemNumberNumberBuffer', ID = '2033'
Method 'A0SystemVoidA0SystemNumberDragon4DoubleA0SystemDoubleA0SystemInt32A0SystemBooleanA0SystemNumberNumberBuffer', ID = '2034'
Method 'A0SystemBooleanA0A0SystemSpan1A0SystemCharTryCopyToA0A0SystemSpan1A0SystemChar', ID = '2035'
Method 'A0SystemVoidA0SystemTextValueStringBuilderDispose', ID = '2036'
Method 'A0SystemInt32A0SystemBuffersTextFormattingHelpersCountDigitsA0SystemUInt64', ID = '2037'
Method 'A0SystemUInt32A0SystemNumberInt64DivMod1E9A0SystemUInt64', ID = '2038'
Method 'A0SystemUInt32A0SystemNumberHigh32A0SystemUInt64', ID = '2039'
Method 'A0SystemUInt32A0SystemNumberLow32A0SystemUInt64', ID = '2040'
Method 'A0SystemBooleanA0SystemNumberTryInt64ToHexStrA0SystemInt64A0SystemCharA0SystemInt32A0A0SystemSpan1A0SystemCharA0SystemInt32', ID = '2041'
Method 'A0SystemVoidA0SystemNumberUInt64ToNumberA0SystemUInt64A0SystemNumberNumberBuffer', ID = '2042'
Method 'A0SystemBooleanA0SystemNumberTryNegativeInt64ToDecStrA0SystemInt64A0SystemInt32A0SystemStringA0A0SystemSpan1A0SystemCharA0SystemInt32', ID = '2067'
Method 'A0SystemBooleanA0SystemNumberTryFormatInt64g__TryFormatInt64SlowsLine45_0A0SystemInt64A0A0SystemReadOnlySpan1A0SystemCharA0SystemIFormatProviderA0A0SystemSpan1A0SystemCharA0SystemInt32', ID = '2068'
Method 'A0SystemTextStringBuilderA0SystemTextStringBuilderInsertA0SystemInt32A0SystemInt32', ID = '2069'
Method 'A0SystemTextStringBuilderA0SystemTextStringBuilderInsertA0SystemInt32A0SystemChar', ID = '2070'
Method 'A0SystemTextStringBuilderA0SystemTextStringBuilderAppendA0SystemInt32', ID = '2071'
Method 'A0A0SystemReadOnlySpan1A0SystemCharA0SystemMemoryExtensionsAsSpanA0SystemStringA0SystemInt32', ID = '2072'
Method 'A0SystemBooleanA0SystemInt32TryParseA0A0SystemReadOnlySpan1A0SystemCharA0SystemInt32', ID = '2073'
Method 'A0SystemStringA0SystemStringPadLeftA0SystemInt32A0SystemChar', ID = '2074'
Method 'A0SystemCharA0SystemStringGetPinnableReference', ID = '2076'
Method 'A0SystemStringA0SystemNumberInt64ToHexStrA0SystemInt64A0SystemCharA0SystemInt32', ID = '2077'
Method 'A0SystemByteA6CosmosHALTextScreenGetColor', ID = '2081'
Method 'SystemVoidA4CosmosSystemConsoleCosmosConsoleStreamctorA0SystemIOFileAccess', ID = '2084'
Method 'A0SystemTextEncodingA4CosmosSystemEncodingExtensionsRemovePreambleA0SystemTextEncoding', ID = '2087'
Method 'SystemVoidA0SystemIOStreamWriterctorA0SystemIOStreamA0SystemTextEncodingA0SystemInt32A0SystemBoolean', ID = '2088'
Method 'A0SystemVoidA0SystemIOStreamWriterset_AutoFlushA0SystemBoolean', ID = '2089'
Method 'A0SystemVoidA2CosmosCore_PlugsMemoryOperationsImplCopyA0SystemBytepointerA0SystemBytepointerA0SystemInt32', ID = '2090'
Method 'A0SystemVoidA0SystemIOTextWriterNullTextWriterWriteA0A0SystemChararrayA0SystemInt32A0SystemInt32', ID = '2091'
Method 'A0SystemStringA0SystemSRget_ArgumentNull_Buffer', ID = '2092'
Method 'SystemVoidA0SystemArgumentNullExceptionctorA0SystemStringA0SystemString', ID = '2093'
Method 'A0SystemVoidA0SystemIOTextWriterWriteA0SystemChar', ID = '2094'
Method 'SystemVoidA11CosmosCommonStringHelpercctor', ID = '2095'
Method 'A0A0SystemRuntimeIntrinsicsVector1281A0SystemDoubleA0SystemRuntimeIntrinsicsVector128CreateScalarUnsafeA0SystemDouble', ID = '2098'
Method 'A0A0SystemRuntimeIntrinsicsVector1281A0SystemInt64A0SystemRuntimeIntrinsicsVector128AsInt64A0SystemDoubleA0A0SystemRuntimeIntrinsicsVector1281A0SystemDouble', ID = '2099'
Method 'A0SystemInt64A0SystemRuntimeIntrinsicsX86Sse2X64ConvertToInt64A0A0SystemRuntimeIntrinsicsVector1281A0SystemInt64', ID = '2100'
Method 'A0SystemStringA0SystemSRget_ArgumentOutOfRange_StartIndexLargerThanLength', ID = '2101'
Method 'A0SystemStringA0SystemSRget_ArgumentOutOfRange_NegativeLength', ID = '2102'
Method 'A0SystemStringA0SystemSRget_ArgumentOutOfRange_IndexLength', ID = '2103'
Method 'A0SystemStringA0SystemStringInternalSubStringA0SystemInt32A0SystemInt32', ID = '2104'
Method 'A0SystemStringA0SystemSRget_ArgumentOutOfRange_ActualValue', ID = '2105'
Method 'A0SystemStringA0SystemSRFormatA0SystemStringA0SystemObject', ID = '2106'
Method 'A0SystemVoidA0SystemArgumentExceptionSetMessageField', ID = '2107'
Method 'A0SystemStringA0SystemSRget_Arg_ParamName_Name', ID = '2108'
Method 'A0SystemStringA2CosmosCoreCosmosRuntimeTypeget_Name', ID = '2112'
Method 'SystemVoidA0SystemNotImplementedExceptionctor', ID = '2113'
Method 'A0SystemStringA0SystemSRget_ArgumentNull_Generic', ID = '2114'
Method 'A0SystemBooleanA2CosmosCore_PlugsRuntimeIntrinsicsX86Sse2Implget_IsSupported', ID = '2116'
Method 'A0SystemVoidA0SystemThrowHelperThrowForUnsupportedIntrinsicsVectorBaseTypeA0SystemByte', ID = '2119'
Method 'A0SystemVoidA0SystemThrowHelperThrowForUnsupportedNumericsVectorBaseTypeA0SystemByte', ID = '2122'
Method 'A0SystemInt32A0InternalRuntimeCompilerServicesUnsafeSizeOfA0A0SystemNumericsVector1A0SystemByte', ID = '2123'
Method 'A0SystemBooleanA2CosmosCore_PlugsRuntimeIntrinsicsX86Avx2Implget_IsSupported', ID = '2125'
Method 'A0SystemBooleanA0SystemRuntimeIntrinsicsArmAdvSimdget_IsSupported', ID = '2128'
Method 'A0A0SystemRuntimeIntrinsicsVector1281A0SystemByteA0SystemRuntimeIntrinsicsVector128Createg__SoftwareFallbacksLine20_0A0SystemByte', ID = '2129'
Method 'A0A0SystemRuntimeIntrinsicsVector1281A0SystemByteA0InternalRuntimeCompilerServicesUnsafeReadUnalignedA0A0SystemRuntimeIntrinsicsVector1281A0SystemByteA0SystemByte', ID = '2130'
Method 'A0SystemInt32A0SystemNumericsBitOperationsTrailingZeroCountA0SystemUInt32', ID = '2132'
Method 'A0SystemBooleanA0SystemRuntimeIntrinsicsX86Avxget_IsSupported', ID = '2134'
Method 'A0A0SystemRuntimeIntrinsicsVector2561A0SystemByteA0SystemRuntimeIntrinsicsVector256Createg__SoftwareFallbacksLine14_0A0SystemByte', ID = '2135'
Method 'A0A0SystemRuntimeIntrinsicsVector2561A0SystemByteA0InternalRuntimeCompilerServicesUnsafeReadUnalignedA0A0SystemRuntimeIntrinsicsVector2561A0SystemByteA0SystemByte', ID = '2136'
Method 'A0SystemVoidA0InternalRuntimeCompilerServicesUnsafeSkipInitA0A0SystemNumericsVector1A0SystemByteA0A0SystemNumericsVector1A0SystemByte', ID = '2137'
Method 'A0SystemVoidA0A0SystemNumericsVector1A0SystemByteSetElementA0SystemIntPtrA0SystemByte', ID = '2138'
Method 'A0A0SystemNumericsVector1A0SystemByteA0InternalRuntimeCompilerServicesUnsafeReadUnalignedA0A0SystemNumericsVector1A0SystemByteA0SystemByte', ID = '2139'
Method 'A0A0SystemNumericsVector1A0SystemByteA0A0SystemNumericsVector1A0SystemByteEqualsA0A0SystemNumericsVector1A0SystemByteA0A0SystemNumericsVector1A0SystemByte', ID = '2140'
Method 'A0SystemBooleanA0A0SystemNumericsVector1A0SystemByteop_EqualityA0A0SystemNumericsVector1A0SystemByteA0A0SystemNumericsVector1A0SystemByte', ID = '2141'
Method 'A0A0SystemNumericsVector1A0SystemUInt64A0SystemNumericsVectorAsVectorUInt64A0SystemByteA0A0SystemNumericsVector1A0SystemByte', ID = '2142'
Method 'A0SystemUInt64A0A0SystemNumericsVector1A0SystemUInt64get_ItemA0SystemInt32', ID = '2143'
Method 'A0SystemInt32A0A0SystemNumericsVector1A0SystemUInt64get_Count', ID = '2144'
Method 'A0SystemInt32A0SystemSpanHelpersLocateFirstFoundByteA0SystemUInt64', ID = '2145'
Method 'A0SystemVoidA0SystemThrowHelperThrowForUnsupportedIntrinsicsVectorBaseTypeA0SystemUInt16', ID = '2147'
Method 'A0SystemInt32A0InternalRuntimeCompilerServicesUnsafeSizeOfA0SystemUInt16', ID = '2148'
Method 'A0SystemVoidA0SystemThrowHelperThrowForUnsupportedNumericsVectorBaseTypeA0SystemUInt16', ID = '2150'
Method 'A0SystemInt32A0InternalRuntimeCompilerServicesUnsafeSizeOfA0A0SystemNumericsVector1A0SystemUInt16', ID = '2151'
Method 'A0A0SystemRuntimeIntrinsicsVector1281A0SystemUInt16A0SystemRuntimeIntrinsicsVector128Createg__SoftwareFallbacksLine27_0A0SystemUInt16', ID = '2152'
Method 'A0A0SystemRuntimeIntrinsicsVector1281A0SystemUInt16A0InternalRuntimeCompilerServicesUnsafeReadUnalignedA0A0SystemRuntimeIntrinsicsVector1281A0SystemUInt16A0SystemByte', ID = '2153'
Method 'A0A0SystemRuntimeIntrinsicsVector1281A0SystemByteA0SystemRuntimeIntrinsicsVector128AsA0SystemUInt16A0SystemByteA0A0SystemRuntimeIntrinsicsVector1281A0SystemUInt16', ID = '2154'
Method 'A0A0SystemRuntimeIntrinsicsVector2561A0SystemUInt16A0SystemRuntimeIntrinsicsVector256Createg__SoftwareFallbacksLine21_0A0SystemUInt16', ID = '2156'
Method 'A0A0SystemRuntimeIntrinsicsVector2561A0SystemUInt16A0InternalRuntimeCompilerServicesUnsafeReadUnalignedA0A0SystemRuntimeIntrinsicsVector2561A0SystemUInt16A0SystemByte', ID = '2157'
Method 'A0A0SystemRuntimeIntrinsicsVector2561A0SystemByteA0SystemRuntimeIntrinsicsVector256AsA0SystemUInt16A0SystemByteA0A0SystemRuntimeIntrinsicsVector2561A0SystemUInt16', ID = '2158'
Method 'A0SystemVoidA0InternalRuntimeCompilerServicesUnsafeSkipInitA0A0SystemNumericsVector1A0SystemUInt16A0A0SystemNumericsVector1A0SystemUInt16', ID = '2159'
Method 'A0SystemVoidA0A0SystemNumericsVector1A0SystemUInt16SetElementA0SystemIntPtrA0SystemUInt16', ID = '2160'
Method 'A0A0SystemNumericsVector1A0SystemUInt16A0InternalRuntimeCompilerServicesUnsafeReadUnalignedA0A0SystemNumericsVector1A0SystemUInt16A0SystemByte', ID = '2161'
Method 'A0A0SystemNumericsVector1A0SystemUInt16A0A0SystemNumericsVector1A0SystemUInt16EqualsA0A0SystemNumericsVector1A0SystemUInt16A0A0SystemNumericsVector1A0SystemUInt16', ID = '2162'
Method 'A0SystemBooleanA0A0SystemNumericsVector1A0SystemUInt16op_EqualityA0A0SystemNumericsVector1A0SystemUInt16A0A0SystemNumericsVector1A0SystemUInt16', ID = '2163'
Method 'A0A0SystemNumericsVector1A0SystemUInt64A0SystemNumericsVectorAsVectorUInt64A0SystemUInt16A0A0SystemNumericsVector1A0SystemUInt16', ID = '2164'
Method 'A0SystemInt32A0SystemSpanHelpersLocateFirstFoundCharA0SystemUInt64', ID = '2165'
Method 'A0A0SystemCollectionsGenericIEnumerator1A0SystemInt32A0SystemSZArrayHelperGetEnumeratorA0SystemInt32', ID = '2166'
Method 'A0SystemVoidA0SystemSZArrayHelperCopyToA0SystemInt32A0A0SystemInt32arrayA0SystemInt32', ID = '2167'
Method 'A0SystemInt32A0SystemSZArrayHelperget_CountA0SystemInt32', ID = '2168'
Method 'A0SystemInt32A0SystemSZArrayHelperget_ItemA0SystemInt32A0SystemInt32', ID = '2169'
Method 'A0SystemVoidA0SystemSZArrayHelperset_ItemA0SystemInt32A0SystemInt32A0SystemInt32', ID = '2170'
Method 'A0SystemVoidA0SystemSZArrayHelperAddA0SystemInt32A0SystemInt32', ID = '2171'
Method 'A0SystemBooleanA0SystemSZArrayHelperContainsA0SystemInt32A0SystemInt32', ID = '2172'
Method 'A0SystemBooleanA0SystemSZArrayHelperget_IsReadOnlyA0SystemInt32', ID = '2173'
Method 'A0SystemVoidA0SystemSZArrayHelperClearA0SystemInt32', ID = '2174'
Method 'A0SystemInt32A0SystemSZArrayHelperIndexOfA0SystemInt32A0SystemInt32', ID = '2175'
Method 'A0SystemVoidA0SystemSZArrayHelperInsertA0SystemInt32A0SystemInt32A0SystemInt32', ID = '2176'
Method 'A0SystemBooleanA0SystemSZArrayHelperRemoveA0SystemInt32A0SystemInt32', ID = '2177'
Method 'A0SystemVoidA0SystemSZArrayHelperRemoveAtA0SystemInt32A0SystemInt32', ID = '2178'
Method 'A0SystemBooleanA0SystemInt32EqualsA0SystemInt32', ID = '2185'
Method 'A0A0SystemCollectionsGenericIEnumerator1A0SystemInt64A0SystemSZArrayHelperGetEnumeratorA0SystemInt64', ID = '2186'
Method 'A0SystemVoidA0SystemSZArrayHelperCopyToA0SystemInt64A0A0SystemInt64arrayA0SystemInt32', ID = '2187'
Method 'A0SystemInt32A0SystemSZArrayHelperget_CountA0SystemInt64', ID = '2188'
Method 'A0SystemInt64A0SystemSZArrayHelperget_ItemA0SystemInt64A0SystemInt32', ID = '2189'
Method 'A0SystemVoidA0SystemSZArrayHelperset_ItemA0SystemInt64A0SystemInt32A0SystemInt64', ID = '2190'
Method 'A0SystemVoidA0SystemSZArrayHelperAddA0SystemInt64A0SystemInt64', ID = '2191'
Method 'A0SystemBooleanA0SystemSZArrayHelperContainsA0SystemInt64A0SystemInt64', ID = '2192'
Method 'A0SystemBooleanA0SystemSZArrayHelperget_IsReadOnlyA0SystemInt64', ID = '2193'
Method 'A0SystemVoidA0SystemSZArrayHelperClearA0SystemInt64', ID = '2194'
Method 'A0SystemInt32A0SystemSZArrayHelperIndexOfA0SystemInt64A0SystemInt64', ID = '2195'
Method 'A0SystemVoidA0SystemSZArrayHelperInsertA0SystemInt64A0SystemInt32A0SystemInt64', ID = '2196'
Method 'A0SystemBooleanA0SystemSZArrayHelperRemoveA0SystemInt64A0SystemInt64', ID = '2197'
Method 'A0SystemVoidA0SystemSZArrayHelperRemoveAtA0SystemInt64A0SystemInt32', ID = '2198'
Method 'A0SystemBooleanA0SystemInt64EqualsA0SystemInt64', ID = '2205'
Method 'SystemVoidA0A0SystemCollectionsGenericEqualityComparer1A0SystemUInt32cctor', ID = '2206'
Method 'A0SystemInt32A2CosmosCore_PlugsSystemArrayImplget_Rank', ID = '2208'
Method 'A0SystemArgumentExceptionA0SystemThrowHelperGetArgumentExceptionA0SystemExceptionResource', ID = '2209'
Method 'A0SystemInt32A2CosmosCore_PlugsSystemArrayImplGetLowerBoundA0SystemInt32', ID = '2210'
Method 'A0SystemInt32A12CosmosCore_AsmArrayImplget_Length', ID = '2211'
Method 'A0SystemBooleanA2CosmosCore_PlugsSystemStringImplEqualsHelperA0SystemStringA0SystemString', ID = '2213'
Method 'A0SystemUInt32A0InternalRuntimeCompilerServicesUnsafeReadUnalignedA0SystemUInt32A0SystemByte', ID = '2219'
Method 'A0SystemVoidA0SystemMarvinBlockA0SystemUInt32A0SystemUInt32', ID = '2220'
Method 'A0SystemUInt16A0InternalRuntimeCompilerServicesUnsafeReadUnalignedA0SystemUInt16A0SystemByte', ID = '2222'
Method 'A0SystemInt32A3CosmosSystem_PlugsSystemValueTypeImplGetHashCodeOfPtrA0SystemIntPtr', ID = '2223'
Method 'SystemVoidA0SystemIntPtrctorA0SystemInt32', ID = '2224'
Method 'A0SystemInt32A2CosmosCore_PlugsSystemRuntimeCompilerServicesRuntimeHelpersImplGetHashCodeA0SystemObject', ID = '2225'
Method 'A0SystemUInt32A0SystemUIntPtrop_ExplicitA0SystemUIntPtr', ID = '2228'
Method 'A0SystemTypeA0SystemRuntimeTypeget_UnderlyingSystemType', ID = '2229'
Method 'A0SystemTypeA2CosmosCoreCosmosRuntimeTypeget_UnderlyingSystemType', ID = '2230'
Method 'A0SystemBooleanA2CosmosCore_PlugsSystemRuntimeCompilerServicesRuntimeHelpersImplContainsReferenceA0SystemUInt32', ID = '2231'
Method 'A0SystemVoidA1CosmosCoreMemoryHeapSweepTypedObjectA0SystemUInt32pointerA0SystemUInt32', ID = '2236'
Method 'A0SystemBooleanA1CosmosCoreVTablesImplIsValueTypeA0SystemUInt32', ID = '2237'
Method 'A0SystemUInt32A12CosmosCore_AsmCPUImplGetEBPValue', ID = '2238'
Method 'A0SystemVoidA1CosmosCoreMemoryHeapSmallFreeA0SystemVoidpointer', ID = '2239'
Method 'A0SystemVoidA1CosmosCoreMemoryHeapLargeFreeA0SystemVoidpointer', ID = '2240'
Method 'A0SystemStringA0SystemSRget_Argument_EmptyName', ID = '2243'
Method 'A0SystemVoidA0SystemThreadingMonitorEnterA0SystemObjectA0SystemBoolean', ID = '2245'
Method 'A0SystemBooleanA0A0SystemCollectionsGenericDictionary2A0SystemStringA0SystemBooleanTryGetValueA0SystemStringA0SystemBoolean', ID = '2246'
Method 'A0SystemObjectA0SystemAppContextGetDataA0SystemString', ID = '2248'
Method 'A0SystemBooleanA0SystemBooleanTryParseA0SystemStringA0SystemBoolean', ID = '2249'
Method 'A0SystemStringA3CosmosSystem_PlugsSystemInt64ImplToString', ID = '2251'
Method 'SystemVoidA0A0SystemCollectionsGenericEqualityComparer1A0SystemDelegatecctor', ID = '2252'
Method 'SystemVoidA0A0SystemCollectionsGenericEqualityComparer1A0SystemObjectcctor', ID = '2254'
Method 'SystemVoidA0SystemDateTimectorA0SystemInt64A0SystemDateTimeKind', ID = '2260'
Method 'SystemVoidA0SystemDateTimeLeapSecondCachector', ID = '2267'
Method 'A0SystemStringA3CosmosSystem_PlugsSystemDateTimeImplToString', ID = '2269'
Method 'A0SystemBooleanA3CosmosSystem_PlugsSystemDateTimeImplTryFormatA0A0SystemSpan1A0SystemCharA0SystemInt32A0A0SystemReadOnlySpan1A0SystemCharA0SystemIFormatProvider', ID = '2270'
Method 'A0SystemStringA3CosmosSystem_PlugsSystemDateTimeImplToStringA0SystemStringA0SystemIFormatProvider', ID = '2271'
Method 'SystemVoidA3CosmosSystem_PlugsSystemDateTimeImplcctor', ID = '2272'
Method 'A0SystemUInt64A0SystemDateTimeDateToTicksA0SystemInt32A0SystemInt32A0SystemInt32', ID = '2273'
Method 'A0SystemUInt64A0SystemDateTimeTimeToTicksA0SystemInt32A0SystemInt32A0SystemInt32', ID = '2274'
Method 'SystemVoidA0SystemIOTextReadercctor', ID = '2281'
Method 'SystemVoidA0SystemIOStreamNullStreamctor', ID = '2282'
Method 'SystemVoidA0SystemThreadingSemaphoreSlimcctor', ID = '2283'
Method 'A0SystemVoidA4CosmosSystemConsoleUpdateCursor', ID = '2289'
Method 'SystemVoidA0A0SystemCollectionsGenericList1A6CosmosHALPCIDevicecctor', ID = '2290'
Method 'A0SystemUInt32A12CosmosCore_AsmIOPortImplRead32A0SystemUInt16', ID = '2297'
Method 'A0SystemUInt16A6CosmosHALPCIDeviceReadRegister16A0SystemByte', ID = '2298'
Method 'A0SystemUInt32A6CosmosHALPCIDeviceReadRegister32A0SystemByte', ID = '2299'
Method 'A0SystemByteA6CosmosHALPCIDeviceReadRegister8A0SystemByte', ID = '2300'
Method 'A0SystemVoidA6CosmosHALPCIDeviceset_InterruptLineA0SystemByte', ID = '2301'
Method 'SystemVoidA6CosmosHALPCIBaseAddressBarctorA0SystemUInt32', ID = '2303'
Method 'A0SystemVoidA0A0SystemCollectionsGenericList1A6CosmosHALPCIDeviceAddA6CosmosHALPCIDevice', ID = '2304'
Method 'A0SystemBooleanA1CosmosCoreACPICheck_RSDA0SystemUInt32', ID = '2305'
Method 'A0SystemVoidA0SystemThrowHelperThrowInvalidOperationException_InvalidOperation_NoValue', ID = '2307'
Method 'A0SystemStringA11CosmosCommonExtensionsToHexStringConvertToHexA0SystemUInt32A0SystemInt32', ID = '2309'
Method 'A0SystemBooleanA6CosmosHALPS2ControllerWaitForAck', ID = '2311'
Method 'SystemVoidA6CosmosHALMouseBasector', ID = '2313'
Method 'A0SystemVoidA6CosmosHALPS2MouseInitialize', ID = '2315'
Method 'SystemVoidA6CosmosHALKeyboardBasector', ID = '2317'
Method 'A0SystemVoidA6CosmosHALPS2KeyboardInitialize', ID = '2319'
Method 'A6CosmosHALPCIDeviceA6CosmosHALPCIGetDeviceClassA6CosmosHALClassIDA6CosmosHALSubclassID', ID = '2320'
Method 'SystemVoidA0A0SystemCollectionsGenericList1A6CosmosHALBlockDeviceBlockDevicector', ID = '2321'
Method 'SystemVoidA0A0SystemCollectionsGenericList1A6CosmosHALBlockDevicePartitionctor', ID = '2322'
Method 'SystemVoidA1CosmosCoreIOGroupATActorA0SystemBoolean', ID = '2323'
Method 'SystemVoidA6CosmosHALBlockDeviceAtactor', ID = '2326'
Method 'A6CosmosHALBlockDeviceATA_PIOSpecLevelA6CosmosHALBlockDeviceATA_PIODiscoverDrive', ID = '2327'
Method 'A0SystemVoidA6CosmosHALBlockDeviceATA_PIOInitDrive', ID = '2328'
Method 'SystemVoidA6CosmosHALBlockDeviceAtacctor', ID = '2330'
Method 'A0SystemStringA6CosmosHALBlockDeviceAtaToString', ID = '2331'
Method 'SystemVoidA6CosmosHALBlockDeviceBlockDevicector', ID = '2333'
Method 'A6CosmosHALBlockDeviceAtaBusPositionEnumA6CosmosHALBlockDeviceAtaget_BusPosition', ID = '2334'
Method 'A0SystemVoidA6CosmosHALBlockDeviceATAPIset_BusPositionA6CosmosHALBlockDeviceAtaBusPositionEnum', ID = '2335'
Method 'A6CosmosHALBlockDeviceAtaControllerIdEnumA6CosmosHALBlockDeviceAtaget_ControllerID', ID = '2336'
Method 'A0SystemVoidA6CosmosHALBlockDeviceATAPIset_PrimaryA0SystemBoolean', ID = '2337'
Method 'A0SystemBooleanA6CosmosHALBlockDeviceATAPIget_Primary', ID = '2338'
Method 'A6CosmosHALBlockDeviceAtaBusPositionEnumA6CosmosHALBlockDeviceATAPIget_BusPosition', ID = '2340'
Method 'A0SystemUInt64A6CosmosHALBlockDeviceATAPIGetMaxLBA', ID = '2341'
Method 'A0SystemVoidA6CosmosHALBlockDeviceATAPIset_MaxLBAA0SystemUInt64', ID = '2342'
Method 'A0SystemVoidA6CosmosHALBlockDeviceATAPIInit', ID = '2343'
Method 'A0SystemUInt64A6CosmosHALBlockDeviceBlockDeviceget_BlockSize', ID = '2344'
Method 'A0SystemBooleanA6CosmosHALBlockDeviceGPTIsGPTPartitionA6CosmosHALBlockDeviceBlockDevice', ID = '2345'
Method 'SystemVoidA6CosmosHALBlockDeviceGPTctorA6CosmosHALBlockDeviceBlockDevice', ID = '2346'
Method 'A0SystemInt32A0A0SystemCollectionsGenericList1A6CosmosHALBlockDeviceGPTGPartInfoget_Count', ID = '2348'
Method 'A0SystemVoidA5CosmosDebugKernelDebuggerSendNumberA0SystemInt32', ID = '2349'
Method 'A0A0SystemCollectionsGenericList1EnumeratorA6CosmosHALBlockDeviceGPTGPartInfoA0A0SystemCollectionsGenericList1A6CosmosHALBlockDeviceGPTGPartInfoGetEnumerator', ID = '2350'
Method 'A6CosmosHALBlockDeviceGPTGPartInfoA0A0SystemCollectionsGenericList1EnumeratorA6CosmosHALBlockDeviceGPTGPartInfoget_Current', ID = '2351'
Method 'A0SystemBooleanA0A0SystemCollectionsGenericList1EnumeratorA6CosmosHALBlockDeviceGPTGPartInfoMoveNext', ID = '2353'
Method 'SystemVoidA6CosmosHALBlockDeviceMBRctorA6CosmosHALBlockDeviceBlockDevice', ID = '2355'
Method 'SystemVoidA6CosmosHALBlockDeviceEBRctorA0A0SystemBytearray', ID = '2358'
Method 'A0SystemInt32A0A0SystemCollectionsGenericList1A6CosmosHALBlockDeviceEBRPartInfoget_Count', ID = '2360'
Method 'A0A0SystemCollectionsGenericList1EnumeratorA6CosmosHALBlockDeviceMBRPartInfoA0A0SystemCollectionsGenericList1A6CosmosHALBlockDeviceMBRPartInfoGetEnumerator', ID = '2361'
Method 'A6CosmosHALBlockDeviceMBRPartInfoA0A0SystemCollectionsGenericList1EnumeratorA6CosmosHALBlockDeviceMBRPartInfoget_Current', ID = '2362'
Method 'A0SystemBooleanA0A0SystemCollectionsGenericList1EnumeratorA6CosmosHALBlockDeviceMBRPartInfoMoveNext', ID = '2364'
Method 'SystemVoidA0A0SystemCollectionsGenericList1A6CosmosHALBlockDeviceBlockDevicecctor', ID = '2366'
Method 'A0SystemVoidA0A0SystemCollectionsGenericList1A6CosmosHALBlockDeviceBlockDeviceGrowA0SystemInt32', ID = '2373'
Method 'A0SystemVoidA0SystemThrowHelperThrowInvalidOperationException_InvalidOperation_EnumFailedVersion', ID = '2374'
Method 'A0SystemVoidA0SystemIOTextWriterDisposeA0SystemBoolean', ID = '2375'
Method 'A0SystemVoidA0SystemGCSuppressFinalizeA0SystemObject', ID = '2376'
Method 'A0SystemVoidA0SystemIOStreamClose', ID = '2377'
Method 'A0SystemVoidA0SystemIOTextReaderDisposeA0SystemBoolean', ID = '2378'
Method 'A0SystemVoidA0SystemThreadingSemaphoreSlimDisposeA0SystemBoolean', ID = '2379'
Method 'SystemVoidA0A0SystemCollectionsGenericList1A6CosmosHALBlockDevicePartitioncctor', ID = '2380'
Method 'A0SystemVoidA0A0SystemCollectionsGenericList1A6CosmosHALBlockDevicePartitionGrowA0SystemInt32', ID = '2387'
Method 'A6CosmosHALPCIDeviceA6CosmosHALPCIGetDeviceClassA6CosmosHALClassIDA6CosmosHALSubclassIDA6CosmosHALProgramIF', ID = '2388'
Method 'SystemVoidA0A0SystemCollectionsGenericList1A6CosmosHALBlockDevicePortsStoragePortctor', ID = '2389'
Method 'A0SystemVoidA6CosmosHALPCIDeviceWriteRegister16A0SystemByteA0SystemUInt16', ID = '2390'
Method 'A0SystemUInt32A1CosmosCoreMemoryBlockget_ItemA0SystemUInt32', ID = '2392'
Method 'A0SystemUInt32A6CosmosHALBlockDeviceRegistersGenericRegistersget_Capabilities', ID = '2393'
Method 'A0SystemVoidA0SystemThrowHelperThrowArgumentOutOfRangeExceptionA0SystemExceptionArgumentA0SystemExceptionResource', ID = '2414'
Method 'A0SystemVoidA0SystemArrayCopyA0SystemArrayA0SystemArrayA0SystemInt32', ID = '2416'
Method 'A0SystemUInt32A6CosmosHALBlockDeviceRegistersGenericRegistersget_ImplementedPorts', ID = '2418'
Method 'SystemVoidA6CosmosHALBlockDeviceRegistersPortRegistersctorA0SystemUInt32A0SystemUInt32', ID = '2419'
Method 'A6CosmosHALBlockDeviceRegistersPortTypeA6CosmosHALBlockDeviceAHCICheckPortTypeA6CosmosHALBlockDeviceRegistersPortRegisters', ID = '2420'
Method 'A0SystemVoidA6CosmosHALBlockDeviceAHCIPortRebaseA6CosmosHALBlockDeviceRegistersPortRegistersA0SystemUInt32', ID = '2422'
Method 'SystemVoidA6CosmosHALBlockDevicePortsSATActorA6CosmosHALBlockDeviceRegistersPortRegisters', ID = '2423'
Method 'A0SystemVoidA0A0SystemCollectionsGenericList1A6CosmosHALBlockDevicePortsStoragePortAddA6CosmosHALBlockDevicePortsStoragePort', ID = '2424'
Method 'SystemVoidA0A0SystemCollectionsGenericList1EnumeratorA6CosmosHALBlockDevicePortsStoragePortctorA0A0SystemCollectionsGenericList1A6CosmosHALBlockDevicePortsStoragePort', ID = '2425'
Method 'A0SystemBooleanA0A0SystemCollectionsGenericList1EnumeratorA6CosmosHALBlockDevicePortsStoragePortMoveNextRare', ID = '2427'
Method 'A0SystemVoidA0A0SystemCollectionsGenericList1EnumeratorA6CosmosHALBlockDevicePortsStoragePortDispose', ID = '2428'
Method 'A0A0SystemCollectionsGenericIEnumerator1A6CosmosHALPCIBaseAddressBarA0SystemSZArrayHelperGetEnumeratorA6CosmosHALPCIBaseAddressBar', ID = '2430'
Method 'A0SystemVoidA0SystemSZArrayHelperCopyToA6CosmosHALPCIBaseAddressBarA6A6CosmosHALPCIBaseAddressBararrayA0SystemInt32', ID = '2431'
Method 'A0SystemInt32A0SystemSZArrayHelperget_CountA6CosmosHALPCIBaseAddressBar', ID = '2432'
Method 'A6CosmosHALPCIBaseAddressBarA0SystemSZArrayHelperget_ItemA6CosmosHALPCIBaseAddressBarA0SystemInt32', ID = '2433'
Method 'A0SystemVoidA0SystemSZArrayHelperset_ItemA6CosmosHALPCIBaseAddressBarA0SystemInt32A6CosmosHALPCIBaseAddressBar', ID = '2434'
Method 'A0SystemVoidA0SystemSZArrayHelperAddA6CosmosHALPCIBaseAddressBarA6CosmosHALPCIBaseAddressBar', ID = '2435'
Method 'A0SystemBooleanA0SystemSZArrayHelperContainsA6CosmosHALPCIBaseAddressBarA6CosmosHALPCIBaseAddressBar', ID = '2436'
Method 'A0SystemBooleanA0SystemSZArrayHelperget_IsReadOnlyA6CosmosHALPCIBaseAddressBar', ID = '2437'
Method 'A0SystemVoidA0SystemSZArrayHelperClearA6CosmosHALPCIBaseAddressBar', ID = '2438'
Method 'A0SystemInt32A0SystemSZArrayHelperIndexOfA6CosmosHALPCIBaseAddressBarA6CosmosHALPCIBaseAddressBar', ID = '2439'
Method 'A0SystemVoidA0SystemSZArrayHelperInsertA6CosmosHALPCIBaseAddressBarA0SystemInt32A6CosmosHALPCIBaseAddressBar', ID = '2440'
Method 'A0SystemBooleanA0SystemSZArrayHelperRemoveA6CosmosHALPCIBaseAddressBarA6CosmosHALPCIBaseAddressBar', ID = '2441'
Method 'A0SystemVoidA0SystemSZArrayHelperRemoveAtA6CosmosHALPCIBaseAddressBarA0SystemInt32', ID = '2442'
Method 'A0SystemVoidA2CosmosCore_PlugsSystemOutOfMemoryExceptionImplCtor', ID = '2450'
Method 'A0SystemVoidA0A0SystemCollectionsGenericList1A6CosmosHALNetworkDeviceAddA6CosmosHALNetworkDevice', ID = '2454'
Method 'A6CosmosHALPCIDevicePCICommandA6CosmosHALPCIDeviceget_Command', ID = '2455'
Method 'A0SystemVoidA6CosmosHALPCIDeviceset_CommandA6CosmosHALPCIDevicePCICommand', ID = '2456'
Method 'SystemVoidA1CosmosCoreManagedMemoryBlockctorA0SystemUInt32A0SystemInt32A0SystemBoolean', ID = '2458'
Method 'A0SystemVoidA0A0SystemCollectionsGenericList1A1CosmosCoreManagedMemoryBlockAddWithResizeA1CosmosCoreManagedMemoryBlock', ID = '2460'
Method 'A0A0A0SystemBytearrayarrayA0SystemArrayEmptyA0A0SystemBytearray', ID = '2461'
Method 'A0SystemUInt32A6CosmosHALDriversNetworkAMDPCNetIIget_StatusRegister', ID = '2462'
Method 'A0SystemInt32A0A0SystemCollectionsGenericQueue1A0A0SystemBytearrayget_Count', ID = '2463'
Method 'A0A0SystemBytearrayA0A0SystemCollectionsGenericQueue1A0A0SystemBytearrayPeek', ID = '2464'
Method 'A0SystemBooleanA6CosmosHALDriversNetworkAMDPCNetIISendBytesA0A0SystemBytearray', ID = '2465'
Method 'A0A0SystemBytearrayA0A0SystemCollectionsGenericQueue1A0A0SystemBytearrayDequeue', ID = '2466'
Method 'A0SystemVoidA6CosmosHALDriversNetworkAMDPCNetIIReadRawData', ID = '2467'
Method 'A0SystemVoidA6CosmosHALDriversNetworkAMDPCNetIIset_StatusRegisterA0SystemUInt32', ID = '2468'
Method 'SystemVoidA6CosmosHALNetworkDevicecctor', ID = '2469'
Method 'SystemVoidA6CosmosHALNetworkMACAddresscctor', ID = '2470'
Method 'A0SystemStringA6CosmosHALNetworkMACAddressToString', ID = '2471'
Method 'A0SystemBooleanA6CosmosHALNetworkMACAddressEqualsA0SystemObject', ID = '2472'
Method 'A0SystemInt32A6CosmosHALNetworkMACAddressGetHashCode', ID = '2473'
Method 'A6CosmosHALNetworkMACAddressA6CosmosHALDriversNetworkRTL8139get_MACAddress', ID = '2474'
Method 'A0SystemBooleanA6CosmosHALDriversNetworkRTL8139Enable', ID = '2475'
Method 'A0SystemUInt16A6CosmosHALDriversNetworkRTL8139get_IntStatusRegister', ID = '2476'
Method 'A0SystemUInt32A1CosmosCoreManagedMemoryBlockRead32A0SystemUInt32', ID = '2477'
Method 'A0SystemVoidA6CosmosHALDriversNetworkRTL8139set_CommandRegisterA0SystemByte', ID = '2478'
Method 'A0SystemUInt16A6CosmosHALDriversNetworkRTL8139get_CurBufferAddressRegister', ID = '2479'
Method 'A0SystemVoidA6CosmosHALDriversNetworkRTL8139ReadRawDataA0SystemUInt16', ID = '2480'
Method 'A0SystemVoidA6CosmosHALDriversNetworkRTL8139set_CurAddressPointerReadRegisterA0SystemUInt16', ID = '2481'
Method 'A0SystemByteA6CosmosHALDriversNetworkRTL8139get_CommandRegister', ID = '2482'
Method 'A6CosmosHALNetworkMACAddressA6CosmosHALDriversNetworkE1000get_MACAddress', ID = '2483'
Method 'A0SystemBooleanA6CosmosHALDriversNetworkE1000Enable', ID = '2484'
Method 'A0SystemVoidA12CosmosCore_AsmDelegateImplInvoke', ID = '1662'
Method 'A0SystemBooleanA6CosmosHALPCIBaseAddressBarget_IsIO', ID = '2487'
Method 'A0SystemUInt32A1CosmosCoreMemoryHeapSafeAllocA0SystemUInt32', ID = '2488'
Method 'SystemVoidA0A0SystemCollectionsGenericList1A6CosmosHALNetworkDevicecctor', ID = '2490'
Method 'A0A0SystemCollectionsGenericIEnumerator1A0A0SystemCollectionsGenericDictionary2EntryA0SystemUInt32A6CosmosHALNetworkDeviceA0SystemSZArrayHelperGetEnumeratorA0A0SystemCo308B0DE4145DFF7FC880545C4C1C65A1', ID = '2497'
Method 'A0SystemVoidA0SystemSZArrayHelperCopyToA0A0SystemCollectionsGenericDictionary2EntryA0SystemUInt32A6CosmosHALNetworkDeviceA0A0A0SystemCollectionsGenericDictionary2EntryA01A805C57234E337FCD55F5984399933', ID = '2498'
Method 'A0SystemInt32A0SystemSZArrayHelperget_CountA0A0SystemCollectionsGenericDictionary2EntryA0SystemUInt32A6CosmosHALNetworkDevice', ID = '2499'
Method 'A0A0SystemCollectionsGenericDictionary2EntryA0SystemUInt32A6CosmosHALNetworkDeviceA0SystemSZArrayHelperget_ItemA0A0SystemCollectionsGenericDictionary2EntryA0SystemUInt3CF64D5AFAC7592789419A11EC6206678', ID = '2500'
Method 'A0SystemVoidA0SystemSZArrayHelperset_ItemA0A0SystemCollectionsGenericDictionary2EntryA0SystemUInt32A6CosmosHALNetworkDeviceA0SystemInt32A0A0SystemCollectionsGenericDictF35C52E8CDE2E8B9EF5CE745C5DB0414', ID = '2501'
Method 'A0SystemVoidA0SystemSZArrayHelperAddA0A0SystemCollectionsGenericDictionary2EntryA0SystemUInt32A6CosmosHALNetworkDeviceA0A0SystemCollectionsGenericDictionary2EntryA0SystemUInt32A6CosmosHALNetworkDevice', ID = '2502'
Method 'A0SystemBooleanA0SystemSZArrayHelperContainsA0A0SystemCollectionsGenericDictionary2EntryA0SystemUInt32A6CosmosHALNetworkDeviceA0A0SystemCollectionsGenericDictionary2Ent1737A41E9322C867F1892176F91032E9', ID = '2503'
Method 'A0SystemBooleanA0SystemSZArrayHelperget_IsReadOnlyA0A0SystemCollectionsGenericDictionary2EntryA0SystemUInt32A6CosmosHALNetworkDevice', ID = '2504'
Method 'A0SystemVoidA0SystemSZArrayHelperClearA0A0SystemCollectionsGenericDictionary2EntryA0SystemUInt32A6CosmosHALNetworkDevice', ID = '2505'
Method 'A0SystemInt32A0SystemSZArrayHelperIndexOfA0A0SystemCollectionsGenericDictionary2EntryA0SystemUInt32A6CosmosHALNetworkDeviceA0A0SystemCollectionsGenericDictionary2EntryA82276F1C309975C0C934855723F8D511', ID = '2506'
Method 'A0SystemVoidA0SystemSZArrayHelperInsertA0A0SystemCollectionsGenericDictionary2EntryA0SystemUInt32A6CosmosHALNetworkDeviceA0SystemInt32A0A0SystemCollectionsGenericDictioDE3A1DCC5A67144D8905210A528FB879', ID = '2507'
Method 'A0SystemBooleanA0SystemSZArrayHelperRemoveA0A0SystemCollectionsGenericDictionary2EntryA0SystemUInt32A6CosmosHALNetworkDeviceA0A0SystemCollectionsGenericDictionary2Entry4CF70B98CCA98567C06996BE09D351C0', ID = '2508'
Method 'A0SystemVoidA0SystemSZArrayHelperRemoveAtA0A0SystemCollectionsGenericDictionary2EntryA0SystemUInt32A6CosmosHALNetworkDeviceA0SystemInt32', ID = '2509'
Method 'A0SystemInt32A0SystemCollectionsHashHelpersGetPrimeA0SystemInt32', ID = '2517'
Method 'A0SystemUInt64A0SystemCollectionsHashHelpersGetFastModMultiplierA0SystemUInt32', ID = '2519'
Method 'A0SystemStringComparerA0SystemStringComparerget_Ordinal', ID = '2523'
Method 'A0SystemStringComparerA0SystemStringComparerget_OrdinalIgnoreCase', ID = '2525'
Method 'SystemVoidA0A0SystemCollectionsGenericList1A6CosmosHALKeyboardBasector', ID = '2527'
Method 'SystemVoidA0A0SystemCollectionsGenericQueue1A4CosmosSystemKeyEventctor', ID = '2529'
Method 'SystemVoidA4CosmosSystemScanMapsUSStandardLayoutctor', ID = '2531'
Method 'A0A0SystemCollectionsGenericIEnumerable1A6CosmosHALKeyboardBaseA6CosmosHALGlobalGetKeyboardDevices', ID = '2533'
Method 'A0SystemVoidA4CosmosSystemKeyboardManagerAddKeyboardA6CosmosHALKeyboardBase', ID = '2536'
Method 'SystemVoidA0A0SystemCollectionsGenericDictionary2A0SystemInt32A0SystemUInt32ctor', ID = '2538'
Method 'A0A0SystemCollectionsGenericIEnumerator1A13SystemDrawingColorA0SystemSZArrayHelperGetEnumeratorA13SystemDrawingColor', ID = '2558'
Method 'A0SystemVoidA0SystemSZArrayHelperCopyToA13SystemDrawingColorA13A13SystemDrawingColorarrayA0SystemInt32', ID = '2559'
Method 'A0SystemInt32A0SystemSZArrayHelperget_CountA13SystemDrawingColor', ID = '2560'
Method 'A13SystemDrawingColorA0SystemSZArrayHelperget_ItemA13SystemDrawingColorA0SystemInt32', ID = '2561'
Method 'A0SystemVoidA0SystemSZArrayHelperset_ItemA13SystemDrawingColorA0SystemInt32A13SystemDrawingColor', ID = '2562'
Method 'A0SystemVoidA0SystemSZArrayHelperAddA13SystemDrawingColorA13SystemDrawingColor', ID = '2563'
Method 'A0SystemBooleanA0SystemSZArrayHelperContainsA13SystemDrawingColorA13SystemDrawingColor', ID = '2564'
Method 'A0SystemBooleanA0SystemSZArrayHelperget_IsReadOnlyA13SystemDrawingColor', ID = '2565'
Method 'A0SystemVoidA0SystemSZArrayHelperClearA13SystemDrawingColor', ID = '2566'
Method 'A0SystemInt32A0SystemSZArrayHelperIndexOfA13SystemDrawingColorA13SystemDrawingColor', ID = '2567'
Method 'A0SystemVoidA0SystemSZArrayHelperInsertA13SystemDrawingColorA0SystemInt32A13SystemDrawingColor', ID = '2568'
Method 'A0SystemBooleanA0SystemSZArrayHelperRemoveA13SystemDrawingColorA13SystemDrawingColor', ID = '2569'
Method 'A0SystemVoidA0SystemSZArrayHelperRemoveAtA13SystemDrawingColorA0SystemInt32', ID = '2570'
Method 'A0SystemVoidA1CosmosCoreMemoryOperationsFillA0SystemBytepointerA0SystemByteA0SystemInt32', ID = '2577'
Method 'A0SystemBooleanA0SystemRuntimeFieldHandleEqualsA0SystemObject', ID = '2579'
Method 'A0SystemInt32A0SystemRuntimeFieldHandleGetHashCode', ID = '2580'
Method 'A0SystemBooleanA13SystemDrawingColorEqualsA0SystemObject', ID = '2584'
Method 'A0SystemInt32A13SystemDrawingColorGetHashCode', ID = '2585'
Method 'SystemVoidA13SystemDrawingColorctorA0SystemInt64A0SystemInt16A0SystemStringA13SystemDrawingKnownColor', ID = '2587'
Method 'A13SystemDrawingColorA13SystemDrawingColorFromArgbA0SystemInt32A0SystemInt32A0SystemInt32', ID = '2589'
Method 'SystemVoidA0SystemTextEncodingProviderctor', ID = '2590'
Method 'SystemVoidA0SystemTextUTF8EncodingctorA0SystemBoolean', ID = '2592'
Method 'SystemVoidA4CosmosSystemExtendedASCIIEncodingTablecctor', ID = '2593'
Method 'A0SystemIOStreamA0SystemIOStreamWriterget_BaseStream', ID = '2596'
Method 'A0SystemUInt64A2CosmosCore_PlugsSystemObjectImplMemberwiseClone', ID = '2599'
Method 'SystemVoidA0A0SystemCollectionsGenericList1A6CosmosHALPITPITTimercctor', ID = '2600'
Method 'A0SystemVoidA6CosmosHALPITPITTimerDispose', ID = '2607'
Method 'A0SystemVoidA0A0SystemCollectionsGenericList1A6CosmosHALPITPITTimerAddWithResizeA6CosmosHALPITPITTimer', ID = '2608'
Method 'A7SystemConsoleColorA4CosmosSystemConsoleget_Foreground', ID = '2610'
Method 'A0SystemIOTextReaderA4CosmosSystemConsoleGetOrCreateReader', ID = '2612'
Method 'A0SystemInt32A4CosmosSystemIOSyncTextReaderRead', ID = '2614'
Method 'A0SystemInt32A4CosmosSystemIOSyncTextReaderPeek', ID = '2615'
Method 'A0SystemTextStringBuilderA0SystemTextStringBuilderAppendA0SystemCharA0SystemInt32', ID = '2616'
Method 'SystemVoidA0A0SystemCollectionsGenericList1A0SystemStringctor', ID = '2617'
Method 'SystemVoidA0A0SystemCollectionsGenericList1A0SystemStringcctor', ID = '2618'
Method 'A0SystemVoidA0A0SystemCollectionsGenericList1A0SystemStringGrowA0SystemInt32', ID = '2619'
Method 'A0A0SystemStringarrayA0InternalRuntimeCompilerServicesUnsafeAsA0A0SystemStringarrayA0SystemObject', ID = '2621'
Method 'SystemVoidA0A0SystemSZGenericArrayEnumerator1A0SystemStringctorA0A0SystemStringarray', ID = '2622'
Method 'A0SystemInt32A0SystemArrayIndexOfA0SystemStringA0A0SystemStringarrayA0SystemStringA0SystemInt32A0SystemInt32', ID = '2625'
Method 'A0A0SystemCollectionsGenericIEnumerator1A0SystemStringA8A8CosmosIL2CPUSZArrayImpl1A0SystemStringGetEnumerator', ID = '2626'
Method 'A0SystemVoidA8A8CosmosIL2CPUSZArrayImpl1A0SystemStringCopyToA0A0SystemStringarrayA0SystemInt32', ID = '2627'
Method 'A0SystemInt32A8A8CosmosIL2CPUSZArrayImpl1A0SystemStringget_Count', ID = '2628'
Method 'A0SystemStringA8A8CosmosIL2CPUSZArrayImpl1A0SystemStringget_ItemA0SystemInt32', ID = '2629'
Method 'A0SystemVoidA8A8CosmosIL2CPUSZArrayImpl1A0SystemStringset_ItemA0SystemInt32A0SystemString', ID = '2630'
Method 'A0SystemVoidA8A8CosmosIL2CPUSZArrayImpl1A0SystemStringAddA0SystemString', ID = '2631'
Method 'A0SystemBooleanA8A8CosmosIL2CPUSZArrayImpl1A0SystemStringContainsA0SystemString', ID = '2632'
Method 'A0SystemBooleanA8A8CosmosIL2CPUSZArrayImpl1A0SystemStringget_IsReadOnly', ID = '2633'
Method 'A0SystemVoidA8A8CosmosIL2CPUSZArrayImpl1A0SystemStringClear', ID = '2634'
Method 'A0SystemInt32A8A8CosmosIL2CPUSZArrayImpl1A0SystemStringIndexOfA0SystemString', ID = '2635'
Method 'A0SystemVoidA8A8CosmosIL2CPUSZArrayImpl1A0SystemStringInsertA0SystemInt32A0SystemString', ID = '2636'
Method 'A0SystemVoidA8A8CosmosIL2CPUSZArrayImpl1A0SystemStringRemoveAtA0SystemInt32', ID = '2637'
Method 'A0SystemBooleanA8A8CosmosIL2CPUSZArrayImpl1A0SystemStringget_IsFixedSize', ID = '2638'
Method 'A0SystemVoidA8A8CosmosIL2CPUSZArrayImpl1A0SystemStringRemoveA0SystemString', ID = '2639'
Method 'A0SystemObjectA8A8CosmosIL2CPUSZArrayImpl1A0SystemStringget_SyncRoot', ID = '2640'
Method 'A0SystemBooleanA8A8CosmosIL2CPUSZArrayImpl1A0SystemStringget_IsSynchronized', ID = '2641'
Method 'A0SystemVoidA0SystemThrowHelperThrowArgumentExceptionA0SystemExceptionResourceA0SystemExceptionArgument', ID = '2642'
Method 'A0SystemBooleanA0A0SystemReadOnlySpan1A0SystemCharget_IsEmpty', ID = '2643'
Method 'A0SystemVoidA0SystemStringMakeSeparatorListA0A0SystemReadOnlySpan1A0SystemCharA0A0SystemCollectionsGenericValueListBuilder1A0SystemInt32', ID = '2644'
Method 'A0SystemStringA0SystemStringTrimWhiteSpaceHelperA0SystemTextTrimType', ID = '2646'
Method 'A0SystemVoidA0SystemStringMakeSeparatorListA0SystemStringA0A0SystemCollectionsGenericValueListBuilder1A0SystemInt32', ID = '2649'
Method 'SystemVoidA0A0SystemByReference1A0SystemInt32ctorA0SystemInt32', ID = '2652'
Method 'A0A0SystemReadOnlySpan1A0SystemCharA0SystemMemoryExtensionsAsSpanA0SystemStringA0SystemInt32A0SystemInt32', ID = '2655'
Method 'A0SystemBooleanA0SystemMemoryExtensionsSequenceEqualA0SystemCharA0A0SystemReadOnlySpan1A0SystemCharA0A0SystemReadOnlySpan1A0SystemChar', ID = '2656'
Method 'A0SystemVoidA0A0SystemCollectionsGenericValueListBuilder1A0SystemInt32AppendA0SystemInt32', ID = '2657'
Method 'A0A0SystemSpan1A0SystemInt32A0A0SystemSpan1A0SystemInt32SliceA0SystemInt32A0SystemInt32', ID = '2658'
Method 'A0A0SystemReadOnlySpan1A0SystemInt32A0A0SystemSpan1A0SystemInt32op_ImplicitA0A0SystemSpan1A0SystemInt32', ID = '2659'
Method 'A0SystemInt32A0A0SystemReadOnlySpan1A0SystemInt32get_ItemA0SystemInt32', ID = '2660'
Method 'A0SystemBooleanA0A0SystemReadOnlySpan1A0SystemInt32get_IsEmpty', ID = '2661'
Method 'A0SystemStringA0SystemStringSubstringA0SystemInt32', ID = '2662'
Method 'A0A0SystemReadOnlySpan1A0SystemCharA0SystemMemoryExtensionsTrimA0A0SystemReadOnlySpan1A0SystemChar', ID = '2663'
Method 'A0SystemVoidA0SystemArrayResizeA0SystemStringA0A0SystemStringarrayA0SystemInt32', ID = '2664'
Method 'A6CosmosHALPCIDeviceA0A0SystemCollectionsGenericList1A6CosmosHALPCIDeviceget_ItemA0SystemInt32', ID = '2667'
Method 'A0SystemUInt32A6CosmosHALPCIget_Count', ID = '2668'
Method 'SystemVoidA0SystemIOFileStreamctorA0SystemStringA0SystemIOFileModeA0SystemIOFileAccessA0SystemIOFileShareA0SystemInt32A0SystemBoolean', ID = '2672'
Method 'SystemVoidA6CosmosHALRTCcctor', ID = '2673'
Method 'A1CosmosCoreMultibootTagsBasicMemoryInformationpointerA1CosmosCoreMultibootMultiboot2get_BasicMemoryInformation', ID = '2674'
Method 'A0SystemInt32A12CosmosCore_AsmCPUImplCanReadCPUID', ID = '2676'
Method 'A0SystemVoidA12CosmosCore_AsmCPUImplReadCPUIDA0SystemUInt32A0SystemInt32A0SystemInt32A0SystemInt32A0SystemInt32', ID = '2677'
Method 'SystemVoidA0SystemTimeSpancctor', ID = '2678'
Method 'A0SystemBooleanA0SystemTimeSpanTryFormatA0A0SystemSpan1A0SystemCharA0SystemInt32A0A0SystemReadOnlySpan1A0SystemCharA0SystemIFormatProvider', ID = '2680'
Method 'A0SystemBooleanA0SystemTimeSpanEqualsA0SystemObject', ID = '2682'
Method 'A0SystemInt32A0SystemTimeSpanGetHashCode', ID = '2683'
Method 'A0A0SystemReadOnlySpan1A0SystemByteA0SystemCharget_Latin1CharInfo', ID = '2700'
Method 'A0SystemInt32A0A0SystemReadOnlySpan1A0SystemByteget_Length', ID = '2701'
Method 'A0SystemByteA0A0SystemReadOnlySpan1A0SystemByteget_ItemA0SystemInt32', ID = '2702'
Method 'A0SystemUIntPtrA0SystemGlobalizationCharUnicodeInfoGetCategoryCasingTableOffsetNoBoundsChecksA0SystemUInt32', ID = '2704'
Method 'A0A0SystemReadOnlySpan1A0SystemByteA0SystemGlobalizationCharUnicodeInfoget_CategoriesValues', ID = '2705'
Method 'A0SystemByteA0SystemRuntimeInteropServicesMemoryMarshalGetReferenceA0SystemByteA0A0SystemReadOnlySpan1A0SystemByte', ID = '2706'
Method 'A0SystemVoidA8A8CosmosIL2CPUSZArrayImpl1GetEnumeratord__0A0SystemCharSystemIDisposableDispose', ID = '2710'
Method 'SystemVoidA0A0SystemBuffersArrayPool1A0SystemCharctor', ID = '2712'
Method 'A0SystemBooleanA0SystemRuntimeTypeIsSubclassOfA0SystemType', ID = '2713'
Method 'A0SystemVoidA2CosmosCore_PlugsSystemRuntimeTypeImplCCtor', ID = '2715'
Method 'A0SystemStringA0SystemRuntimeTypeGetCachedNameA0SystemTypeNameKind', ID = '2716'
Method 'A0SystemStringA2CosmosCore_PlugsSystemRuntimeTypeImplget_Name', ID = '2717'
Method 'SystemVoidA0SystemTypector', ID = '2718'
Method 'A0SystemStringA0SystemStringJoinA0SystemStringA0A0SystemObjectarray', ID = '2720'
Method 'A0SystemStringA0SystemStringFormatA0SystemStringA0SystemObjectA0SystemObject', ID = '2721'
Method 'SystemVoidA0A0SystemValueTuple2A0SystemUInt32A0SystemUInt32ctorA0SystemUInt32A0SystemUInt32', ID = '2733'
Method 'A0SystemStringA0A0SystemValueTuple2A0SystemUInt32A0SystemUInt32ToString', ID = '2734'
Method 'A0SystemBooleanA0A0SystemValueTuple2A0SystemUInt32A0SystemUInt32EqualsA0SystemObject', ID = '2735'
Method 'A0SystemInt32A0A0SystemValueTuple2A0SystemUInt32A0SystemUInt32GetHashCode', ID = '2736'
Method 'A0SystemStringA0SystemSRget_Argument_BadFormatSpecifier', ID = '2741'
Method 'SystemVoidA0SystemFormatExceptionctorA0SystemString', ID = '2742'
Method 'A0SystemInt32A0SystemBuffersTextFormattingHelpersCountHexDigitsA0SystemUInt64', ID = '2743'
Method 'A0SystemCharpointerA0SystemNumberInt32ToHexCharsA0SystemCharpointerA0SystemUInt32A0SystemInt32A0SystemInt32', ID = '2744'
Method 'SystemVoidA0A0SystemSpan1A0SystemBytectorA0SystemVoidpointerA0SystemInt32', ID = '2746'
Method 'A0SystemByteA0A0SystemSpan1A0SystemByteget_ItemA0SystemInt32', ID = '2747'
Method 'A0SystemBytepointerA0SystemNumberNumberBufferGetDigitsPointer', ID = '2749'
Method 'A0SystemBytepointerA0SystemNumberUInt32ToDecCharsA0SystemBytepointerA0SystemUInt32A0SystemInt32', ID = '2750'
Method 'A0SystemInt32A0SystemGlobalizationNumberFormatInfoget_CurrencyDecimalDigits', ID = '2751'
Method 'A0SystemVoidA0SystemNumberRoundNumberA0SystemNumberNumberBufferA0SystemInt32A0SystemBoolean', ID = '2752'
Method 'A0SystemVoidA0SystemNumberFormatCurrencyA0SystemTextValueStringBuilderA0SystemNumberNumberBufferA0SystemInt32A0SystemGlobalizationNumberFormatInfo', ID = '2753'
Method 'A0SystemInt32A0SystemGlobalizationNumberFormatInfoget_NumberDecimalDigits', ID = '2754'
Method 'A0SystemVoidA0SystemTextValueStringBuilderAppendA0SystemString', ID = '2755'
Method 'A0SystemStringA0SystemGlobalizationNumberFormatInfoget_NumberDecimalSeparator', ID = '2756'
Method 'A0SystemVoidA0SystemNumberFormatFixedA0SystemTextValueStringBuilderA0SystemNumberNumberBufferA0SystemInt32A0A0SystemInt32arrayA0SystemStringA0SystemString', ID = '2757'
Method 'A0SystemVoidA0SystemNumberFormatNumberA0SystemTextValueStringBuilderA0SystemNumberNumberBufferA0SystemInt32A0SystemGlobalizationNumberFormatInfo', ID = '2758'
Method 'A0SystemVoidA0SystemNumberFormatScientificA0SystemTextValueStringBuilderA0SystemNumberNumberBufferA0SystemInt32A0SystemGlobalizationNumberFormatInfoA0SystemChar', ID = '2759'
Method 'A0SystemVoidA0SystemNumberFormatGeneralA0SystemTextValueStringBuilderA0SystemNumberNumberBufferA0SystemInt32A0SystemGlobalizationNumberFormatInfoA0SystemCharA0SystemBoolean', ID = '2760'
Method 'A0SystemInt32A0SystemGlobalizationNumberFormatInfoget_PercentDecimalDigits', ID = '2761'
Method 'A0SystemVoidA0SystemNumberFormatPercentA0SystemTextValueStringBuilderA0SystemNumberNumberBufferA0SystemInt32A0SystemGlobalizationNumberFormatInfo', ID = '2762'
Method 'A0SystemInt32A0SystemNumberFindSectionA0A0SystemReadOnlySpan1A0SystemCharA0SystemInt32', ID = '2763'
Method 'A0SystemCharA0SystemRuntimeInteropServicesMemoryMarshalGetReferenceA0SystemCharA0A0SystemReadOnlySpan1A0SystemChar', ID = '2764'
Method 'A0SystemStringA0SystemGlobalizationNumberFormatInfoget_NumberGroupSeparator', ID = '2765'
Method 'A0SystemInt32A0A0SystemSpan1A0SystemInt32get_Length', ID = '2766'
Method 'A0A0SystemSpan1A0SystemInt32A0A0SystemSpan1A0SystemInt32op_ImplicitA0A0SystemInt32array', ID = '2767'
Method 'A0SystemVoidA0A0SystemSpan1A0SystemInt32CopyToA0A0SystemSpan1A0SystemInt32', ID = '2768'
Method 'A0SystemInt32A0A0SystemSpan1A0SystemInt32get_ItemA0SystemInt32', ID = '2769'
Method 'A0SystemVoidA0SystemTextValueStringBuilderAppendA0SystemChar', ID = '2770'
Method 'A0SystemStringA0SystemGlobalizationNumberFormatInfoget_PerMilleSymbol', ID = '2771'
Method 'A0SystemStringA0SystemGlobalizationNumberFormatInfoget_PercentSymbol', ID = '2772'
Method 'A0SystemVoidA0SystemNumberFormatExponentA0SystemTextValueStringBuilderA0SystemGlobalizationNumberFormatInfoA0SystemInt32A0SystemCharA0SystemInt32A0SystemBoolean', ID = '2773'
Method 'A0SystemInt32A0SystemTextValueStringBuilderget_Length', ID = '2774'
Method 'A0SystemVoidA0SystemTextValueStringBuilderInsertA0SystemInt32A0SystemString', ID = '2775'
Method 'SystemVoidA0SystemGlobalizationCultureInfocctor', ID = '2776'
Method 'A0SystemStringA0SystemGlobalizationCultureInfoToString', ID = '2782'
Method 'SystemVoidA0SystemGlobalizationNumberFormatInfoctorA0SystemGlobalizationCultureData', ID = '2785'
Method 'A0SystemGlobalizationNumberFormatInfoA0SystemThreadingInterlockedCompareExchangeA0SystemGlobalizationNumberFormatInfoA0SystemGlobalizationNumberFormatInfoA0SystemGlobalB706DD289F7E018153B43E7AAB3CA69B', ID = '2786'
Method 'A0SystemGlobalizationCultureInfoA2CosmosCore_PlugsSystemGlobalizationCultureInfoImplget_CurrentCulture', ID = '2787'
Method 'A0SystemGlobalizationDateTimeFormatInfoA0SystemGlobalizationCultureInfoget_DateTimeFormat', ID = '2788'
Method 'A0SystemStringA0SystemSRget_Argument_InvalidTypeWithPointersNotSupported', ID = '2789'
Method 'A0SystemStringA0SystemTextValueStringBuilderToString', ID = '2790'
Method 'A0SystemStringA0SystemNumberNumberBufferToString', ID = '2792'
Method 'A0SystemNumberDiyFpA0SystemNumberDiyFpCreateAndGetBoundariesA0SystemDoubleA0SystemNumberDiyFpA0SystemNumberDiyFp', ID = '2794'
Method 'A0SystemNumberDiyFpA0SystemNumberDiyFpNormalize', ID = '2795'
Method 'A0SystemBooleanA0SystemNumberGrisu3TryRunShortestA0SystemNumberDiyFpA0SystemNumberDiyFpA0SystemNumberDiyFpA0A0SystemSpan1A0SystemByteA0SystemInt32A0SystemInt32', ID = '2796'
Method 'SystemVoidA0SystemNumberDiyFpctorA0SystemDouble', ID = '2797'
Method 'A0SystemBooleanA0SystemNumberGrisu3TryRunCountedA0SystemNumberDiyFpA0SystemInt32A0A0SystemSpan1A0SystemByteA0SystemInt32A0SystemInt32', ID = '2798'
Method 'A0SystemUInt64A0SystemNumberExtractFractionAndBiasedExponentA0SystemDoubleA0SystemInt32', ID = '2799'
Method 'A0SystemInt32A0SystemNumericsBitOperationsLog2A0SystemUInt64', ID = '2800'
Method 'A0SystemUInt32A0SystemNumberDragon4A0SystemUInt64A0SystemInt32A0SystemUInt32A0SystemBooleanA0SystemInt32A0SystemBooleanA0A0SystemSpan1A0SystemByteA0SystemInt32', ID = '2801'
Method 'A0SystemVoidA0SystemNumberInt64ToNumberA0SystemInt64A0SystemNumberNumberBuffer', ID = '2802'
Method 'A0SystemTextStringBuilderA0SystemTextStringBuilderInsertA0SystemInt32A0SystemStringA0SystemInt32', ID = '2803'
Method 'A0SystemVoidA0SystemTextStringBuilderInsertA0SystemInt32A0SystemCharpointerA0SystemInt32', ID = '2804'
Method 'A0SystemTextStringBuilderA0SystemTextStringBuilderAppendSpanFormattableA0SystemInt32A0SystemInt32', ID = '2805'
Method 'A0SystemNumberParsingStatusA0SystemNumberTryParseInt32IntegerStyleA0A0SystemReadOnlySpan1A0SystemCharA0SystemGlobalizationNumberStylesA0SystemGlobalizationNumberFormatInfoA0SystemInt32', ID = '2807'
Method 'A0SystemVoidA0A0SystemSpan1A0SystemCharFillA0SystemChar', ID = '2808'
Method 'SystemVoidA0SystemTextASCIIEncodingcctor', ID = '2809'
Method 'A0SystemVoidA0SystemIOTextWriterNullTextWriterWriteLineA0SystemString', ID = '2810'
Method 'A0SystemVoidA0SystemIOTextWriterNullTextWriterWriteA0SystemString', ID = '2811'
Method 'A0SystemVoidA3CosmosSystem_PlugsSystemIOTextWriterImplCtorA0A0SystemChararray', ID = '2812'
Method 'SystemVoidA4CosmosSystemIOConsoleStreamctorA0SystemIOFileAccess', ID = '2813'
Method 'A0SystemTextEncodingA3CosmosSystem_PlugsSystemConsoleImplget_OutputEncoding', ID = '2814'
Method 'A0A0SystemReadOnlySpan1A0SystemByteA0SystemTextEncodingget_Preamble', ID = '2816'
Method 'SystemVoidA4CosmosSystemConsoleConsoleEncodingctorA0SystemTextEncoding', ID = '2817'
Method 'A0SystemThreadingTasksTaskA0SystemThreadingTasksTaskget_CompletedTask', ID = '2818'
Method 'SystemVoidA0SystemIOTextWriterctorA0SystemIFormatProvider', ID = '2819'
Method 'A0SystemTextEncodingA0SystemIOStreamWriterget_UTF8NoBOM', ID = '2820'
Method 'A0SystemStringA0SystemSRget_Argument_StreamNotWritable', ID = '2822'
Method 'A0SystemStringA0SystemSRget_ArgumentOutOfRange_NeedPosNum', ID = '2823'
Method 'A0SystemTextEncoderA0SystemTextEncodingGetEncoder', ID = '2824'
Method 'A0SystemVoidA0SystemIOStreamWriterFlushA0SystemBooleanA0SystemBoolean', ID = '2828'
Method 'A0SystemVoidA2CosmosCore_PlugsMemoryOperationsImplCopyTinyA0SystemBytepointerA0SystemBytepointerA0SystemInt32', ID = '2830'
Method 'A0SystemInt32A0SystemMathDivRemA0SystemInt32A0SystemInt32A0SystemInt32', ID = '2831'
Method 'A0SystemVoidA2CosmosCore_PlugsMemoryOperationsImplCopy128BlocksA0SystemBytepointerA0SystemBytepointerA0SystemInt32', ID = '2832'
Method 'A0SystemVoidA0SystemIOTextWriterNullTextWriterWriteA0SystemChar', ID = '2833'
Method 'A0SystemVoidA0SystemIOStreamWriterWriteA0SystemChar', ID = '2834'
Method 'SystemVoidA0SystemBitConvertercctor', ID = '2836'
Method 'A0SystemBooleanA2CosmosCore_PlugsRuntimeIntrinsicsX86X86Implget_IsSupported', ID = '2838'
Method 'A0A0SystemRuntimeIntrinsicsVector1281A0SystemDoubleA0InternalRuntimeCompilerServicesUnsafeAsRefA0A0SystemRuntimeIntrinsicsVector1281A0SystemDoubleA0SystemVoidpointer', ID = '2840'
Method 'A0A0SystemRuntimeIntrinsicsVector1281A0SystemInt64A0SystemRuntimeIntrinsicsVector128AsA0SystemDoubleA0SystemInt64A0A0SystemRuntimeIntrinsicsVector1281A0SystemDouble', ID = '2842'
Method 'A0SystemStringA0SystemStringFormatA0SystemStringA0SystemObject', ID = '2843'
Method 'A0SystemInt32A0SystemExceptionget_HResult', ID = '2844'
Method 'A0SystemStringA0SystemSRget_Arg_ArgumentException', ID = '2845'
Method 'A0SystemStringA0SystemGuidToString', ID = '2846'
Method 'A0SystemBooleanA0SystemGuidSystemISpanFormattableTryFormatA0A0SystemSpan1A0SystemCharA0SystemInt32A0A0SystemReadOnlySpan1A0SystemCharA0SystemIFormatProvider', ID = '2847'
Method 'A0SystemStringA0SystemGuidToStringA0SystemStringA0SystemIFormatProvider', ID = '2848'
Method 'A0SystemBooleanA0SystemGuidEqualsA0SystemObject', ID = '2849'
Method 'A0SystemInt32A0SystemGuidGetHashCode', ID = '2850'
Method 'SystemVoidA0SystemReflectionModulecctor', ID = '2857'
Method 'A0SystemBooleanA0SystemReflectionModuleEqualsA0SystemObject', ID = '2859'
Method 'A0SystemInt32A0SystemReflectionModuleGetHashCode', ID = '2860'
Method 'SystemVoidA0SystemReflectionAssemblycctor', ID = '2861'
Method 'A0SystemStringA0SystemReflectionAssemblyToString', ID = '2862'
Method 'A0SystemBooleanA0SystemReflectionAssemblyEqualsA0SystemObject', ID = '2863'
Method 'A0SystemInt32A0SystemReflectionAssemblyGetHashCode', ID = '2864'
Method 'A0SystemStringA0SystemSRget_Arg_NotImplementedException', ID = '2865'
Method 'A0SystemStringA0A0SystemRuntimeIntrinsicsVector1281A0SystemByteToString', ID = '2869'
Method 'A0SystemBooleanA0A0SystemRuntimeIntrinsicsVector1281A0SystemByteEqualsA0SystemObject', ID = '2870'
Method 'A0SystemInt32A0A0SystemRuntimeIntrinsicsVector1281A0SystemByteGetHashCode', ID = '2871'
Method 'A0SystemStringA0A0SystemNumericsVector1A0SystemByteToString', ID = '2875'
Method 'A0SystemStringA0A0SystemNumericsVector1A0SystemByteToStringA0SystemStringA0SystemIFormatProvider', ID = '2876'
Method 'A0SystemBooleanA0A0SystemNumericsVector1A0SystemByteEqualsA0SystemObject', ID = '2877'
Method 'A0SystemInt32A0A0SystemNumericsVector1A0SystemByteGetHashCode', ID = '2878'
Method 'A0SystemStringA0A0SystemRuntimeIntrinsicsVector2561A0SystemByteToString', ID = '2882'
Method 'A0SystemBooleanA0A0SystemRuntimeIntrinsicsVector2561A0SystemByteEqualsA0SystemObject', ID = '2883'
Method 'A0SystemInt32A0A0SystemRuntimeIntrinsicsVector2561A0SystemByteGetHashCode', ID = '2884'
Method 'A0A0SystemRuntimeIntrinsicsVector1281A0SystemByteA0InternalRuntimeCompilerServicesUnsafeAsRefA0A0SystemRuntimeIntrinsicsVector1281A0SystemByteA0SystemVoidpointer', ID = '2887'
Method 'A0SystemUInt32A0SystemRuntimeIntrinsicsX86Bmi1TrailingZeroCountA0SystemUInt32', ID = '2889'
Method 'A0SystemBooleanA0SystemRuntimeIntrinsicsArmArmBaseget_IsSupported', ID = '2890'
Method 'A0SystemUInt32A0SystemRuntimeIntrinsicsX86X86BaseBitScanForwardA0SystemUInt32', ID = '2892'
Method 'A0A0SystemReadOnlySpan1A0SystemByteA0SystemNumericsBitOperationsget_TrailingZeroCountDeBruijn', ID = '2893'
Method 'A0SystemByteA0InternalRuntimeCompilerServicesUnsafeAddByteOffsetA0SystemByteA0SystemByteA0SystemIntPtr', ID = '2894'
Method 'A0A0SystemRuntimeIntrinsicsVector2561A0SystemByteA0InternalRuntimeCompilerServicesUnsafeAsRefA0A0SystemRuntimeIntrinsicsVector2561A0SystemByteA0SystemVoidpointer', ID = '2895'
Method 'A0A0SystemNumericsVector1A0SystemByteA0InternalRuntimeCompilerServicesUnsafeAsRefA0A0SystemNumericsVector1A0SystemByteA0A0SystemNumericsVector1A0SystemByte', ID = '2897'
Method 'A0SystemByteA0InternalRuntimeCompilerServicesUnsafeAsA0A0SystemNumericsVector1A0SystemByteA0SystemByteA0A0SystemNumericsVector1A0SystemByte', ID = '2898'
Method 'A0SystemByteA0InternalRuntimeCompilerServicesUnsafeAddA0SystemByteA0SystemByteA0SystemIntPtr', ID = '2899'
Method 'A0SystemByteA0A0SystemNumericsVector1A0SystemByteGetElementA0SystemIntPtr', ID = '2900'
Method 'A0SystemBooleanA0A0SystemNumericsVector1A0SystemByteScalarEqualsA0SystemByteA0SystemByte', ID = '2901'
Method 'A0SystemByteA0A0SystemNumericsVector1A0SystemByteGetAllBitsSetValue', ID = '2902'
Method 'A0A0SystemNumericsVector1A0SystemUInt64A0A0SystemNumericsVector1A0SystemByteop_ExplicitA0A0SystemNumericsVector1A0SystemByte', ID = '2904'
Method 'A0SystemVoidA0SystemThrowHelperThrowForUnsupportedNumericsVectorBaseTypeA0SystemUInt64', ID = '2905'
Method 'A0SystemUInt64A0A0SystemNumericsVector1A0SystemUInt64GetElementA0SystemIntPtr', ID = '2906'
Method 'A0SystemInt32A0InternalRuntimeCompilerServicesUnsafeSizeOfA0A0SystemNumericsVector1A0SystemUInt64', ID = '2907'
Method 'A0SystemInt32A0InternalRuntimeCompilerServicesUnsafeSizeOfA0SystemUInt64', ID = '2908'
Method 'A0SystemInt32A0SystemNumericsBitOperationsTrailingZeroCountA0SystemUInt64', ID = '2909'
Method 'A0SystemStringA0A0SystemRuntimeIntrinsicsVector1281A0SystemUInt16ToString', ID = '2910'
Method 'A0SystemBooleanA0A0SystemRuntimeIntrinsicsVector1281A0SystemUInt16EqualsA0SystemObject', ID = '2911'
Method 'A0SystemInt32A0A0SystemRuntimeIntrinsicsVector1281A0SystemUInt16GetHashCode', ID = '2912'
Method 'A0SystemStringA0A0SystemNumericsVector1A0SystemUInt16ToString', ID = '2914'
Method 'A0SystemStringA0A0SystemNumericsVector1A0SystemUInt16ToStringA0SystemStringA0SystemIFormatProvider', ID = '2915'
Method 'A0SystemBooleanA0A0SystemNumericsVector1A0SystemUInt16EqualsA0SystemObject', ID = '2916'
Method 'A0SystemInt32A0A0SystemNumericsVector1A0SystemUInt16GetHashCode', ID = '2917'
Method 'A0A0SystemRuntimeIntrinsicsVector1281A0SystemUInt16A0InternalRuntimeCompilerServicesUnsafeAsRefA0A0SystemRuntimeIntrinsicsVector1281A0SystemUInt16A0SystemVoidpointer', ID = '2919'
Method 'A0A0SystemRuntimeIntrinsicsVector1281A0SystemByteA0InternalRuntimeCompilerServicesUnsafeAsA0A0SystemRuntimeIntrinsicsVector1281A0SystemUInt16A0A0SystemRuntimeIntrinsicsC348F49C1CDEF57AEF2A9AB8163C3912', ID = '2920'
Method 'A0SystemStringA0A0SystemRuntimeIntrinsicsVector2561A0SystemUInt16ToString', ID = '2921'
Method 'A0SystemBooleanA0A0SystemRuntimeIntrinsicsVector2561A0SystemUInt16EqualsA0SystemObject', ID = '2922'
Method 'A0SystemInt32A0A0SystemRuntimeIntrinsicsVector2561A0SystemUInt16GetHashCode', ID = '2923'
Method 'A0A0SystemRuntimeIntrinsicsVector2561A0SystemUInt16A0InternalRuntimeCompilerServicesUnsafeAsRefA0A0SystemRuntimeIntrinsicsVector2561A0SystemUInt16A0SystemVoidpointer', ID = '2925'
Method 'A0A0SystemRuntimeIntrinsicsVector2561A0SystemByteA0InternalRuntimeCompilerServicesUnsafeAsA0A0SystemRuntimeIntrinsicsVector2561A0SystemUInt16A0A0SystemRuntimeIntrinsics94B4F5DE33EAE9B585D7E93044B3DD2F', ID = '2926'
Method 'A0A0SystemNumericsVector1A0SystemUInt16A0InternalRuntimeCompilerServicesUnsafeAsRefA0A0SystemNumericsVector1A0SystemUInt16A0A0SystemNumericsVector1A0SystemUInt16', ID = '2928'
Method 'A0SystemUInt16A0InternalRuntimeCompilerServicesUnsafeAsA0A0SystemNumericsVector1A0SystemUInt16A0SystemUInt16A0A0SystemNumericsVector1A0SystemUInt16', ID = '2929'
Method 'A0SystemUInt16A0InternalRuntimeCompilerServicesUnsafeAddA0SystemUInt16A0SystemUInt16A0SystemIntPtr', ID = '2930'
Method 'A0SystemUInt16A0A0SystemNumericsVector1A0SystemUInt16GetElementA0SystemIntPtr', ID = '2931'
Method 'A0SystemBooleanA0A0SystemNumericsVector1A0SystemUInt16ScalarEqualsA0SystemUInt16A0SystemUInt16', ID = '2932'
Method 'A0SystemUInt16A0A0SystemNumericsVector1A0SystemUInt16GetAllBitsSetValue', ID = '2933'
Method 'A0A0SystemNumericsVector1A0SystemUInt64A0A0SystemNumericsVector1A0SystemUInt16op_ExplicitA0A0SystemNumericsVector1A0SystemUInt16', ID = '2934'
Method 'SystemVoidA0A0SystemSZGenericArrayEnumerator1A0SystemInt32ctorA0A0SystemInt32array', ID = '2936'
Method 'A0SystemInt32A0SystemArrayIndexOfA0SystemInt32A0A0SystemInt32arrayA0SystemInt32A0SystemInt32A0SystemInt32', ID = '2939'
Method 'A0A0SystemCollectionsGenericIEnumerator1A0SystemInt32A8A8CosmosIL2CPUSZArrayImpl1A0SystemInt32GetEnumerator', ID = '2940'
Method 'A0SystemVoidA8A8CosmosIL2CPUSZArrayImpl1A0SystemInt32CopyToA0A0SystemInt32arrayA0SystemInt32', ID = '2941'
Method 'A0SystemInt32A8A8CosmosIL2CPUSZArrayImpl1A0SystemInt32get_Count', ID = '2942'
Method 'A0SystemInt32A8A8CosmosIL2CPUSZArrayImpl1A0SystemInt32get_ItemA0SystemInt32', ID = '2943'
Method 'A0SystemVoidA8A8CosmosIL2CPUSZArrayImpl1A0SystemInt32set_ItemA0SystemInt32A0SystemInt32', ID = '2944'
Method 'A0SystemVoidA8A8CosmosIL2CPUSZArrayImpl1A0SystemInt32AddA0SystemInt32', ID = '2945'
Method 'A0SystemBooleanA8A8CosmosIL2CPUSZArrayImpl1A0SystemInt32ContainsA0SystemInt32', ID = '2946'
Method 'A0SystemBooleanA8A8CosmosIL2CPUSZArrayImpl1A0SystemInt32get_IsReadOnly', ID = '2947'
Method 'A0SystemVoidA8A8CosmosIL2CPUSZArrayImpl1A0SystemInt32Clear', ID = '2948'
Method 'A0SystemInt32A8A8CosmosIL2CPUSZArrayImpl1A0SystemInt32IndexOfA0SystemInt32', ID = '2949'
Method 'A0SystemVoidA8A8CosmosIL2CPUSZArrayImpl1A0SystemInt32InsertA0SystemInt32A0SystemInt32', ID = '2950'
Method 'A0SystemVoidA8A8CosmosIL2CPUSZArrayImpl1A0SystemInt32RemoveAtA0SystemInt32', ID = '2951'
Method 'A0SystemBooleanA8A8CosmosIL2CPUSZArrayImpl1A0SystemInt32get_IsFixedSize', ID = '2952'
Method 'A0SystemVoidA8A8CosmosIL2CPUSZArrayImpl1A0SystemInt32RemoveA0SystemInt32', ID = '2953'
Method 'A0SystemObjectA8A8CosmosIL2CPUSZArrayImpl1A0SystemInt32get_SyncRoot', ID = '2954'
Method 'A0SystemBooleanA8A8CosmosIL2CPUSZArrayImpl1A0SystemInt32get_IsSynchronized', ID = '2955'
Method 'SystemVoidA0A0SystemSZGenericArrayEnumerator1A0SystemInt64ctorA0A0SystemInt64array', ID = '2957'
Method 'A0SystemInt32A0SystemArrayIndexOfA0SystemInt64A0A0SystemInt64arrayA0SystemInt64A0SystemInt32A0SystemInt32', ID = '2960'
Method 'A0A0SystemCollectionsGenericIEnumerator1A0SystemInt64A8A8CosmosIL2CPUSZArrayImpl1A0SystemInt64GetEnumerator', ID = '2961'
Method 'A0SystemVoidA8A8CosmosIL2CPUSZArrayImpl1A0SystemInt64CopyToA0A0SystemInt64arrayA0SystemInt32', ID = '2962'
Method 'A0SystemInt32A8A8CosmosIL2CPUSZArrayImpl1A0SystemInt64get_Count', ID = '2963'
Method 'A0SystemInt64A8A8CosmosIL2CPUSZArrayImpl1A0SystemInt64get_ItemA0SystemInt32', ID = '2964'
Method 'A0SystemVoidA8A8CosmosIL2CPUSZArrayImpl1A0SystemInt64set_ItemA0SystemInt32A0SystemInt64', ID = '2965'
Method 'A0SystemVoidA8A8CosmosIL2CPUSZArrayImpl1A0SystemInt64AddA0SystemInt64', ID = '2966'
Method 'A0SystemBooleanA8A8CosmosIL2CPUSZArrayImpl1A0SystemInt64ContainsA0SystemInt64', ID = '2967'
Method 'A0SystemBooleanA8A8CosmosIL2CPUSZArrayImpl1A0SystemInt64get_IsReadOnly', ID = '2968'
Method 'A0SystemVoidA8A8CosmosIL2CPUSZArrayImpl1A0SystemInt64Clear', ID = '2969'
Method 'A0SystemInt32A8A8CosmosIL2CPUSZArrayImpl1A0SystemInt64IndexOfA0SystemInt64', ID = '2970'
Method 'A0SystemVoidA8A8CosmosIL2CPUSZArrayImpl1A0SystemInt64InsertA0SystemInt32A0SystemInt64', ID = '2971'
Method 'A0SystemVoidA8A8CosmosIL2CPUSZArrayImpl1A0SystemInt64RemoveAtA0SystemInt32', ID = '2972'
Method 'A0SystemBooleanA8A8CosmosIL2CPUSZArrayImpl1A0SystemInt64get_IsFixedSize', ID = '2973'
Method 'A0SystemVoidA8A8CosmosIL2CPUSZArrayImpl1A0SystemInt64RemoveA0SystemInt64', ID = '2974'
Method 'A0SystemObjectA8A8CosmosIL2CPUSZArrayImpl1A0SystemInt64get_SyncRoot', ID = '2975'
Method 'A0SystemBooleanA8A8CosmosIL2CPUSZArrayImpl1A0SystemInt64get_IsSynchronized', ID = '2976'
Method 'SystemVoidA0SystemMarvincctor', ID = '2980'
Method 'A0SystemUInt32A0SystemNumericsBitOperationsRotateLeftA0SystemUInt32A0SystemInt32', ID = '2981'
Method 'SystemVoidA2CosmosCore_PlugsSystemBufferImplcctor', ID = '2982'
Method 'A0SystemBytepointerA1CosmosCoreMemoryRATGetPagePtrA0SystemVoidpointer', ID = '2983'
Method 'A0SystemVoidA1CosmosCoreMemoryRATFreeA0SystemUInt32', ID = '2984'
Method 'A0SystemVoidA0SystemThreadingMonitorThrowLockTakenException', ID = '2986'
Method 'A0SystemBooleanA0A0SystemCollectionsGenericDictionary2A0SystemStringA0SystemBooleanFindValueA0SystemString', ID = '2989'
Method 'A0SystemBooleanA0InternalRuntimeCompilerServicesUnsafeIsNullRefA0SystemBooleanA0SystemBoolean', ID = '2990'
Method 'A0SystemVoidA2CosmosCore_PlugsSystemThreadingMonitorImplExitA0SystemObject', ID = '2991'
Method 'A0SystemBooleanA0A0SystemCollectionsGenericDictionary2A0SystemStringA0SystemObjectTryGetValueA0SystemStringA0SystemObject', ID = '2993'
Method 'A0A0SystemReadOnlySpan1A0SystemCharA0SystemMemoryExtensionsAsSpanA0SystemString', ID = '2994'
Method 'A0SystemBooleanA0SystemBooleanTryParseA0A0SystemReadOnlySpan1A0SystemCharA0SystemBoolean', ID = '2995'
Method 'A0SystemStringA11CosmosCommonStringHelperGetNumberStringA0SystemInt64', ID = '2996'
Method 'A0SystemVoidA0SystemDateTimeThrowTicksOutOfRange', ID = '2998'
Method 'A0SystemVoidA0SystemDateTimeThrowInvalidKind', ID = '2999'
Method 'A0SystemBooleanA3CosmosSystem_PlugsSystemDateTimeImplSystemSupportsLeapSeconds', ID = '3000'
Method 'A0SystemIntPtrA3CosmosSystem_PlugsSystemDateTimeImplGetGetSystemTimeAsFileTimeFnPtr', ID = '3001'
Method 'A0SystemVoidA0SystemThrowHelperThrowArgumentOutOfRange_BadYearMonthDay', ID = '3008'
Method 'A0SystemBooleanA0SystemDateTimeIsLeapYearA0SystemInt32', ID = '3009'
Method 'A0SystemUInt32A0SystemDateTimeDaysToYearA0SystemUInt32', ID = '3010'
Method 'A0SystemVoidA0SystemThrowHelperThrowArgumentOutOfRange_BadHourMinuteSecond', ID = '3011'
Method 'A0SystemVoidA3CosmosSystem_PlugsSystemDateTimeImplValidateLeapSecond', ID = '3012'
Method 'SystemVoidA0A0SystemCollectionsGenericEqualityComparer1A0SystemBytecctor', ID = '3013'
Method 'SystemVoidA0SystemIOTextReaderNullTextReaderctor', ID = '3015'
Method 'SystemVoidA0SystemIOStreamctor', ID = '3018'
Method 'A0SystemVoidA0SystemThreadingSemaphoreSlimCancellationTokenCanceledEventHandlerA0SystemObject', ID = '3019'
Method 'A0SystemVoidA12CosmosCore_AsmDelegateImplCtorA0SystemObjectA0SystemIntPtr', ID = '1892'
Method 'A0SystemVoidA0SystemThreadingWaitHandleDispose', ID = '3024'
Method 'A0SystemVoidA0SystemThreadingTasksTaskDispose', ID = '3028'
Method 'A0SystemVoidA6CosmosHALTextScreenClear', ID = '3030'
Method 'A0A0SystemCollectionsGenericIEnumerator1A6CosmosHALPCIDeviceA0SystemSZArrayHelperGetEnumeratorA6CosmosHALPCIDevice', ID = '3032'
Method 'A0SystemVoidA0SystemSZArrayHelperCopyToA6CosmosHALPCIDeviceA6A6CosmosHALPCIDevicearrayA0SystemInt32', ID = '3033'
Method 'A0SystemInt32A0SystemSZArrayHelperget_CountA6CosmosHALPCIDevice', ID = '3034'
Method 'A6CosmosHALPCIDeviceA0SystemSZArrayHelperget_ItemA6CosmosHALPCIDeviceA0SystemInt32', ID = '3035'
Method 'A0SystemVoidA0SystemSZArrayHelperset_ItemA6CosmosHALPCIDeviceA0SystemInt32A6CosmosHALPCIDevice', ID = '3036'
Method 'A0SystemVoidA0SystemSZArrayHelperAddA6CosmosHALPCIDeviceA6CosmosHALPCIDevice', ID = '3037'
Method 'A0SystemBooleanA0SystemSZArrayHelperContainsA6CosmosHALPCIDeviceA6CosmosHALPCIDevice', ID = '3038'
Method 'A0SystemBooleanA0SystemSZArrayHelperget_IsReadOnlyA6CosmosHALPCIDevice', ID = '3039'
Method 'A0SystemVoidA0SystemSZArrayHelperClearA6CosmosHALPCIDevice', ID = '3040'
Method 'A0SystemInt32A0SystemSZArrayHelperIndexOfA6CosmosHALPCIDeviceA6CosmosHALPCIDevice', ID = '3041'
Method 'A0SystemVoidA0SystemSZArrayHelperInsertA6CosmosHALPCIDeviceA0SystemInt32A6CosmosHALPCIDevice', ID = '3042'
Method 'A0SystemBooleanA0SystemSZArrayHelperRemoveA6CosmosHALPCIDeviceA6CosmosHALPCIDevice', ID = '3043'
Method 'A0SystemVoidA0SystemSZArrayHelperRemoveAtA6CosmosHALPCIDeviceA0SystemInt32', ID = '3044'
Method 'A0SystemVoidA0A0SystemCollectionsGenericList1A6CosmosHALPCIDeviceAddWithResizeA6CosmosHALPCIDevice', ID = '3046'
Method 'A0SystemStringA0SystemSRget_InvalidOperation_NoValue', ID = '3047'
Method 'A0SystemStringA11CosmosCommonExtensionsToHexStringConvertToHexA0SystemUInt32', ID = '3048'
Method 'A0SystemVoidA6CosmosHALPS2MouseSendCommandA6CosmosHALPS2MouseCommandA0A0SystemNullable1A0SystemByte', ID = '3050'
Method 'A0SystemBooleanA6CosmosHALPS2ControllerWaitForDeviceReset', ID = '3051'
Method 'A0SystemByteA6CosmosHALPS2MouseTryToEnableScrollWheel', ID = '3052'
Method 'A0SystemByteA6CosmosHALPS2MouseTryToEnableAdditionalButtons', ID = '3053'
Method 'A0SystemVoidA6CosmosHALPS2MouseHandleMouseA1CosmosCoreINTsIRQContext', ID = '3054'
Method 'A0SystemVoidA6CosmosHALPS2KeyboardSendCommandA6CosmosHALPS2KeyboardCommandA0A0SystemNullable1A0SystemByte', ID = '3056'
Method 'A0SystemVoidA6CosmosHALPS2KeyboardHandleIRQA1CosmosCoreINTsIRQContext', ID = '3057'
Method 'A0SystemInt32A1CosmosCoreIOGroupATAGetBAR0A0SystemBoolean', ID = '3063'
Method 'A0SystemInt32A1CosmosCoreIOGroupATAGetBAR1A0SystemBoolean', ID = '3064'
Method 'SystemVoidA6CosmosHALBlockDeviceATA_PIOcctor', ID = '3065'
Method 'A0SystemStringA6CosmosHALBlockDeviceATA_PIOToString', ID = '3066'
Method 'A0SystemVoidA6CosmosHALBlockDeviceATA_PIOSelectDriveA0SystemByte', ID = '3067'
Method 'A6CosmosHALBlockDeviceATA_PIOStatusA6CosmosHALBlockDeviceATA_PIOSendCmdA6CosmosHALBlockDeviceATA_PIOCmdA0SystemBoolean', ID = '3068'
Method 'A6CosmosHALBlockDeviceATA_PIOStatusA6CosmosHALBlockDeviceATA_PIOSendCmdA6CosmosHALBlockDeviceATA_PIOCmd', ID = '3069'
Method 'A0SystemStringA6CosmosHALBlockDeviceATA_PIOGetStringA0A0SystemUInt16arrayA0SystemInt32A0SystemInt32', ID = '3071'
Method 'A0SystemVoidA1CosmosCoreIOGroupATAWait', ID = '3072'
Method 'A0SystemVoidA6CosmosHALBlockDeviceATAPIHandleIRQA1CosmosCoreINTsIRQContext', ID = '3073'
Method 'A0SystemUInt64A0SystemBitConverterToUInt64A0A0SystemBytearrayA0SystemInt32', ID = '3074'
Method 'SystemVoidA0A0SystemCollectionsGenericList1A6CosmosHALBlockDeviceGPTGPartInfoctor', ID = '3075'
Method 'A0SystemUInt32A0SystemBitConverterToUInt32A0A0SystemBytearrayA0SystemInt32', ID = '3076'
Method 'A0SystemVoidA6CosmosHALBlockDeviceGPTParseParitionA0A0SystemBytearrayA0SystemInt64', ID = '3077'
Method 'SystemVoidA0A0SystemCollectionsGenericList1EnumeratorA6CosmosHALBlockDeviceGPTGPartInfoctorA0A0SystemCollectionsGenericList1A6CosmosHALBlockDeviceGPTGPartInfo', ID = '3079'
Method 'A0SystemBooleanA0A0SystemCollectionsGenericList1EnumeratorA6CosmosHALBlockDeviceGPTGPartInfoMoveNextRare', ID = '3080'
Method 'A0SystemVoidA0A0SystemCollectionsGenericList1EnumeratorA6CosmosHALBlockDeviceGPTGPartInfoDispose', ID = '3081'
Method 'SystemVoidA0A0SystemCollectionsGenericList1A6CosmosHALBlockDeviceMBRPartInfoctor', ID = '3083'
Method 'A0A0SystemBytearrayA6CosmosHALBlockDeviceBlockDeviceNewBlockArrayA0SystemUInt64', ID = '3084'
Method 'A0SystemVoidA6CosmosHALBlockDeviceMBRParsePartitionA0A0SystemBytearrayA0SystemUInt64', ID = '3085'
Method 'A0SystemVoidA6CosmosHALBlockDevicePartitionReadBlockA0SystemUInt64A0SystemUInt64A0A0SystemBytearray', ID = '3088'
Method 'A0SystemVoidA6CosmosHALBlockDeviceATA_PIOReadBlockA0SystemUInt64A0SystemUInt64A0A0SystemBytearray', ID = '3089'
Method 'A0SystemVoidA6CosmosHALBlockDeviceATAPIReadBlockA0SystemUInt64A0SystemUInt64A0A0SystemBytearray', ID = '3090'
Method 'SystemVoidA0A0SystemCollectionsGenericList1A6CosmosHALBlockDeviceEBRPartInfoctor', ID = '3091'
Method 'A0SystemVoidA6CosmosHALBlockDeviceEBRParsePartitionA0A0SystemBytearrayA0SystemInt32', ID = '3092'
Method 'SystemVoidA0A0SystemCollectionsGenericList1EnumeratorA6CosmosHALBlockDeviceMBRPartInfoctorA0A0SystemCollectionsGenericList1A6CosmosHALBlockDeviceMBRPartInfo', ID = '3094'
Method 'A0SystemBooleanA0A0SystemCollectionsGenericList1EnumeratorA6CosmosHALBlockDeviceMBRPartInfoMoveNextRare', ID = '3095'
Method 'A0SystemVoidA0A0SystemCollectionsGenericList1EnumeratorA6CosmosHALBlockDeviceMBRPartInfoDispose', ID = '3096'
Method 'A0A0SystemCollectionsGenericIEnumerator1A6CosmosHALBlockDeviceBlockDeviceA0SystemSZArrayHelperGetEnumeratorA6CosmosHALBlockDeviceBlockDevice', ID = '3098'
Method 'A0SystemVoidA0SystemSZArrayHelperCopyToA6CosmosHALBlockDeviceBlockDeviceA6A6CosmosHALBlockDeviceBlockDevicearrayA0SystemInt32', ID = '3099'
Method 'A0SystemInt32A0SystemSZArrayHelperget_CountA6CosmosHALBlockDeviceBlockDevice', ID = '3100'
Method 'A6CosmosHALBlockDeviceBlockDeviceA0SystemSZArrayHelperget_ItemA6CosmosHALBlockDeviceBlockDeviceA0SystemInt32', ID = '3101'
Method 'A0SystemVoidA0SystemSZArrayHelperset_ItemA6CosmosHALBlockDeviceBlockDeviceA0SystemInt32A6CosmosHALBlockDeviceBlockDevice', ID = '3102'
Method 'A0SystemVoidA0SystemSZArrayHelperAddA6CosmosHALBlockDeviceBlockDeviceA6CosmosHALBlockDeviceBlockDevice', ID = '3103'
Method 'A0SystemBooleanA0SystemSZArrayHelperContainsA6CosmosHALBlockDeviceBlockDeviceA6CosmosHALBlockDeviceBlockDevice', ID = '3104'
Method 'A0SystemBooleanA0SystemSZArrayHelperget_IsReadOnlyA6CosmosHALBlockDeviceBlockDevice', ID = '3105'
Method 'A0SystemVoidA0SystemSZArrayHelperClearA6CosmosHALBlockDeviceBlockDevice', ID = '3106'
Method 'A0SystemInt32A0SystemSZArrayHelperIndexOfA6CosmosHALBlockDeviceBlockDeviceA6CosmosHALBlockDeviceBlockDevice', ID = '3107'
Method 'A0SystemVoidA0SystemSZArrayHelperInsertA6CosmosHALBlockDeviceBlockDeviceA0SystemInt32A6CosmosHALBlockDeviceBlockDevice', ID = '3108'
Method 'A0SystemBooleanA0SystemSZArrayHelperRemoveA6CosmosHALBlockDeviceBlockDeviceA6CosmosHALBlockDeviceBlockDevice', ID = '3109'
Method 'A0SystemVoidA0SystemSZArrayHelperRemoveAtA6CosmosHALBlockDeviceBlockDeviceA0SystemInt32', ID = '3110'
Method 'A0SystemInt32A0SystemArrayget_MaxLength', ID = '3112'
Method 'A0SystemVoidA0A0SystemCollectionsGenericList1A6CosmosHALBlockDeviceBlockDeviceset_CapacityA0SystemInt32', ID = '3113'
Method 'A0SystemStringA0SystemSRget_InvalidOperation_EnumFailedVersion', ID = '3114'
Method 'A0SystemVoidA0SystemIOStreamWriterDisposeA0SystemBoolean', ID = '3115'
Method 'A0SystemVoidA0SystemIOStreamDisposeA0SystemBoolean', ID = '3118'
Method 'A0SystemVoidA4CosmosSystemIOSyncTextReaderDisposeA0SystemBoolean', ID = '3119'
Method 'A0A0SystemCollectionsGenericIEnumerator1A6CosmosHALBlockDevicePartitionA0SystemSZArrayHelperGetEnumeratorA6CosmosHALBlockDevicePartition', ID = '3120'
Method 'A0SystemVoidA0SystemSZArrayHelperCopyToA6CosmosHALBlockDevicePartitionA6A6CosmosHALBlockDevicePartitionarrayA0SystemInt32', ID = '3121'
Method 'A0SystemInt32A0SystemSZArrayHelperget_CountA6CosmosHALBlockDevicePartition', ID = '3122'
Method 'A6CosmosHALBlockDevicePartitionA0SystemSZArrayHelperget_ItemA6CosmosHALBlockDevicePartitionA0SystemInt32', ID = '3123'
Method 'A0SystemVoidA0SystemSZArrayHelperset_ItemA6CosmosHALBlockDevicePartitionA0SystemInt32A6CosmosHALBlockDevicePartition', ID = '3124'
Method 'A0SystemVoidA0SystemSZArrayHelperAddA6CosmosHALBlockDevicePartitionA6CosmosHALBlockDevicePartition', ID = '3125'
Method 'A0SystemBooleanA0SystemSZArrayHelperContainsA6CosmosHALBlockDevicePartitionA6CosmosHALBlockDevicePartition', ID = '3126'
Method 'A0SystemBooleanA0SystemSZArrayHelperget_IsReadOnlyA6CosmosHALBlockDevicePartition', ID = '3127'
Method 'A0SystemVoidA0SystemSZArrayHelperClearA6CosmosHALBlockDevicePartition', ID = '3128'
Method 'A0SystemInt32A0SystemSZArrayHelperIndexOfA6CosmosHALBlockDevicePartitionA6CosmosHALBlockDevicePartition', ID = '3129'
Method 'A0SystemVoidA0SystemSZArrayHelperInsertA6CosmosHALBlockDevicePartitionA0SystemInt32A6CosmosHALBlockDevicePartition', ID = '3130'
Method 'A0SystemBooleanA0SystemSZArrayHelperRemoveA6CosmosHALBlockDevicePartitionA6CosmosHALBlockDevicePartition', ID = '3131'
Method 'A0SystemVoidA0SystemSZArrayHelperRemoveAtA6CosmosHALBlockDevicePartitionA0SystemInt32', ID = '3132'
Method 'A0SystemVoidA0A0SystemCollectionsGenericList1A6CosmosHALBlockDevicePartitionset_CapacityA0SystemInt32', ID = '3134'
Method 'SystemVoidA0A0SystemCollectionsGenericList1A6CosmosHALBlockDevicePortsStoragePortcctor', ID = '3136'
Method 'A0SystemRuntimeCompilerServicesMethodTablepointerA0SystemRuntimeCompilerServicesRuntimeHelpersGetMethodTableA0SystemObject', ID = '3143'
Method 'A0SystemBooleanA0SystemRuntimeCompilerServicesMethodTableget_IsMultiDimensionalArray', ID = '3144'
Method 'A0SystemUIntPtrA0SystemArrayget_NativeLength', ID = '3145'
Method 'A0SystemBooleanA0SystemRuntimeCompilerServicesMethodTableget_ContainsGCPointers', ID = '3147'
Method 'A0SystemUInt32A6CosmosHALBlockDeviceRegistersPortRegistersget_SSTS', ID = '3149'
Method 'A0SystemUInt32A6CosmosHALBlockDeviceRegistersPortRegistersget_SIG', ID = '3150'
Method 'A0SystemBooleanA6CosmosHALBlockDeviceAHCIStopCMDA6CosmosHALBlockDeviceRegistersPortRegisters', ID = '3151'
Method 'A0SystemVoidA6CosmosHALBlockDevicePortsSATAPortResetA6CosmosHALBlockDeviceRegistersPortRegisters', ID = '3152'
Method 'A0SystemVoidA6CosmosHALBlockDeviceRegistersPortRegistersset_CLBA0SystemUInt32', ID = '3153'
Method 'A0SystemVoidA6CosmosHALBlockDeviceRegistersPortRegistersset_FBA0SystemUInt32', ID = '3154'
Method 'A0SystemVoidA6CosmosHALBlockDeviceRegistersPortRegistersset_SERRA0SystemUInt32', ID = '3155'
Method 'A0SystemVoidA6CosmosHALBlockDeviceRegistersPortRegistersset_ISA0SystemUInt32', ID = '3156'
Method 'A0SystemVoidA6CosmosHALBlockDeviceRegistersPortRegistersset_IEA0SystemUInt32', ID = '3157'
Method 'A0SystemUInt32A6CosmosHALBlockDeviceRegistersPortRegistersget_CLB', ID = '3158'
Method 'A0SystemUInt32A6CosmosHALBlockDeviceRegistersPortRegistersget_FB', ID = '3159'
Method 'A6A6CosmosHALBlockDeviceRegistersHBACommandHeaderarrayA6CosmosHALBlockDeviceAHCIGetCommandHeaderA6CosmosHALBlockDeviceRegistersPortRegisters', ID = '3160'
Method 'A0SystemBooleanA6CosmosHALBlockDeviceAHCIStartCMDA6CosmosHALBlockDeviceRegistersPortRegisters', ID = '3161'
Method 'SystemVoidA6CosmosHALBlockDevicePortsStoragePortctor', ID = '3163'
Method 'A0SystemUInt32A6CosmosHALBlockDeviceRegistersPortRegistersget_CMD', ID = '3164'
Method 'SystemVoidA1CosmosCoreMemoryGroupAHCIctorA0SystemUInt32', ID = '3165'
Method 'A0SystemVoidA6CosmosHALBlockDevicePortsSATASendSATA28CommandA6CosmosHALBlockDeviceRegistersATACommandsA0SystemUInt32A0SystemUInt32', ID = '3166'
Method 'A0SystemVoidA1CosmosCoreMemoryBlockRead16A0A0SystemUInt16array', ID = '3168'
Method 'A0SystemStringA6CosmosHALBlockDevicePortsSATAGetStringA0A0SystemUInt16arrayA0SystemInt32A0SystemInt32', ID = '3169'
Method 'A0SystemVoidA0A0SystemCollectionsGenericList1A6CosmosHALBlockDevicePortsStoragePortAddWithResizeA6CosmosHALBlockDevicePortsStoragePort', ID = '3170'
Method 'A6A6CosmosHALPCIBaseAddressBararrayA0InternalRuntimeCompilerServicesUnsafeAsA6A6CosmosHALPCIBaseAddressBararrayA0SystemObject', ID = '3172'
Method 'SystemVoidA0A0SystemSZGenericArrayEnumerator1A6CosmosHALPCIBaseAddressBarctorA6A6CosmosHALPCIBaseAddressBararray', ID = '3173'
Method 'A0SystemInt32A0SystemArrayIndexOfA6CosmosHALPCIBaseAddressBarA6A6CosmosHALPCIBaseAddressBararrayA6CosmosHALPCIBaseAddressBarA0SystemInt32A0SystemInt32', ID = '3176'
Method 'A0A0SystemCollectionsGenericIEnumerator1A6CosmosHALPCIBaseAddressBarA8A8CosmosIL2CPUSZArrayImpl1A6CosmosHALPCIBaseAddressBarGetEnumerator', ID = '3177'
Method 'A0SystemVoidA8A8CosmosIL2CPUSZArrayImpl1A6CosmosHALPCIBaseAddressBarCopyToA6A6CosmosHALPCIBaseAddressBararrayA0SystemInt32', ID = '3178'
Method 'A0SystemInt32A8A8CosmosIL2CPUSZArrayImpl1A6CosmosHALPCIBaseAddressBarget_Count', ID = '3179'
Method 'A6CosmosHALPCIBaseAddressBarA8A8CosmosIL2CPUSZArrayImpl1A6CosmosHALPCIBaseAddressBarget_ItemA0SystemInt32', ID = '3180'
Method 'A0SystemVoidA8A8CosmosIL2CPUSZArrayImpl1A6CosmosHALPCIBaseAddressBarset_ItemA0SystemInt32A6CosmosHALPCIBaseAddressBar', ID = '3181'
Method 'A0SystemVoidA8A8CosmosIL2CPUSZArrayImpl1A6CosmosHALPCIBaseAddressBarAddA6CosmosHALPCIBaseAddressBar', ID = '3182'
Method 'A0SystemBooleanA8A8CosmosIL2CPUSZArrayImpl1A6CosmosHALPCIBaseAddressBarContainsA6CosmosHALPCIBaseAddressBar', ID = '3183'
Method 'A0SystemBooleanA8A8CosmosIL2CPUSZArrayImpl1A6CosmosHALPCIBaseAddressBarget_IsReadOnly', ID = '3184'
Method 'A0SystemVoidA8A8CosmosIL2CPUSZArrayImpl1A6CosmosHALPCIBaseAddressBarClear', ID = '3185'
Method 'A0SystemInt32A8A8CosmosIL2CPUSZArrayImpl1A6CosmosHALPCIBaseAddressBarIndexOfA6CosmosHALPCIBaseAddressBar', ID = '3186'
Method 'A0SystemVoidA8A8CosmosIL2CPUSZArrayImpl1A6CosmosHALPCIBaseAddressBarInsertA0SystemInt32A6CosmosHALPCIBaseAddressBar', ID = '3187'
Method 'A0SystemVoidA8A8CosmosIL2CPUSZArrayImpl1A6CosmosHALPCIBaseAddressBarRemoveAtA0SystemInt32', ID = '3188'
Method 'A0SystemBooleanA8A8CosmosIL2CPUSZArrayImpl1A6CosmosHALPCIBaseAddressBarget_IsFixedSize', ID = '3189'
Method 'A0SystemVoidA8A8CosmosIL2CPUSZArrayImpl1A6CosmosHALPCIBaseAddressBarRemoveA6CosmosHALPCIBaseAddressBar', ID = '3190'
Method 'A0SystemObjectA8A8CosmosIL2CPUSZArrayImpl1A6CosmosHALPCIBaseAddressBarget_SyncRoot', ID = '3191'
Method 'A0SystemBooleanA8A8CosmosIL2CPUSZArrayImpl1A6CosmosHALPCIBaseAddressBarget_IsSynchronized', ID = '3192'
Method 'SystemVoidA0A0SystemCollectionsGenericList1A1CosmosCoreManagedMemoryBlockcctor', ID = '3194'
Method 'A0SystemVoidA0A0SystemCollectionsGenericList1A6CosmosHALNetworkDeviceAddWithResizeA6CosmosHALNetworkDevice', ID = '3204'
Method 'A0SystemVoidA0A0SystemCollectionsGenericList1A1CosmosCoreManagedMemoryBlockGrowA0SystemInt32', ID = '3206'
Method 'A0SystemVoidA0A0SystemCollectionsGenericQueue1A0A0SystemBytearrayThrowForEmptyQueue', ID = '3209'
Method 'A1CosmosCoreManagedMemoryBlockA0A0SystemCollectionsGenericList1A1CosmosCoreManagedMemoryBlockget_ItemA0SystemInt32', ID = '3210'
Method 'A0SystemVoidA1CosmosCoreManagedMemoryBlockset_ItemA0SystemUInt32A0SystemByte', ID = '3211'
Method 'A0SystemVoidA0A0SystemCollectionsGenericQueue1A0A0SystemBytearrayMoveNextA0SystemInt32', ID = '3213'
Method 'A0SystemByteA1CosmosCoreManagedMemoryBlockget_ItemA0SystemUInt32', ID = '3214'
Method 'A0SystemVoidA0A0SystemCollectionsGenericQueue1A0A0SystemBytearrayEnqueueA0A0SystemBytearray', ID = '3215'
Method 'SystemVoidA0A0SystemCollectionsGenericList1A6CosmosHALNetworkDevicector', ID = '3216'
Method 'A0SystemVoidA6CosmosHALNetworkDeviceset_DevicesA0A0SystemCollectionsGenericList1A6CosmosHALNetworkDevice', ID = '3217'
Method 'A0SystemVoidA6CosmosHALNetworkMACAddressPutByteA0A0SystemChararrayA0SystemInt32A0SystemByte', ID = '3220'
Method 'A0A0SystemCollectionsGenericIEnumerator1A6CosmosHALNetworkDeviceA0SystemSZArrayHelperGetEnumeratorA6CosmosHALNetworkDevice', ID = '3225'
Method 'A0SystemVoidA0SystemSZArrayHelperCopyToA6CosmosHALNetworkDeviceA6A6CosmosHALNetworkDevicearrayA0SystemInt32', ID = '3226'
Method 'A0SystemInt32A0SystemSZArrayHelperget_CountA6CosmosHALNetworkDevice', ID = '3227'
Method 'A6CosmosHALNetworkDeviceA0SystemSZArrayHelperget_ItemA6CosmosHALNetworkDeviceA0SystemInt32', ID = '3228'
Method 'A0SystemVoidA0SystemSZArrayHelperset_ItemA6CosmosHALNetworkDeviceA0SystemInt32A6CosmosHALNetworkDevice', ID = '3229'
Method 'A0SystemVoidA0SystemSZArrayHelperAddA6CosmosHALNetworkDeviceA6CosmosHALNetworkDevice', ID = '3230'
Method 'A0SystemBooleanA0SystemSZArrayHelperContainsA6CosmosHALNetworkDeviceA6CosmosHALNetworkDevice', ID = '3231'
Method 'A0SystemBooleanA0SystemSZArrayHelperget_IsReadOnlyA6CosmosHALNetworkDevice', ID = '3232'
Method 'A0SystemVoidA0SystemSZArrayHelperClearA6CosmosHALNetworkDevice', ID = '3233'
Method 'A0SystemInt32A0SystemSZArrayHelperIndexOfA6CosmosHALNetworkDeviceA6CosmosHALNetworkDevice', ID = '3234'
Method 'A0SystemVoidA0SystemSZArrayHelperInsertA6CosmosHALNetworkDeviceA0SystemInt32A6CosmosHALNetworkDevice', ID = '3235'
Method 'A0SystemBooleanA0SystemSZArrayHelperRemoveA6CosmosHALNetworkDeviceA6CosmosHALNetworkDevice', ID = '3236'
Method 'A0SystemVoidA0SystemSZArrayHelperRemoveAtA6CosmosHALNetworkDeviceA0SystemInt32', ID = '3237'
Method 'A0A0A0SystemCollectionsGenericDictionary2EntryA0SystemUInt32A6CosmosHALNetworkDevicearrayA0InternalRuntimeCompilerServicesUnsafeAsA0A0A0SystemCollectionsGenericDictiona097CC2E45A45D5C7C69F2041F46F7863', ID = '3240'
Method 'SystemVoidA0A0SystemSZGenericArrayEnumerator1A0A0SystemCollectionsGenericDictionary2EntryA0SystemUInt32A6CosmosHALNetworkDevicectorA0A0A0SystemCollectionsGenericDiction2BF58DC2C4D90151AA77AC3E47C8386B', ID = '3241'
Method 'A0SystemInt32A0SystemArrayIndexOfA0A0SystemCollectionsGenericDictionary2EntryA0SystemUInt32A6CosmosHALNetworkDeviceA0A0A0SystemCollectionsGenericDictionary2EntryA0Syste524EB3D448DD4B33CBE32F28D34AEA7B', ID = '3244'
Method 'A0A0SystemCollectionsGenericIEnumerator1A0A0SystemCollectionsGenericDictionary2EntryA0SystemUInt32A6CosmosHALNetworkDeviceA8A8CosmosIL2CPUSZArrayImpl1A0A0SystemCollectiB98C2617F343BD69A1635152DC7AB5CA', ID = '3245'
Method 'A0SystemVoidA8A8CosmosIL2CPUSZArrayImpl1A0A0SystemCollectionsGenericDictionary2EntryA0SystemUInt32A6CosmosHALNetworkDeviceCopyToA0A0A0SystemCollectionsGenericDictionary3D48986ADDE867C3A148DAC7636651D6', ID = '3246'
Method 'A0SystemInt32A8A8CosmosIL2CPUSZArrayImpl1A0A0SystemCollectionsGenericDictionary2EntryA0SystemUInt32A6CosmosHALNetworkDeviceget_Count', ID = '3247'
Method 'A0A0SystemCollectionsGenericDictionary2EntryA0SystemUInt32A6CosmosHALNetworkDeviceA8A8CosmosIL2CPUSZArrayImpl1A0A0SystemCollectionsGenericDictionary2EntryA0SystemUInt32CD978EBE6A0A3F613796F1B10C84ED2A', ID = '3248'
Method 'A0SystemVoidA8A8CosmosIL2CPUSZArrayImpl1A0A0SystemCollectionsGenericDictionary2EntryA0SystemUInt32A6CosmosHALNetworkDeviceset_ItemA0SystemInt32A0A0SystemCollectionsGene0F414194399E50272CC9A934FE0F3837', ID = '3249'
Method 'A0SystemVoidA8A8CosmosIL2CPUSZArrayImpl1A0A0SystemCollectionsGenericDictionary2EntryA0SystemUInt32A6CosmosHALNetworkDeviceAddA0A0SystemCollectionsGenericDictionary2Entr5AF1088E52D2D529983ABB6AA94FE62E', ID = '3250'
Method 'A0SystemBooleanA8A8CosmosIL2CPUSZArrayImpl1A0A0SystemCollectionsGenericDictionary2EntryA0SystemUInt32A6CosmosHALNetworkDeviceContainsA0A0SystemCollectionsGenericDictionCCA2DB18202F58ADA855B298E264AFE2', ID = '3251'
Method 'A0SystemBooleanA8A8CosmosIL2CPUSZArrayImpl1A0A0SystemCollectionsGenericDictionary2EntryA0SystemUInt32A6CosmosHALNetworkDeviceget_IsReadOnly', ID = '3252'
Method 'A0SystemVoidA8A8CosmosIL2CPUSZArrayImpl1A0A0SystemCollectionsGenericDictionary2EntryA0SystemUInt32A6CosmosHALNetworkDeviceClear', ID = '3253'
Method 'A0SystemInt32A8A8CosmosIL2CPUSZArrayImpl1A0A0SystemCollectionsGenericDictionary2EntryA0SystemUInt32A6CosmosHALNetworkDeviceIndexOfA0A0SystemCollectionsGenericDictionary3A83927CA66DCB84BFFCA14774827A51', ID = '3254'
Method 'A0SystemVoidA8A8CosmosIL2CPUSZArrayImpl1A0A0SystemCollectionsGenericDictionary2EntryA0SystemUInt32A6CosmosHALNetworkDeviceInsertA0SystemInt32A0A0SystemCollectionsGeneri184A4F5156E0915AFD7407E602E3F941', ID = '3255'
Method 'A0SystemVoidA8A8CosmosIL2CPUSZArrayImpl1A0A0SystemCollectionsGenericDictionary2EntryA0SystemUInt32A6CosmosHALNetworkDeviceRemoveAtA0SystemInt32', ID = '3256'
Method 'A0SystemBooleanA8A8CosmosIL2CPUSZArrayImpl1A0A0SystemCollectionsGenericDictionary2EntryA0SystemUInt32A6CosmosHALNetworkDeviceget_IsFixedSize', ID = '3257'
Method 'A0SystemVoidA8A8CosmosIL2CPUSZArrayImpl1A0A0SystemCollectionsGenericDictionary2EntryA0SystemUInt32A6CosmosHALNetworkDeviceRemoveA0A0SystemCollectionsGenericDictionary2EAD338789633316957DF3C9FE38DCC949', ID = '3258'
Method 'A0SystemObjectA8A8CosmosIL2CPUSZArrayImpl1A0A0SystemCollectionsGenericDictionary2EntryA0SystemUInt32A6CosmosHALNetworkDeviceget_SyncRoot', ID = '3259'
Method 'A0SystemBooleanA8A8CosmosIL2CPUSZArrayImpl1A0A0SystemCollectionsGenericDictionary2EntryA0SystemUInt32A6CosmosHALNetworkDeviceget_IsSynchronized', ID = '3260'
Method 'A0A0SystemCollectionsGenericIEnumerator1A0A0SystemCollectionsGenericKeyValuePair2A0SystemUInt32A6CosmosHALNetworkDeviceA0SystemSZArrayHelperGetEnumeratorA0A0SystemColle5336CF4713B32B58134969C27279C47C', ID = '3261'
Method 'A0SystemVoidA0SystemSZArrayHelperCopyToA0A0SystemCollectionsGenericKeyValuePair2A0SystemUInt32A6CosmosHALNetworkDeviceA0A0A0SystemCollectionsGenericKeyValuePair2A0Syste14EEBE32A2CB8F4CF4444009ED316191', ID = '3262'
Method 'A0SystemInt32A0SystemSZArrayHelperget_CountA0A0SystemCollectionsGenericKeyValuePair2A0SystemUInt32A6CosmosHALNetworkDevice', ID = '3263'
Method 'A0A0SystemCollectionsGenericKeyValuePair2A0SystemUInt32A6CosmosHALNetworkDeviceA0SystemSZArrayHelperget_ItemA0A0SystemCollectionsGenericKeyValuePair2A0SystemUInt32A6CosmosHALNetworkDeviceA0SystemInt32', ID = '3264'
Method 'A0SystemVoidA0SystemSZArrayHelperset_ItemA0A0SystemCollectionsGenericKeyValuePair2A0SystemUInt32A6CosmosHALNetworkDeviceA0SystemInt32A0A0SystemCollectionsGenericKeyValu2492766999B0DB19B0601A01D1DBD944', ID = '3265'
Method 'A0SystemVoidA0SystemSZArrayHelperAddA0A0SystemCollectionsGenericKeyValuePair2A0SystemUInt32A6CosmosHALNetworkDeviceA0A0SystemCollectionsGenericKeyValuePair2A0SystemUInt32A6CosmosHALNetworkDevice', ID = '3266'
Method 'A0SystemBooleanA0SystemSZArrayHelperContainsA0A0SystemCollectionsGenericKeyValuePair2A0SystemUInt32A6CosmosHALNetworkDeviceA0A0SystemCollectionsGenericKeyValuePair2A0Sy9323E890F3571C245E8474F280C57E69', ID = '3267'
Method 'A0SystemBooleanA0SystemSZArrayHelperget_IsReadOnlyA0A0SystemCollectionsGenericKeyValuePair2A0SystemUInt32A6CosmosHALNetworkDevice', ID = '3268'
Method 'A0SystemVoidA0SystemSZArrayHelperClearA0A0SystemCollectionsGenericKeyValuePair2A0SystemUInt32A6CosmosHALNetworkDevice', ID = '3269'
Method 'A0SystemInt32A0SystemSZArrayHelperIndexOfA0A0SystemCollectionsGenericKeyValuePair2A0SystemUInt32A6CosmosHALNetworkDeviceA0A0SystemCollectionsGenericKeyValuePair2A0SystemUInt32A6CosmosHALNetworkDevice', ID = '3270'
Method 'A0SystemVoidA0SystemSZArrayHelperInsertA0A0SystemCollectionsGenericKeyValuePair2A0SystemUInt32A6CosmosHALNetworkDeviceA0SystemInt32A0A0SystemCollectionsGenericKeyValuePC10870EB3D52706C2A55B2D4CA4EC767', ID = '3271'
Method 'A0SystemBooleanA0SystemSZArrayHelperRemoveA0A0SystemCollectionsGenericKeyValuePair2A0SystemUInt32A6CosmosHALNetworkDeviceA0A0SystemCollectionsGenericKeyValuePair2A0SystemUInt32A6CosmosHALNetworkDevice', ID = '3272'
Method 'A0SystemVoidA0SystemSZArrayHelperRemoveAtA0A0SystemCollectionsGenericKeyValuePair2A0SystemUInt32A6CosmosHALNetworkDeviceA0SystemInt32', ID = '3273'
Method 'A0SystemStringA0SystemSRget_Arg_HTCapacityOverflow', ID = '3278'
Method 'A0SystemBooleanA0SystemCollectionsHashHelpersIsPrimeA0SystemInt32', ID = '3280'
Method 'SystemVoidA0SystemCollectionsGenericNonRandomizedStringEqualityComparercctor', ID = '3281'
Method 'A4A4CosmosSystemKeyEventarrayA0SystemArrayEmptyA4CosmosSystemKeyEvent', ID = '3291'
Method 'SystemVoidA4CosmosSystemScanMapBasector', ID = '3293'
Method 'A0SystemVoidA0A0SystemCollectionsGenericList1A6CosmosHALKeyboardBaseAddA6CosmosHALKeyboardBase', ID = '3295'
Method 'A0A0SystemCollectionsGenericIEnumerator1A6CosmosHALKeyboardBaseA0A0SystemCollectionsGenericList1A6CosmosHALKeyboardBaseSystemCollectionsGenericIEnumerableTGetEnumerator', ID = '3297'
Method 'A0SystemInt32A0A0SystemCollectionsGenericList1A6CosmosHALKeyboardBaseget_Count', ID = '3298'
Method 'A0SystemVoidA4CosmosSystemKeyboardManagerHandleScanCodeA0SystemByteA0SystemBoolean', ID = '3301'
Method 'A0SystemVoidA12CosmosCore_AsmDelegateImplCtorA0SystemObjectA0SystemIntPtr', ID = '1892'
Method 'A0SystemBooleanA0A0SystemSZGenericArrayEnumerator1A0SystemUInt32MoveNext', ID = '3303'
Method 'A0SystemBooleanA0A0SystemSZGenericArrayEnumerator1A0SystemDelegateMoveNext', ID = '3304'
Method 'A0SystemBooleanA0A0SystemSZGenericArrayEnumerator1A0SystemObjectMoveNext', ID = '3305'
Method 'A0SystemBooleanA8A8CosmosIL2CPUSZArrayImpl1GetEnumeratord__0A0SystemUInt32MoveNext', ID = '3306'
Method 'A0SystemBooleanA8A8CosmosIL2CPUSZArrayImpl1GetEnumeratord__0A0SystemDelegateMoveNext', ID = '3307'
Method 'A0SystemBooleanA8A8CosmosIL2CPUSZArrayImpl1GetEnumeratord__0A0SystemObjectMoveNext', ID = '3308'
Method 'A0SystemBooleanA0A0SystemSZGenericArrayEnumerator1A0SystemByteMoveNext', ID = '3309'
Method 'A0SystemBooleanA0A0SystemSZGenericArrayEnumerator1A0SystemCharMoveNext', ID = '3310'
Method 'A0SystemBooleanA8A8CosmosIL2CPUSZArrayImpl1GetEnumeratord__0A0SystemByteMoveNext', ID = '3311'
Method 'A0SystemBooleanA8A8CosmosIL2CPUSZArrayImpl1GetEnumeratord__0A0SystemCharMoveNext', ID = '3312'
Method 'A0SystemBooleanA0A0SystemSZGenericArrayEnumerator1A0SystemStringMoveNext', ID = '3313'
Method 'A0SystemBooleanA0A0SystemSZGenericArrayEnumerator1A0SystemInt32MoveNext', ID = '3314'
Method 'A0SystemBooleanA0A0SystemSZGenericArrayEnumerator1A0SystemInt64MoveNext', ID = '3315'
Method 'A0SystemBooleanA0A0SystemSZGenericArrayEnumerator1A6CosmosHALPCIBaseAddressBarMoveNext', ID = '3316'
Method 'A0SystemBooleanA0A0SystemSZGenericArrayEnumerator1A0A0SystemCollectionsGenericDictionary2EntryA0SystemUInt32A6CosmosHALNetworkDeviceMoveNext', ID = '3317'
Method 'SystemVoidA0A0SystemCollectionsGenericDictionary2A0SystemInt32A0SystemUInt32ctorA0SystemInt32A0A0SystemCollectionsGenericIEqualityComparer1A0SystemInt32', ID = '3319'
Method 'A13A13SystemDrawingColorarrayA0InternalRuntimeCompilerServicesUnsafeAsA13A13SystemDrawingColorarrayA0SystemObject', ID = '3321'
Method 'SystemVoidA0A0SystemSZGenericArrayEnumerator1A13SystemDrawingColorctorA13A13SystemDrawingColorarray', ID = '3322'
Method 'A0SystemInt32A0SystemArrayIndexOfA13SystemDrawingColorA13A13SystemDrawingColorarrayA13SystemDrawingColorA0SystemInt32A0SystemInt32', ID = '3325'
Method 'A0A0SystemCollectionsGenericIEnumerator1A13SystemDrawingColorA8A8CosmosIL2CPUSZArrayImpl1A13SystemDrawingColorGetEnumerator', ID = '3326'
Method 'A0SystemVoidA8A8CosmosIL2CPUSZArrayImpl1A13SystemDrawingColorCopyToA13A13SystemDrawingColorarrayA0SystemInt32', ID = '3327'
Method 'A0SystemInt32A8A8CosmosIL2CPUSZArrayImpl1A13SystemDrawingColorget_Count', ID = '3328'
Method 'A13SystemDrawingColorA8A8CosmosIL2CPUSZArrayImpl1A13SystemDrawingColorget_ItemA0SystemInt32', ID = '3329'
Method 'A0SystemVoidA8A8CosmosIL2CPUSZArrayImpl1A13SystemDrawingColorset_ItemA0SystemInt32A13SystemDrawingColor', ID = '3330'
Method 'A0SystemVoidA8A8CosmosIL2CPUSZArrayImpl1A13SystemDrawingColorAddA13SystemDrawingColor', ID = '3331'
Method 'A0SystemBooleanA8A8CosmosIL2CPUSZArrayImpl1A13SystemDrawingColorContainsA13SystemDrawingColor', ID = '3332'
Method 'A0SystemBooleanA8A8CosmosIL2CPUSZArrayImpl1A13SystemDrawingColorget_IsReadOnly', ID = '3333'
Method 'A0SystemVoidA8A8CosmosIL2CPUSZArrayImpl1A13SystemDrawingColorClear', ID = '3334'
Method 'A0SystemInt32A8A8CosmosIL2CPUSZArrayImpl1A13SystemDrawingColorIndexOfA13SystemDrawingColor', ID = '3335'
Method 'A0SystemVoidA8A8CosmosIL2CPUSZArrayImpl1A13SystemDrawingColorInsertA0SystemInt32A13SystemDrawingColor', ID = '3336'
Method 'A0SystemVoidA8A8CosmosIL2CPUSZArrayImpl1A13SystemDrawingColorRemoveAtA0SystemInt32', ID = '3337'
Method 'A0SystemBooleanA8A8CosmosIL2CPUSZArrayImpl1A13SystemDrawingColorget_IsFixedSize', ID = '3338'
Method 'A0SystemVoidA8A8CosmosIL2CPUSZArrayImpl1A13SystemDrawingColorRemoveA13SystemDrawingColor', ID = '3339'
Method 'A0SystemObjectA8A8CosmosIL2CPUSZArrayImpl1A13SystemDrawingColorget_SyncRoot', ID = '3340'
Method 'A0SystemBooleanA8A8CosmosIL2CPUSZArrayImpl1A13SystemDrawingColorget_IsSynchronized', ID = '3341'
Method 'A0SystemIntPtrA0SystemRuntimeFieldHandleget_Value', ID = '3344'
Method 'A0SystemBooleanA0SystemInt16TryFormatA0A0SystemSpan1A0SystemCharA0SystemInt32A0A0SystemReadOnlySpan1A0SystemCharA0SystemIFormatProvider', ID = '3346'
Method 'A0SystemBooleanA0SystemInt16EqualsA0SystemObject', ID = '3348'
Method 'A0SystemInt32A0SystemInt16GetHashCode', ID = '3349'
Method 'A0SystemStringA3CosmosSystem_PlugsSystemDrawingColorImplToStringA0SystemInt64A0SystemStringA0SystemInt16', ID = '3374'
Method 'A0SystemBooleanA13SystemDrawingColorget_IsKnownColor', ID = '3376'
Method 'A0SystemInt32A0SystemHashCodeCombineA0SystemInt32A0SystemInt32A0SystemInt32A0SystemInt32A0SystemInt32A0SystemInt32', ID = '3377'
Method 'A0SystemInt64A3CosmosSystem_PlugsSystemDrawingColorImplget_ValueA0SystemInt64', ID = '3379'
Method 'A13SystemDrawingColorA13SystemDrawingColorFromArgbA0SystemInt32A0SystemInt32A0SystemInt32A0SystemInt32', ID = '3380'
Method 'A0SystemBooleanA0SystemTextUTF8EncodingEqualsA0SystemObject', ID = '3382'
Method 'A0SystemInt32A0SystemTextUTF8EncodingGetHashCode', ID = '3383'
Method 'A0SystemObjectA0SystemTextUTF8EncodingUTF8EncodingSealedClone', ID = '3384'
Method 'SystemVoidA0SystemTextUTF8Encodingctor', ID = '3385'
Method 'SystemVoidA4CosmosSystemExtendedASCIICP437Encodingctor', ID = '3387'
Method 'A0SystemVoidA4CosmosSystemExtendedASCIIEncodingTableAddA0SystemInt32A0SystemStringA0SystemTextEncoding', ID = '3388'
Method 'SystemVoidA4CosmosSystemExtendedASCIICP858Encondingctor', ID = '3389'
Method 'A0SystemStringA0A0SystemNullable1A0SystemBooleanToString', ID = '3390'
Method 'A0SystemBooleanA0A0SystemNullable1A0SystemBooleanEqualsA0SystemObject', ID = '3391'
Method 'A0SystemInt32A0A0SystemNullable1A0SystemBooleanGetHashCode', ID = '3392'
Method 'SystemVoidA0SystemIOStreamWritercctor', ID = '3393'
Method 'A0SystemVoidA0SystemIOStreamWriterWriteLineA0SystemString', ID = '3396'
Method 'A0SystemVoidA0SystemIOStreamWriterWriteA0SystemString', ID = '3397'
Method 'A0SystemVoidA0SystemIOStreamWriterWriteA0A0SystemChararray', ID = '3398'
Method 'A0SystemVoidA0SystemIOStreamWriterFlush', ID = '3399'
Method 'A0SystemVoidA0SystemIOStreamWriterWriteA0A0SystemChararrayA0SystemInt32A0SystemInt32', ID = '3400'
Method 'A0SystemIOTextWriterA3CosmosSystem_PlugsSystemConsoleImplget_Error', ID = '3402'
Method 'A0A0SystemCollectionsGenericIEnumerator1A6CosmosHALPITPITTimerA0SystemSZArrayHelperGetEnumeratorA6CosmosHALPITPITTimer', ID = '3403'
Method 'A0SystemVoidA0SystemSZArrayHelperCopyToA6CosmosHALPITPITTimerA6A6CosmosHALPITPITTimerarrayA0SystemInt32', ID = '3404'
Method 'A0SystemInt32A0SystemSZArrayHelperget_CountA6CosmosHALPITPITTimer', ID = '3405'
Method 'A6CosmosHALPITPITTimerA0SystemSZArrayHelperget_ItemA6CosmosHALPITPITTimerA0SystemInt32', ID = '3406'
Method 'A0SystemVoidA0SystemSZArrayHelperset_ItemA6CosmosHALPITPITTimerA0SystemInt32A6CosmosHALPITPITTimer', ID = '3407'
Method 'A0SystemVoidA0SystemSZArrayHelperAddA6CosmosHALPITPITTimerA6CosmosHALPITPITTimer', ID = '3408'
Method 'A0SystemBooleanA0SystemSZArrayHelperContainsA6CosmosHALPITPITTimerA6CosmosHALPITPITTimer', ID = '3409'
Method 'A0SystemBooleanA0SystemSZArrayHelperget_IsReadOnlyA6CosmosHALPITPITTimer', ID = '3410'
Method 'A0SystemVoidA0SystemSZArrayHelperClearA6CosmosHALPITPITTimer', ID = '3411'
Method 'A0SystemInt32A0SystemSZArrayHelperIndexOfA6CosmosHALPITPITTimerA6CosmosHALPITPITTimer', ID = '3412'
Method 'A0SystemVoidA0SystemSZArrayHelperInsertA6CosmosHALPITPITTimerA0SystemInt32A6CosmosHALPITPITTimer', ID = '3413'
Method 'A0SystemBooleanA0SystemSZArrayHelperRemoveA6CosmosHALPITPITTimerA6CosmosHALPITPITTimer', ID = '3414'
Method 'A0SystemVoidA0SystemSZArrayHelperRemoveAtA6CosmosHALPITPITTimerA0SystemInt32', ID = '3415'
Method 'A0SystemVoidA6CosmosHALPITUnregisterTimerA0SystemInt32', ID = '3417'
Method 'A0SystemVoidA0A0SystemCollectionsGenericList1A6CosmosHALPITPITTimerGrowA0SystemInt32', ID = '3418'
Method 'A0SystemBooleanA2CosmosCore_PlugsSystemRuntimeCompilerServicesRuntimeHelpersImplIsReferenceOrContainsReferencesA6CosmosHALPITPITTimer', ID = '3419'
Method 'A4CosmosSystemIOSyncTextReaderA4CosmosSystemConsoleget_StdInReader', ID = '3420'
Method 'A0SystemStringA0SystemTextStringBuilderToString', ID = '3421'
Method 'A0SystemStringA0SystemSRget_ArgumentOutOfRange_LengthGreaterThanCapacity', ID = '3422'
Method 'A0SystemVoidA0SystemTextStringBuilderExpandByABlockA0SystemInt32', ID = '3423'
Method 'A0SystemVoidA0A0SystemCollectionsGenericList1A0SystemStringset_CapacityA0SystemInt32', ID = '3425'
Method 'SystemVoidA0A0SystemSZGenericArrayEnumerator1A0SystemStringcctor', ID = '3426'
Method 'A0SystemVoidA0A0SystemSZGenericArrayEnumerator1A0SystemStringDispose', ID = '3427'
Method 'A0SystemBooleanA0SystemRuntimeCompilerServicesRuntimeHelpersIsBitwiseEquatableA0SystemString', ID = '3428'
Method 'A0SystemInt32A0InternalRuntimeCompilerServicesUnsafeSizeOfA0SystemString', ID = '3429'
Method 'A0SystemByteA0InternalRuntimeCompilerServicesUnsafeAsA0SystemStringA0SystemByteA0SystemString', ID = '3430'
Method 'A0SystemCharA0InternalRuntimeCompilerServicesUnsafeAsA0SystemStringA0SystemCharA0SystemString', ID = '3431'
Method 'A0SystemInt32A0InternalRuntimeCompilerServicesUnsafeAsA0SystemStringA0SystemInt32A0SystemString', ID = '3432'
Method 'A0SystemInt64A0InternalRuntimeCompilerServicesUnsafeAsA0SystemStringA0SystemInt64A0SystemString', ID = '3433'
Method 'A0A0SystemCollectionsGenericEqualityComparer1A0SystemStringA0A0SystemCollectionsGenericEqualityComparer1A0SystemStringget_Default', ID = '3434'
Method 'A0SystemInt32A0A0SystemCollectionsGenericEqualityComparer1A0SystemStringIndexOfA0A0SystemStringarrayA0SystemStringA0SystemInt32A0SystemInt32', ID = '3435'
Method 'SystemVoidA8A8CosmosIL2CPUSZArrayImpl1GetEnumeratord__0A0SystemStringctorA0SystemInt32', ID = '3436'
Method 'A0SystemArgumentExceptionA0SystemThrowHelperGetArgumentExceptionA0SystemExceptionResourceA0SystemExceptionArgument', ID = '3438'
Method 'A0SystemVoidA0SystemStringMakeSeparatorListVectorizedA0A0SystemCollectionsGenericValueListBuilder1A0SystemInt32A0SystemCharA0SystemCharA0SystemChar', ID = '3440'
Method 'A0SystemVoidA0SystemStringInitializeProbabilisticMapA0SystemUInt32pointerA0A0SystemReadOnlySpan1A0SystemChar', ID = '3442'
Method 'A0SystemBooleanA0SystemStringIsCharBitSetA0SystemUInt32pointerA0SystemByte', ID = '3443'
Method 'A0SystemBooleanA0SystemMemoryExtensionsContainsA0SystemCharA0A0SystemReadOnlySpan1A0SystemCharA0SystemChar', ID = '3444'
Method 'A0SystemStringA0A0SystemReadOnlySpan1A0SystemInt32ToString', ID = '3446'
Method 'A0SystemBooleanA0A0SystemReadOnlySpan1A0SystemInt32EqualsA0SystemObject', ID = '3447'
Method 'A0SystemInt32A0A0SystemReadOnlySpan1A0SystemInt32GetHashCode', ID = '3448'
Method 'A0SystemStringA0SystemStringCreateTrimmedStringA0SystemInt32A0SystemInt32', ID = '3450'
Method 'SystemVoidA0A0SystemArrayEmptyArray1A0SystemStringcctor', ID = '3451'
Method 'A0SystemStringA0A0SystemSpan1A0SystemInt32ToString', ID = '3452'
Method 'A0SystemBooleanA0A0SystemSpan1A0SystemInt32EqualsA0SystemObject', ID = '3453'
Method 'A0SystemInt32A0A0SystemSpan1A0SystemInt32GetHashCode', ID = '3454'
Method 'A0SystemBooleanA2CosmosCore_PlugsSystemRuntimeCompilerServicesRuntimeHelpersImplIsReferenceOrContainsReferencesA0SystemInt32', ID = '3455'
Method 'A0SystemBooleanA0SystemSpanHelpersSequenceEqualA0SystemByteA0SystemByteA0SystemUIntPtr', ID = '3456'
Method 'A0SystemBooleanA0SystemSpanHelpersSequenceEqualA0SystemCharA0SystemCharA0SystemCharA0SystemInt32', ID = '3457'
Method 'A0SystemVoidA0A0SystemCollectionsGenericValueListBuilder1A0SystemInt32Grow', ID = '3458'
Method 'A0SystemInt32A0A0SystemByReference1A0SystemInt32get_Value', ID = '3459'
Method 'SystemVoidA0A0SystemSpan1A0SystemInt32ctorA0SystemInt32A0SystemInt32', ID = '3460'
Method 'SystemVoidA0A0SystemReadOnlySpan1A0SystemInt32ctorA0SystemInt32A0SystemInt32', ID = '3461'
Method 'A0A0SystemReadOnlySpan1A0SystemCharA0A0SystemReadOnlySpan1A0SystemCharSliceA0SystemInt32A0SystemInt32', ID = '3462'
Method 'A0SystemStringA0SystemRuntimeInteropServicesMemoryMarshalGetArrayDataReferenceA0SystemStringA0A0SystemStringarray', ID = '3464'
Method 'A0SystemInt32A0SystemMathMinA0SystemInt32A0SystemInt32', ID = '3465'
Method 'A0SystemVoidA0SystemBufferMemmoveA0SystemStringA0SystemStringA0SystemStringA0SystemUIntPtr', ID = '3466'
Method 'A0A0SystemBuffersArrayPool1A0SystemInt32A2A2CosmosCore_PlugsSystemBuffersArrayPoolImpl1A0SystemInt32get_Shared', ID = '3468'
Method 'A0SystemInt32A0A0SystemCollectionsGenericList1A6CosmosHALPCIDeviceget_Count', ID = '3469'
Method 'A0SystemStringA3CosmosSystem_PlugsSystemTimeSpanImplToString', ID = '3475'
Method 'A0SystemBooleanA0SystemGlobalizationTimeSpanFormatTryFormatA0SystemTimeSpanA0A0SystemSpan1A0SystemCharA0SystemInt32A0A0SystemReadOnlySpan1A0SystemCharA0SystemIFormatProvider', ID = '3476'
Method 'A0SystemStringA3CosmosSystem_PlugsSystemTimeSpanImplToStringA0SystemStringA0SystemIFormatProvider', ID = '3477'
Method 'SystemVoidA0A0SystemReadOnlySpan1A0SystemBytectorA0SystemVoidpointerA0SystemInt32', ID = '3480'
Method 'A0SystemByteA0A0SystemByReference1A0SystemByteget_Value', ID = '3481'
Method 'A0A0SystemReadOnlySpan1A0SystemByteA0SystemGlobalizationCharUnicodeInfoget_CategoryCasingLevel1Index', ID = '3482'
Method 'A0A0SystemReadOnlySpan1A0SystemByteA0SystemGlobalizationCharUnicodeInfoget_CategoryCasingLevel2Index', ID = '3483'
Method 'A0A0SystemReadOnlySpan1A0SystemByteA0SystemGlobalizationCharUnicodeInfoget_CategoryCasingLevel3Index', ID = '3484'
Method 'SystemVoidA0A0SystemCollectionsGenericEqualityComparer1A0SystemCharcctor', ID = '3486'
Method 'A0A0SystemChararrayA2A2CosmosCore_PlugsSystemBuffersArrayPoolImpl1CosmosArrayPoolA0SystemCharRentA0SystemInt32', ID = '3488'
Method 'A0SystemVoidA2A2CosmosCore_PlugsSystemBuffersArrayPoolImpl1CosmosArrayPoolA0SystemCharReturnA0A0SystemChararrayA0SystemBoolean', ID = '3489'
Method 'A0SystemRuntimeTypeA0SystemRuntimeTypeGetBaseType', ID = '3490'
Method 'A0SystemTypeA0SystemRuntimeTypeget_BaseType', ID = '3492'
Method 'A0SystemTypeA2CosmosCoreCosmosRuntimeTypeget_BaseType', ID = '3493'
Method 'A0SystemTypeA2CosmosCore_PlugsSystemTypeImplget_BaseType', ID = '3494'
Method 'A0SystemStringA0SystemRuntimeTypeRuntimeTypeCacheGetNameA0SystemTypeNameKind', ID = '3498'
Method 'SystemVoidA0SystemReflectionMemberInfoctor', ID = '3499'
Method 'A0SystemStringA0SystemStringJoinCoreA0A0SystemReadOnlySpan1A0SystemCharA0A0SystemObjectarray', ID = '3500'
Method 'SystemVoidA0SystemParamsArrayctorA0SystemObjectA0SystemObject', ID = '3501'
Method 'A0SystemStringA0SystemStringFormatHelperA0SystemIFormatProviderA0SystemStringA0SystemParamsArray', ID = '3502'
Method 'A0SystemBooleanA0SystemSingleTryFormatA0A0SystemSpan1A0SystemCharA0SystemInt32A0A0SystemReadOnlySpan1A0SystemCharA0SystemIFormatProvider', ID = '3504'
Method 'A0SystemBooleanA0SystemSingleEqualsA0SystemObject', ID = '3506'
Method 'A0SystemInt32A0SystemSingleGetHashCode', ID = '3507'
Method 'A0SystemBooleanA0A0SystemValueTuple2A0SystemUInt32A0SystemUInt32EqualsA0A0SystemValueTuple2A0SystemUInt32A0SystemUInt32', ID = '3532'
Method 'A0SystemInt32A0SystemHashCodeCombineA0SystemInt32A0SystemInt32A0SystemInt32A0SystemInt32', ID = '3533'
Method 'SystemVoidA0A0SystemByReference1A0SystemBytectorA0SystemByte', ID = '3536'
Method 'A0SystemBooleanA0SystemNumberRoundNumberg__ShouldRoundUpsLine80_0A0SystemBytepointerA0SystemInt32A0SystemNumberNumberBufferKindA0SystemBoolean', ID = '3537'
Method 'A0SystemInt32A0SystemGlobalizationNumberFormatInfoget_CurrencyPositivePattern', ID = '3538'
Method 'A0SystemInt32A0SystemGlobalizationNumberFormatInfoget_CurrencyNegativePattern', ID = '3539'
Method 'A0SystemStringA0SystemGlobalizationNumberFormatInfoget_CurrencyDecimalSeparator', ID = '3540'
Method 'A0SystemStringA0SystemGlobalizationNumberFormatInfoget_CurrencyGroupSeparator', ID = '3541'
Method 'A0SystemStringA0SystemGlobalizationNumberFormatInfoget_CurrencySymbol', ID = '3542'
Method 'A0SystemVoidA0SystemTextValueStringBuilderAppendSlowA0SystemString', ID = '3543'
Method 'A0A0SystemSpan1A0SystemCharA0SystemTextValueStringBuilderAppendSpanA0SystemInt32', ID = '3544'
Method 'A0SystemVoidA0SystemTextValueStringBuilderAppendA0SystemCharA0SystemInt32', ID = '3545'
Method 'A0SystemInt32A0SystemGlobalizationNumberFormatInfoget_NumberNegativePattern', ID = '3546'
Method 'A0SystemInt32A0SystemGlobalizationNumberFormatInfoget_PercentPositivePattern', ID = '3547'
Method 'A0SystemInt32A0SystemGlobalizationNumberFormatInfoget_PercentNegativePattern', ID = '3548'
Method 'A0SystemStringA0SystemGlobalizationNumberFormatInfoget_PercentDecimalSeparator', ID = '3549'
Method 'A0SystemStringA0SystemGlobalizationNumberFormatInfoget_PercentGroupSeparator', ID = '3550'
Method 'SystemVoidA0A0SystemSpan1A0SystemInt32ctorA0A0SystemInt32array', ID = '3551'
Method 'A0SystemVoidA0SystemBufferMemmoveA0SystemInt32A0SystemInt32A0SystemInt32A0SystemUIntPtr', ID = '3552'
Method 'A0SystemVoidA0SystemTextValueStringBuilderGrowAndAppendA0SystemChar', ID = '3553'
Method 'A0SystemStringA0SystemGlobalizationNumberFormatInfoget_PositiveSign', ID = '3554'
Method 'A0SystemVoidA0SystemTextValueStringBuilderAppendA0SystemCharpointerA0SystemInt32', ID = '3555'
Method 'A0SystemVoidA0SystemTextValueStringBuilderGrowA0SystemInt32', ID = '3556'
Method 'A0SystemGlobalizationCultureDataA0SystemGlobalizationCultureDataget_Invariant', ID = '3557'
Method 'SystemVoidA0SystemGlobalizationCultureInfoctorA0SystemGlobalizationCultureDataA0SystemBoolean', ID = '3558'
Method 'SystemVoidA0SystemGlobalizationCompareInfocctor', ID = '3562'
Method 'A0SystemStringA0SystemGlobalizationCompareInfoToString', ID = '3564'
Method 'A0SystemBooleanA0SystemGlobalizationCompareInfoEqualsA0SystemObject', ID = '3565'
Method 'A0SystemInt32A0SystemGlobalizationCompareInfoGetHashCode', ID = '3566'
Method 'SystemVoidA0SystemGlobalizationTextInfocctor', ID = '3567'
Method 'A0SystemStringA0SystemGlobalizationTextInfoToString', ID = '3569'
Method 'A0SystemBooleanA0SystemGlobalizationTextInfoEqualsA0SystemObject', ID = '3570'
Method 'A0SystemInt32A0SystemGlobalizationTextInfoGetHashCode', ID = '3571'
Method 'A0SystemObjectA0SystemGlobalizationDateTimeFormatInfoGetFormatA0SystemType', ID = '3575'
Method 'SystemVoidA0SystemGlobalizationCultureDatacctor', ID = '3576'
Method 'A0SystemBooleanA2CosmosCore_PlugsSystemGlobalizationCultureInfoImplEqualsA0SystemObject', ID = '3578'
Method 'A0SystemInt32A2CosmosCore_PlugsSystemGlobalizationCultureInfoImplGetHashCode', ID = '3579'
Method 'A0SystemVoidA0SystemGlobalizationCultureDataGetNFIValuesA0SystemGlobalizationNumberFormatInfo', ID = '3580'
Method 'A0SystemVoidA0SystemGlobalizationNumberFormatInfoInitializeInvariantAndNegativeSignFlags', ID = '3581'
Method 'A0SystemObjectA0InternalRuntimeCompilerServicesUnsafeAsA0SystemGlobalizationNumberFormatInfoA0SystemObjectA0SystemGlobalizationNumberFormatInfo', ID = '3584'
Method 'A0SystemGlobalizationNumberFormatInfoA0InternalRuntimeCompilerServicesUnsafeAsA0SystemGlobalizationNumberFormatInfoA0SystemObject', ID = '3586'
Method 'A0SystemGlobalizationCultureInfoA0SystemGlobalizationCultureInfoget_InvariantCulture', ID = '3588'
Method 'A0SystemGlobalizationCalendarA0SystemGlobalizationCultureInfoget_Calendar', ID = '3589'
Method 'SystemVoidA0SystemGlobalizationDateTimeFormatInfoctorA0SystemGlobalizationCultureDataA0SystemGlobalizationCalendar', ID = '3590'
Method 'A0SystemGlobalizationDateTimeFormatInfoA0SystemThreadingInterlockedCompareExchangeA0SystemGlobalizationDateTimeFormatInfoA0SystemGlobalizationDateTimeFormatInfoA0System486064E1216223033E6DC50375553DDB', ID = '3591'
Method 'A0SystemStringA0A0SystemSpan1A0SystemByteToString', ID = '3593'
Method 'A0SystemBooleanA0A0SystemSpan1A0SystemByteEqualsA0SystemObject', ID = '3594'
Method 'A0SystemInt32A0A0SystemSpan1A0SystemByteGetHashCode', ID = '3595'
Method 'A0SystemInt32A0A0SystemSpan1A0SystemByteget_Length', ID = '3596'
Method 'A0SystemTextStringBuilderA0SystemTextStringBuilderAppendA0SystemString', ID = '3597'
Method 'A0SystemTextStringBuilderA0SystemTextStringBuilderAppendA0SystemBoolean', ID = '3598'
Method 'A0SystemTextStringBuilderA0SystemTextStringBuilderAppendA0SystemObject', ID = '3599'
Method 'SystemVoidA0SystemNumberGrisu3cctor', ID = '3600'
Method 'A0SystemVoidA0SystemNumberDiyFpGetBoundariesA0SystemInt32A0SystemNumberDiyFpA0SystemNumberDiyFp', ID = '3603'
Method 'A0SystemInt32A0SystemNumericsBitOperationsLeadingZeroCountA0SystemUInt64', ID = '3604'
Method 'SystemVoidA0SystemNumberDiyFpctorA0SystemUInt64A0SystemInt32', ID = '3605'
Method 'A0SystemNumberDiyFpA0SystemNumberGrisu3GetCachedPowerForBinaryExponentRangeA0SystemInt32A0SystemInt32A0SystemInt32', ID = '3606'
Method 'A0SystemNumberDiyFpA0SystemNumberDiyFpMultiplyA0SystemNumberDiyFp', ID = '3607'
Method 'A0SystemBooleanA0SystemNumberGrisu3TryDigitGenShortestA0SystemNumberDiyFpA0SystemNumberDiyFpA0SystemNumberDiyFpA0A0SystemSpan1A0SystemByteA0SystemInt32A0SystemInt32', ID = '3608'
Method 'A0SystemBooleanA0SystemNumberGrisu3TryDigitGenCountedA0SystemNumberDiyFpA0SystemInt32A0A0SystemSpan1A0SystemByteA0SystemInt32A0SystemInt32', ID = '3609'
Method 'A0SystemUInt64A0SystemBitConverterDoubleToUInt64BitsA0SystemDouble', ID = '3610'
Method 'A0SystemUInt64A0SystemRuntimeIntrinsicsX86LzcntX64LeadingZeroCountA0SystemUInt64', ID = '3612'
Method 'A0SystemBooleanA0SystemRuntimeIntrinsicsArmArmBaseArm64get_IsSupported', ID = '3613'
Method 'A0SystemUInt64A0SystemRuntimeIntrinsicsX86X86BaseX64BitScanReverseA0SystemUInt64', ID = '3615'
Method 'A0SystemInt32A0SystemNumericsBitOperationsLog2A0SystemUInt32', ID = '3616'
Method 'A0SystemVoidA0SystemNumberBigIntegerSetUInt64A0SystemNumberBigIntegerA0SystemUInt64', ID = '3617'
Method 'A0SystemVoidA0SystemNumberBigIntegerShiftLeftA0SystemUInt32', ID = '3618'
Method 'A0SystemVoidA0SystemNumberBigIntegerSetUInt32A0SystemNumberBigIntegerA0SystemUInt32', ID = '3619'
Method 'A0SystemVoidA0SystemNumberBigIntegerPow2A0SystemUInt32A0SystemNumberBigInteger', ID = '3620'
Method 'A0SystemVoidA0SystemNumberBigIntegerMultiplyPow10A0SystemUInt32', ID = '3622'
Method 'A0SystemVoidA0SystemNumberBigIntegerPow10A0SystemUInt32A0SystemNumberBigInteger', ID = '3623'
Method 'A0SystemVoidA0SystemNumberBigIntegerMultiplyA0SystemNumberBigInteger', ID = '3624'
Method 'A0SystemVoidA0SystemNumberBigIntegerMultiplyA0SystemNumberBigIntegerA0SystemUInt32A0SystemNumberBigInteger', ID = '3625'
Method 'A0SystemVoidA0SystemNumberBigIntegerAddA0SystemNumberBigIntegerA0SystemNumberBigIntegerA0SystemNumberBigInteger', ID = '3626'
Method 'A0SystemInt32A0SystemNumberBigIntegerCompareA0SystemNumberBigIntegerA0SystemNumberBigInteger', ID = '3627'
Method 'A0SystemVoidA0SystemNumberBigIntegerMultiply10', ID = '3628'
Method 'A0SystemInt32A0SystemNumberBigIntegerGetLength', ID = '3629'
Method 'A0SystemUInt32A0SystemNumberBigIntegerGetBlockA0SystemUInt32', ID = '3630'
Method 'A0SystemUInt32A0SystemNumberBigIntegerHeuristicDivideA0SystemNumberBigIntegerA0SystemNumberBigInteger', ID = '3631'
Method 'A0SystemBooleanA0SystemNumberBigIntegerIsZero', ID = '3632'
Method 'A0SystemInt32A0SystemTextStringBuilderget_MaxCapacity', ID = '3633'
Method 'A0SystemVoidA0SystemTextStringBuilderMakeRoomA0SystemInt32A0SystemInt32A0SystemTextStringBuilderA0SystemInt32A0SystemBoolean', ID = '3634'
Method 'A0SystemVoidA0SystemTextStringBuilderReplaceInPlaceAtChunkA0SystemTextStringBuilderA0SystemInt32A0SystemCharpointerA0SystemInt32', ID = '3635'
Method 'A0A0SystemSpan1A0SystemCharA0SystemTextStringBuilderget_RemainingCurrentChunk', ID = '3636'
Method 'A0SystemBooleanA0SystemNumberIsWhiteA0SystemInt32', ID = '3639'
Method 'A0SystemBooleanA0SystemGlobalizationNumberFormatInfoget_HasInvariantNumberSigns', ID = '3640'
Method 'A0SystemBooleanA0SystemGlobalizationNumberFormatInfoget_AllowHyphenDuringParsing', ID = '3641'
Method 'A0A0SystemReadOnlySpan1A0SystemCharA0A0SystemReadOnlySpan1A0SystemCharSliceA0SystemInt32', ID = '3642'
Method 'A0SystemBooleanA0SystemMemoryExtensionsStartsWithA0SystemCharA0A0SystemReadOnlySpan1A0SystemCharA0A0SystemReadOnlySpan1A0SystemChar', ID = '3643'
Method 'A0SystemBooleanA0SystemNumberIsDigitA0SystemInt32', ID = '3644'
Method 'A0SystemBooleanA0SystemNumberTrailingZerosA0A0SystemReadOnlySpan1A0SystemCharA0SystemInt32', ID = '3645'
Method 'A0SystemVoidA0InternalRuntimeCompilerServicesUnsafeInitBlockUnalignedA0SystemByteA0SystemByteA0SystemUInt32', ID = '3646'
Method 'A0SystemVoidA0SystemSpanHelpersFillA0SystemCharA0SystemCharA0SystemUIntPtrA0SystemChar', ID = '3647'
Method 'SystemVoidA0SystemTextASCIIEncodingASCIIEncodingSealedctor', ID = '3648'
Method 'A0SystemStringA0SystemEnvironmentget_NewLine', ID = '3651'
Method 'A0A0SystemReadOnlySpan1A0SystemByteA0SystemTextUTF8EncodingUTF8EncodingSealedget_Preamble', ID = '3652'
Method 'A0A0SystemReadOnlySpan1A0SystemByteA0SystemTextUTF8Encodingget_Preamble', ID = '3653'
Method 'A0A0SystemBytearrayA0SystemTextEncodingGetPreamble', ID = '3654'
Method 'A0A0SystemReadOnlySpan1A0SystemByteA0A0SystemReadOnlySpan1A0SystemByteop_ImplicitA0A0SystemBytearray', ID = '3655'
Method 'SystemVoidA0SystemTextEncodingctor', ID = '3657'
Method 'SystemVoidA0SystemMarshalByRefObjectctor', ID = '3659'
Method 'A0SystemBooleanA4CosmosSystemIOConsoleStreamget_CanWrite', ID = '3663'
Method 'A0SystemBooleanA0SystemIOStreamNullStreamget_CanWrite', ID = '3664'
Method 'A0SystemTextEncoderA0SystemTextASCIIEncodingGetEncoder', ID = '3665'
Method 'A0SystemTextEncoderA0SystemTextUTF8EncodingGetEncoder', ID = '3666'
Method 'A0SystemTextEncoderA4CosmosSystemConsoleConsoleEncodingGetEncoder', ID = '3667'
Method 'SystemVoidA0SystemTextEncodingDefaultEncoderctorA0SystemTextEncoding', ID = '3668'
Method 'A0SystemBooleanA4CosmosSystemIOConsoleStreamget_CanSeek', ID = '3670'
Method 'A0SystemBooleanA0SystemIOStreamNullStreamget_CanSeek', ID = '3671'
Method 'A0SystemInt64A4CosmosSystemIOConsoleStreamget_Position', ID = '3673'
Method 'A0SystemInt64A0SystemIOStreamNullStreamget_Position', ID = '3674'
Method 'A0SystemVoidA3CosmosSystem_PlugsSystemIOStreamWriterImplCheckAsyncTaskInProgress', ID = '3675'
Method 'A0SystemVoidA0SystemIOStreamWriterThrowIfDisposed', ID = '3676'
Method 'A0SystemVoidA0SystemIOStreamWriteA0A0SystemReadOnlySpan1A0SystemByte', ID = '3677'
Method 'A0A0SystemSpan1A0SystemByteA0A0SystemSpan1A0SystemByteop_ImplicitA0A0SystemBytearray', ID = '3678'
Method 'SystemVoidA0A0SystemReadOnlySpan1A0SystemCharctorA0A0SystemChararrayA0SystemInt32A0SystemInt32', ID = '3680'
Method 'A0SystemInt32A0SystemTextEncoderGetBytesA0A0SystemReadOnlySpan1A0SystemCharA0A0SystemSpan1A0SystemByteA0SystemBoolean', ID = '3681'
Method 'A0A0SystemSpan1A0SystemByteA0A0SystemSpan1A0SystemByteSliceA0SystemInt32A0SystemInt32', ID = '3682'
Method 'A0A0SystemReadOnlySpan1A0SystemByteA0A0SystemSpan1A0SystemByteop_ImplicitA0A0SystemSpan1A0SystemByte', ID = '3683'
Method 'A0SystemVoidA2CosmosCore_PlugsMemoryOperationsImplCopy64BytesA0SystemBytepointerA0SystemBytepointer', ID = '3685'
Method 'A0SystemVoidA2CosmosCore_PlugsMemoryOperationsImplCopy16BytesA0SystemBytepointerA0SystemBytepointer', ID = '3686'
Method 'A0SystemVoidA2CosmosCore_PlugsMemoryOperationsImplCopy32BytesA0SystemBytepointerA0SystemBytepointer', ID = '3687'
Method 'A0SystemVoidA2CosmosCore_PlugsMemoryOperationsImplCopy128BytesA0SystemBytepointerA0SystemBytepointer', ID = '3688'
Method 'A0SystemStringA0A0SystemRuntimeIntrinsicsVector1281A0SystemDoubleToString', ID = '3691'
Method 'A0SystemBooleanA0A0SystemRuntimeIntrinsicsVector1281A0SystemDoubleEqualsA0SystemObject', ID = '3692'
Method 'A0SystemInt32A0A0SystemRuntimeIntrinsicsVector1281A0SystemDoubleGetHashCode', ID = '3693'
Method 'A0SystemStringA0A0SystemRuntimeIntrinsicsVector1281A0SystemInt64ToString', ID = '3696'
Method 'A0SystemBooleanA0A0SystemRuntimeIntrinsicsVector1281A0SystemInt64EqualsA0SystemObject', ID = '3697'
Method 'A0SystemInt32A0A0SystemRuntimeIntrinsicsVector1281A0SystemInt64GetHashCode', ID = '3698'
Method 'A0SystemVoidA0SystemThrowHelperThrowForUnsupportedIntrinsicsVectorBaseTypeA0SystemDouble', ID = '3700'
Method 'A0SystemVoidA0SystemThrowHelperThrowForUnsupportedIntrinsicsVectorBaseTypeA0SystemInt64', ID = '3701'
Method 'A0A0SystemRuntimeIntrinsicsVector1281A0SystemInt64A0InternalRuntimeCompilerServicesUnsafeAsA0A0SystemRuntimeIntrinsicsVector1281A0SystemDoubleA0A0SystemRuntimeIntrinsic3C50F4AF837F7660A8FCBD2306A55ECB', ID = '3702'
Method 'SystemVoidA0SystemParamsArrayctorA0SystemObject', ID = '3703'
Method 'A0SystemBooleanA0SystemGuidTryFormatA0A0SystemSpan1A0SystemCharA0SystemInt32A0A0SystemReadOnlySpan1A0SystemChar', ID = '3704'
Method 'A0SystemStringA0SystemSRget_Format_InvalidGuidFormatSpecification', ID = '3705'
Method 'A0SystemBooleanA0SystemGuidEqualsCoreA0SystemGuidA0SystemGuid', ID = '3706'
Method 'A0SystemInt32A0InternalRuntimeCompilerServicesUnsafeAsRefA0SystemInt32A0SystemInt32', ID = '3707'
Method 'A0SystemBooleanA0SystemReflectionModulecompilergeneratedccctorb__62_0A0SystemTypeA0SystemObject', ID = '3710'
Method 'A0SystemVoidA12CosmosCore_AsmDelegateImplCtorA0SystemObjectA0SystemIntPtr', ID = '1892'
Method 'A0SystemBooleanA0SystemReflectionModulecompilergeneratedccctorb__62_1A0SystemTypeA0SystemObject', ID = '3713'
Method 'A0SystemStringA2CosmosCore_PlugsSystemReflectionModuleImplToString', ID = '3715'
Method 'SystemVoidA0A0SystemCollectionsGenericDictionary2A0SystemStringA0SystemReflectionAssemblyctor', ID = '3716'
Method 'A0SystemStringA0SystemReflectionAssemblyget_FullName', ID = '3719'
Method 'A0SystemByteA0SystemRuntimeIntrinsicsVector128GetElementA0SystemByteA0A0SystemRuntimeIntrinsicsVector1281A0SystemByteA0SystemInt32', ID = '3721'
Method 'A0SystemBooleanA0A0SystemRuntimeIntrinsicsVector1281A0SystemByteEqualsA0A0SystemRuntimeIntrinsicsVector1281A0SystemByte', ID = '3722'
Method 'A0SystemVoidA0SystemHashCodeAddA0SystemInt32A0SystemInt32', ID = '3724'
Method 'A0SystemInt32A0SystemHashCodeToHashCode', ID = '3725'
Method 'A0SystemBooleanA0SystemSByteTryFormatA0A0SystemSpan1A0SystemCharA0SystemInt32A0A0SystemReadOnlySpan1A0SystemCharA0SystemIFormatProvider', ID = '3727'
Method 'A0SystemBooleanA0SystemSByteEqualsA0SystemObject', ID = '3729'
Method 'A0SystemInt32A0SystemSByteGetHashCode', ID = '3730'
Method 'A0SystemVoidA0SystemHashCodeAddA0SystemByteA0SystemByte', ID = '3755'
Method 'A0SystemByteA0SystemRuntimeIntrinsicsVector256GetElementA0SystemByteA0A0SystemRuntimeIntrinsicsVector2561A0SystemByteA0SystemInt32', ID = '3757'
Method 'A0SystemBooleanA0A0SystemRuntimeIntrinsicsVector2561A0SystemByteEqualsA0A0SystemRuntimeIntrinsicsVector2561A0SystemByte', ID = '3758'
Method 'A0SystemBooleanA2CosmosCore_PlugsRuntimeIntrinsicsX86Bmi1Implget_IsSupported', ID = '3762'
Method 'A0SystemBooleanA2CosmosCore_PlugsRuntimeIntrinsicsX86X86BaseImplget_IsSupported', ID = '3763'
Method 'A0SystemSingleA0SystemBitConverterInt32BitsToSingleA0SystemInt32', ID = '3766'
Method 'A0SystemDoubleA0SystemBitConverterInt64BitsToDoubleA0SystemInt64', ID = '3767'
Method 'A0SystemUIntPtrA0SystemUIntPtrget_MaxValue', ID = '3768'
Method 'A0SystemStringA0A0SystemNumericsVector1A0SystemUInt64ToString', ID = '3769'
Method 'A0SystemStringA0A0SystemNumericsVector1A0SystemUInt64ToStringA0SystemStringA0SystemIFormatProvider', ID = '3770'
Method 'A0SystemBooleanA0A0SystemNumericsVector1A0SystemUInt64EqualsA0SystemObject', ID = '3771'
Method 'A0SystemInt32A0A0SystemNumericsVector1A0SystemUInt64GetHashCode', ID = '3772'
Method 'A0A0SystemNumericsVector1A0SystemUInt64A0InternalRuntimeCompilerServicesUnsafeAsA0A0SystemNumericsVector1A0SystemByteA0A0SystemNumericsVector1A0SystemUInt64A0A0SystemNumericsVector1A0SystemByte', ID = '3774'
Method 'A0A0SystemNumericsVector1A0SystemUInt64A0InternalRuntimeCompilerServicesUnsafeAsRefA0A0SystemNumericsVector1A0SystemUInt64A0A0SystemNumericsVector1A0SystemUInt64', ID = '3775'
Method 'A0SystemUInt64A0InternalRuntimeCompilerServicesUnsafeAsA0A0SystemNumericsVector1A0SystemUInt64A0SystemUInt64A0A0SystemNumericsVector1A0SystemUInt64', ID = '3776'
Method 'A0SystemUInt64A0InternalRuntimeCompilerServicesUnsafeAddA0SystemUInt64A0SystemUInt64A0SystemIntPtr', ID = '3777'
Method 'A0SystemBooleanA0SystemRuntimeIntrinsicsX86Bmi1X64get_IsSupported', ID = '3778'
Method 'A0SystemUInt64A0SystemRuntimeIntrinsicsX86Bmi1X64TrailingZeroCountA0SystemUInt64', ID = '3779'
Method 'A0SystemUInt64A0SystemRuntimeIntrinsicsX86X86BaseX64BitScanForwardA0SystemUInt64', ID = '3780'
Method 'A0SystemUInt16A0SystemRuntimeIntrinsicsVector128GetElementA0SystemUInt16A0A0SystemRuntimeIntrinsicsVector1281A0SystemUInt16A0SystemInt32', ID = '3781'
Method 'A0SystemBooleanA0A0SystemRuntimeIntrinsicsVector1281A0SystemUInt16EqualsA0A0SystemRuntimeIntrinsicsVector1281A0SystemUInt16', ID = '3782'
Method 'A0SystemVoidA0SystemHashCodeAddA0SystemUInt16A0SystemUInt16', ID = '3783'
Method 'A0SystemUInt16A0SystemRuntimeIntrinsicsVector256GetElementA0SystemUInt16A0A0SystemRuntimeIntrinsicsVector2561A0SystemUInt16A0SystemInt32', ID = '3785'
Method 'A0SystemBooleanA0A0SystemRuntimeIntrinsicsVector2561A0SystemUInt16EqualsA0A0SystemRuntimeIntrinsicsVector2561A0SystemUInt16', ID = '3786'
Method 'A0A0SystemNumericsVector1A0SystemUInt64A0InternalRuntimeCompilerServicesUnsafeAsA0A0SystemNumericsVector1A0SystemUInt16A0A0SystemNumericsVector1A0SystemUInt64A0A0SystemNumericsVector1A0SystemUInt16', ID = '3788'
Method 'SystemVoidA0A0SystemSZGenericArrayEnumerator1A0SystemInt32cctor', ID = '3789'
Method 'A0SystemVoidA0A0SystemSZGenericArrayEnumerator1A0SystemInt32Dispose', ID = '3790'
Method 'A0SystemBooleanA0SystemRuntimeCompilerServicesRuntimeHelpersIsBitwiseEquatableA0SystemInt32', ID = '3791'
Method 'A0SystemInt32A0InternalRuntimeCompilerServicesUnsafeSizeOfA0SystemInt32', ID = '3792'
Method 'A0SystemByteA0InternalRuntimeCompilerServicesUnsafeAsA0SystemInt32A0SystemByteA0SystemInt32', ID = '3793'
Method 'A0SystemCharA0InternalRuntimeCompilerServicesUnsafeAsA0SystemInt32A0SystemCharA0SystemInt32', ID = '3794'
Method 'A0SystemInt32A0InternalRuntimeCompilerServicesUnsafeAsA0SystemInt32A0SystemInt32A0SystemInt32', ID = '3795'
Method 'A0SystemInt64A0InternalRuntimeCompilerServicesUnsafeAsA0SystemInt32A0SystemInt64A0SystemInt32', ID = '3796'
Method 'A0A0SystemCollectionsGenericEqualityComparer1A0SystemInt32A0A0SystemCollectionsGenericEqualityComparer1A0SystemInt32get_Default', ID = '3797'
Method 'A0SystemInt32A0A0SystemCollectionsGenericEqualityComparer1A0SystemInt32IndexOfA0A0SystemInt32arrayA0SystemInt32A0SystemInt32A0SystemInt32', ID = '3798'
Method 'SystemVoidA8A8CosmosIL2CPUSZArrayImpl1GetEnumeratord__0A0SystemInt32ctorA0SystemInt32', ID = '3799'
Method 'SystemVoidA0A0SystemSZGenericArrayEnumerator1A0SystemInt64cctor', ID = '3801'
Method 'A0SystemVoidA0A0SystemSZGenericArrayEnumerator1A0SystemInt64Dispose', ID = '3802'
Method 'A0SystemBooleanA0SystemRuntimeCompilerServicesRuntimeHelpersIsBitwiseEquatableA0SystemInt64', ID = '3803'
Method 'A0SystemInt32A0InternalRuntimeCompilerServicesUnsafeSizeOfA0SystemInt64', ID = '3804'
Method 'A0SystemByteA0InternalRuntimeCompilerServicesUnsafeAsA0SystemInt64A0SystemByteA0SystemInt64', ID = '3805'
Method 'A0SystemCharA0InternalRuntimeCompilerServicesUnsafeAsA0SystemInt64A0SystemCharA0SystemInt64', ID = '3806'
Method 'A0SystemInt32A0InternalRuntimeCompilerServicesUnsafeAsA0SystemInt64A0SystemInt32A0SystemInt64', ID = '3807'
Method 'A0SystemInt64A0InternalRuntimeCompilerServicesUnsafeAsA0SystemInt64A0SystemInt64A0SystemInt64', ID = '3808'
Method 'A0A0SystemCollectionsGenericEqualityComparer1A0SystemInt64A0A0SystemCollectionsGenericEqualityComparer1A0SystemInt64get_Default', ID = '3809'
Method 'A0SystemInt32A0A0SystemCollectionsGenericEqualityComparer1A0SystemInt64IndexOfA0A0SystemInt64arrayA0SystemInt64A0SystemInt32A0SystemInt32', ID = '3810'
Method 'SystemVoidA8A8CosmosIL2CPUSZArrayImpl1GetEnumeratord__0A0SystemInt64ctorA0SystemInt32', ID = '3811'
Method 'A0SystemObjectA2CosmosCore_PlugsSystemCollectionsGenericComparerHelpersImplCreateDefaultEqualityComparerA0SystemType', ID = '3814'
Method 'A0SystemInt32A2CosmosCore_PlugsSystemStringImplCompareToA0SystemString', ID = '3815'
Method 'A0SystemStringA0SystemSRget_Argument_MustBeFalse', ID = '3818'
Method 'A0SystemVoidA2CosmosCore_PlugsSystemThreadingMonitorImplReliableEnterA0SystemObjectA0SystemBoolean', ID = '3819'
Method 'A0A0SystemCollectionsGenericDictionary2EntryA0SystemStringA0SystemBooleanA0InternalRuntimeCompilerServicesUnsafeNullRefA0A0SystemCollectionsGenericDictionary2EntryA0SystemStringA0SystemBoolean', ID = '3828'
Method 'A0SystemInt32A0A0SystemCollectionsGenericDictionary2A0SystemStringA0SystemBooleanGetBucketA0SystemUInt32', ID = '3829'
Method 'A0SystemVoidA0SystemThrowHelperThrowInvalidOperationException_ConcurrentOperationsNotSupported', ID = '3834'
Method 'A0SystemBooleanA0InternalRuntimeCompilerServicesUnsafeNullRefA0SystemBoolean', ID = '3835'
Method 'A0SystemObjectA0A0SystemCollectionsGenericDictionary2A0SystemStringA0SystemObjectFindValueA0SystemString', ID = '3838'
Method 'A0SystemBooleanA0InternalRuntimeCompilerServicesUnsafeIsNullRefA0SystemObjectA0SystemObject', ID = '3839'
Method 'A0SystemBooleanA0SystemBooleanIsTrueStringIgnoreCaseA0A0SystemReadOnlySpan1A0SystemChar', ID = '3840'
Method 'A0SystemBooleanA0SystemBooleanIsFalseStringIgnoreCaseA0A0SystemReadOnlySpan1A0SystemChar', ID = '3841'
Method 'A0A0SystemReadOnlySpan1A0SystemCharA0SystemBooleanTrimWhiteSpaceAndNullA0A0SystemReadOnlySpan1A0SystemChar', ID = '3842'
Method 'A0SystemStringA0SystemSRget_ArgumentOutOfRange_DateTimeBadTicks', ID = '3843'
Method 'A0SystemStringA0SystemSRget_Argument_InvalidDateTimeKind', ID = '3844'
Method 'A0SystemStringA3CosmosSystem_PlugsSystemDateTimeImplToShortDateString', ID = '3845'
Method 'A0SystemStringA3CosmosSystem_PlugsSystemDateTimeImplToLongTimeString', ID = '3846'
Method 'A0SystemStringA0SystemSRget_ArgumentOutOfRange_BadYearMonthDay', ID = '3847'
Method 'A0SystemVoidA0SystemThrowHelperThrowArgumentOutOfRange_Year', ID = '3848'
Method 'A0SystemStringA0SystemSRget_ArgumentOutOfRange_BadHourMinuteSecond', ID = '3849'
Method 'SystemVoidA0SystemIOTextReaderctor', ID = '3851'
Method 'A0SystemVoidA0SystemThreadingMonitorPulseAllA0SystemObject', ID = '3852'
Method 'A0SystemVoidA0SystemThreadingWaitHandleDisposeA0SystemBoolean', ID = '3855'
Method 'SystemVoidA0A0SystemThreadingTasksTask1A0SystemBooleancctor', ID = '3856'
Method 'A0SystemVoidA1CosmosCoreMemoryBlockFillA0SystemUInt16', ID = '3865'
Method 'A0SystemVoidA6CosmosHALTextScreenSetCursorPosA0SystemInt32A0SystemInt32', ID = '3866'
Method 'A6A6CosmosHALPCIDevicearrayA0InternalRuntimeCompilerServicesUnsafeAsA6A6CosmosHALPCIDevicearrayA0SystemObject', ID = '3867'
Method 'SystemVoidA0A0SystemSZGenericArrayEnumerator1A6CosmosHALPCIDevicectorA6A6CosmosHALPCIDevicearray', ID = '3868'
Method 'A0SystemInt32A0SystemArrayIndexOfA6CosmosHALPCIDeviceA6A6CosmosHALPCIDevicearrayA6CosmosHALPCIDeviceA0SystemInt32A0SystemInt32', ID = '3871'
Method 'A0A0SystemCollectionsGenericIEnumerator1A6CosmosHALPCIDeviceA8A8CosmosIL2CPUSZArrayImpl1A6CosmosHALPCIDeviceGetEnumerator', ID = '3872'
Method 'A0SystemVoidA8A8CosmosIL2CPUSZArrayImpl1A6CosmosHALPCIDeviceCopyToA6A6CosmosHALPCIDevicearrayA0SystemInt32', ID = '3873'
Method 'A0SystemInt32A8A8CosmosIL2CPUSZArrayImpl1A6CosmosHALPCIDeviceget_Count', ID = '3874'
Method 'A6CosmosHALPCIDeviceA8A8CosmosIL2CPUSZArrayImpl1A6CosmosHALPCIDeviceget_ItemA0SystemInt32', ID = '3875'
Method 'A0SystemVoidA8A8CosmosIL2CPUSZArrayImpl1A6CosmosHALPCIDeviceset_ItemA0SystemInt32A6CosmosHALPCIDevice', ID = '3876'
Method 'A0SystemVoidA8A8CosmosIL2CPUSZArrayImpl1A6CosmosHALPCIDeviceAddA6CosmosHALPCIDevice', ID = '3877'
Method 'A0SystemBooleanA8A8CosmosIL2CPUSZArrayImpl1A6CosmosHALPCIDeviceContainsA6CosmosHALPCIDevice', ID = '3878'
Method 'A0SystemBooleanA8A8CosmosIL2CPUSZArrayImpl1A6CosmosHALPCIDeviceget_IsReadOnly', ID = '3879'
Method 'A0SystemVoidA8A8CosmosIL2CPUSZArrayImpl1A6CosmosHALPCIDeviceClear', ID = '3880'
Method 'A0SystemInt32A8A8CosmosIL2CPUSZArrayImpl1A6CosmosHALPCIDeviceIndexOfA6CosmosHALPCIDevice', ID = '3881'
Method 'A0SystemVoidA8A8CosmosIL2CPUSZArrayImpl1A6CosmosHALPCIDeviceInsertA0SystemInt32A6CosmosHALPCIDevice', ID = '3882'
Method 'A0SystemVoidA8A8CosmosIL2CPUSZArrayImpl1A6CosmosHALPCIDeviceRemoveAtA0SystemInt32', ID = '3883'
Method 'A0SystemBooleanA8A8CosmosIL2CPUSZArrayImpl1A6CosmosHALPCIDeviceget_IsFixedSize', ID = '3884'
Method 'A0SystemVoidA8A8CosmosIL2CPUSZArrayImpl1A6CosmosHALPCIDeviceRemoveA6CosmosHALPCIDevice', ID = '3885'
Method 'A0SystemObjectA8A8CosmosIL2CPUSZArrayImpl1A6CosmosHALPCIDeviceget_SyncRoot', ID = '3886'
Method 'A0SystemBooleanA8A8CosmosIL2CPUSZArrayImpl1A6CosmosHALPCIDeviceget_IsSynchronized', ID = '3887'
Method 'A0SystemVoidA0A0SystemCollectionsGenericList1A6CosmosHALPCIDeviceGrowA0SystemInt32', ID = '3888'
Method 'A0SystemCharA11CosmosCommonExtensionsToHexStringDigitToHexCharA0SystemByte', ID = '3889'
Method 'A0SystemByteA6CosmosHALPS2Mouseget_PS2Port', ID = '3891'
Method 'A0SystemVoidA6CosmosHALPS2ControllerPrepareSecondPortWrite', ID = '3892'
Method 'A0SystemByteA6CosmosHALPS2ControllerReadByteAfterAck', ID = '3893'
Method 'A0SystemBooleanA6CosmosHALPS2Mouseget_HasScrollWheel', ID = '3895'
Method 'A0SystemVoidA12CosmosCore_AsmDelegateImplInvoke', ID = '1662'
Method 'A0SystemByteA6CosmosHALPS2Keyboardget_PS2Port', ID = '3898'
Method 'A0SystemVoidA12CosmosCore_AsmDelegateImplInvoke', ID = '1662'
Method 'A0SystemVoidA6CosmosHALPS2KeyboardUpdateLeds', ID = '3900'
Method 'A0SystemVoidA6CosmosHALBlockDeviceATA_PIOWait', ID = '3902'
Method 'A0SystemVoidA6CosmosHALBlockDeviceATA_PIODebugA0SystemString', ID = '3905'
Method 'A0SystemVoidA6CosmosHALBlockDeviceATA_PIODebugHexA0SystemStringA0SystemUInt32', ID = '3906'
Method 'A0SystemVoidA12CosmosCore_AsmIOPortImplRead16A0SystemUInt16A0A0SystemUInt16array', ID = '3908'
Method 'A0A0SystemBytearrayA0SystemBitConverterGetBytesA0SystemUInt16', ID = '3909'
Method 'A0SystemStringA0SystemTextEncodingGetStringA0A0SystemBytearray', ID = '3910'
Method 'A0SystemInt64A0SystemBitConverterToInt64A0A0SystemBytearrayA0SystemInt32', ID = '3911'
Method 'A0SystemInt32A0SystemBitConverterToInt32A0A0SystemBytearrayA0SystemInt32', ID = '3913'
Method 'A0SystemVoidA0SystemArrayCopyA0SystemArrayA0SystemInt64A0SystemArrayA0SystemInt64A0SystemInt64', ID = '3914'
Method 'SystemVoidA0SystemGuidctorA0A0SystemBytearray', ID = '3915'
Method 'A0SystemBooleanA0SystemGuidop_InequalityA0SystemGuidA0SystemGuid', ID = '3916'
Method 'SystemVoidA6CosmosHALBlockDeviceGPTGPartInfoctorA0SystemGuidA0SystemGuidA0SystemUInt64A0SystemUInt64', ID = '3917'
Method 'A0SystemVoidA0A0SystemCollectionsGenericList1A6CosmosHALBlockDeviceGPTGPartInfoAddA6CosmosHALBlockDeviceGPTGPartInfo', ID = '3918'
Method 'SystemVoidA0A0SystemCollectionsGenericList1A6CosmosHALBlockDeviceGPTGPartInfocctor', ID = '3919'
Method 'SystemVoidA6CosmosHALBlockDeviceMBRPartInfoctorA0SystemByteA0SystemUInt64A0SystemUInt64', ID = '3927'
Method 'A0SystemVoidA0A0SystemCollectionsGenericList1A6CosmosHALBlockDeviceMBRPartInfoAddA6CosmosHALBlockDeviceMBRPartInfo', ID = '3928'
Method 'SystemVoidA0A0SystemCollectionsGenericList1A6CosmosHALBlockDeviceMBRPartInfocctor', ID = '3929'
Method 'A0SystemVoidA6CosmosHALBlockDeviceBlockDeviceCheckDataSizeA0A0SystemBytearrayA0SystemUInt64', ID = '3936'
Method 'A0SystemVoidA6CosmosHALBlockDeviceBlockDeviceCheckBlockNoA0SystemUInt64A0SystemUInt64', ID = '3937'
Method 'A0SystemVoidA6CosmosHALBlockDeviceATA_PIOSelectSectorA0SystemUInt64A0SystemUInt64', ID = '3938'
Method 'A0SystemVoidA6CosmosHALBlockDeviceATAPISendCmdA0A0SystemBytearrayA0SystemInt32A0A0SystemUInt16array', ID = '3940'
Method 'A0SystemVoidA6CosmosHALBlockDeviceATAPICheckForErrors', ID = '3941'
Method 'A0SystemVoidA6CosmosHALBlockDeviceATAPIPollA0SystemBoolean', ID = '3942'
Method 'SystemVoidA6CosmosHALBlockDeviceEBRPartInfoctorA0SystemByteA0SystemUInt64A0SystemUInt64', ID = '3945'
Method 'A0SystemVoidA0A0SystemCollectionsGenericList1A6CosmosHALBlockDeviceEBRPartInfoAddA6CosmosHALBlockDeviceEBRPartInfo', ID = '3946'
Method 'SystemVoidA0A0SystemCollectionsGenericList1A6CosmosHALBlockDeviceEBRPartInfocctor', ID = '3947'
Method 'A6A6CosmosHALBlockDeviceBlockDevicearrayA0InternalRuntimeCompilerServicesUnsafeAsA6A6CosmosHALBlockDeviceBlockDevicearrayA0SystemObject', ID = '3954'
Method 'SystemVoidA0A0SystemSZGenericArrayEnumerator1A6CosmosHALBlockDeviceBlockDevicectorA6A6CosmosHALBlockDeviceBlockDevicearray', ID = '3955'
Method 'A0SystemInt32A0SystemArrayIndexOfA6CosmosHALBlockDeviceBlockDeviceA6A6CosmosHALBlockDeviceBlockDevicearrayA6CosmosHALBlockDeviceBlockDeviceA0SystemInt32A0SystemInt32', ID = '3958'
Method 'A0A0SystemCollectionsGenericIEnumerator1A6CosmosHALBlockDeviceBlockDeviceA8A8CosmosIL2CPUSZArrayImpl1A6CosmosHALBlockDeviceBlockDeviceGetEnumerator', ID = '3959'
Method 'A0SystemVoidA8A8CosmosIL2CPUSZArrayImpl1A6CosmosHALBlockDeviceBlockDeviceCopyToA6A6CosmosHALBlockDeviceBlockDevicearrayA0SystemInt32', ID = '3960'
Method 'A0SystemInt32A8A8CosmosIL2CPUSZArrayImpl1A6CosmosHALBlockDeviceBlockDeviceget_Count', ID = '3961'
Method 'A6CosmosHALBlockDeviceBlockDeviceA8A8CosmosIL2CPUSZArrayImpl1A6CosmosHALBlockDeviceBlockDeviceget_ItemA0SystemInt32', ID = '3962'
Method 'A0SystemVoidA8A8CosmosIL2CPUSZArrayImpl1A6CosmosHALBlockDeviceBlockDeviceset_ItemA0SystemInt32A6CosmosHALBlockDeviceBlockDevice', ID = '3963'
Method 'A0SystemVoidA8A8CosmosIL2CPUSZArrayImpl1A6CosmosHALBlockDeviceBlockDeviceAddA6CosmosHALBlockDeviceBlockDevice', ID = '3964'
Method 'A0SystemBooleanA8A8CosmosIL2CPUSZArrayImpl1A6CosmosHALBlockDeviceBlockDeviceContainsA6CosmosHALBlockDeviceBlockDevice', ID = '3965'
Method 'A0SystemBooleanA8A8CosmosIL2CPUSZArrayImpl1A6CosmosHALBlockDeviceBlockDeviceget_IsReadOnly', ID = '3966'
Method 'A0SystemVoidA8A8CosmosIL2CPUSZArrayImpl1A6CosmosHALBlockDeviceBlockDeviceClear', ID = '3967'
Method 'A0SystemInt32A8A8CosmosIL2CPUSZArrayImpl1A6CosmosHALBlockDeviceBlockDeviceIndexOfA6CosmosHALBlockDeviceBlockDevice', ID = '3968'
Method 'A0SystemVoidA8A8CosmosIL2CPUSZArrayImpl1A6CosmosHALBlockDeviceBlockDeviceInsertA0SystemInt32A6CosmosHALBlockDeviceBlockDevice', ID = '3969'
Method 'A0SystemVoidA8A8CosmosIL2CPUSZArrayImpl1A6CosmosHALBlockDeviceBlockDeviceRemoveAtA0SystemInt32', ID = '3970'
Method 'A0SystemBooleanA8A8CosmosIL2CPUSZArrayImpl1A6CosmosHALBlockDeviceBlockDeviceget_IsFixedSize', ID = '3971'
Method 'A0SystemVoidA8A8CosmosIL2CPUSZArrayImpl1A6CosmosHALBlockDeviceBlockDeviceRemoveA6CosmosHALBlockDeviceBlockDevice', ID = '3972'
Method 'A0SystemObjectA8A8CosmosIL2CPUSZArrayImpl1A6CosmosHALBlockDeviceBlockDeviceget_SyncRoot', ID = '3973'
Method 'A0SystemBooleanA8A8CosmosIL2CPUSZArrayImpl1A6CosmosHALBlockDeviceBlockDeviceget_IsSynchronized', ID = '3974'
Method 'A0SystemVoidA0SystemIOStreamWriterCloseStreamFromDisposeA0SystemBoolean', ID = '3975'
Method 'A0SystemVoidA2CosmosCore_PlugsSystemGCImpl_SuppressFinalizeA0SystemObject', ID = '3976'
Method 'A0SystemVoidA4CosmosSystemIOConsoleStreamDisposeA0SystemBoolean', ID = '3978'
Method 'A0SystemVoidA0SystemIOStreamNullStreamDisposeA0SystemBoolean', ID = '3979'
Method 'A6A6CosmosHALBlockDevicePartitionarrayA0InternalRuntimeCompilerServicesUnsafeAsA6A6CosmosHALBlockDevicePartitionarrayA0SystemObject', ID = '3980'
Method 'SystemVoidA0A0SystemSZGenericArrayEnumerator1A6CosmosHALBlockDevicePartitionctorA6A6CosmosHALBlockDevicePartitionarray', ID = '3981'
Method 'A0SystemInt32A0SystemArrayIndexOfA6CosmosHALBlockDevicePartitionA6A6CosmosHALBlockDevicePartitionarrayA6CosmosHALBlockDevicePartitionA0SystemInt32A0SystemInt32', ID = '3984'
Method 'A0A0SystemCollectionsGenericIEnumerator1A6CosmosHALBlockDevicePartitionA8A8CosmosIL2CPUSZArrayImpl1A6CosmosHALBlockDevicePartitionGetEnumerator', ID = '3985'
Method 'A0SystemVoidA8A8CosmosIL2CPUSZArrayImpl1A6CosmosHALBlockDevicePartitionCopyToA6A6CosmosHALBlockDevicePartitionarrayA0SystemInt32', ID = '3986'
Method 'A0SystemInt32A8A8CosmosIL2CPUSZArrayImpl1A6CosmosHALBlockDevicePartitionget_Count', ID = '3987'
Method 'A6CosmosHALBlockDevicePartitionA8A8CosmosIL2CPUSZArrayImpl1A6CosmosHALBlockDevicePartitionget_ItemA0SystemInt32', ID = '3988'
Method 'A0SystemVoidA8A8CosmosIL2CPUSZArrayImpl1A6CosmosHALBlockDevicePartitionset_ItemA0SystemInt32A6CosmosHALBlockDevicePartition', ID = '3989'
Method 'A0SystemVoidA8A8CosmosIL2CPUSZArrayImpl1A6CosmosHALBlockDevicePartitionAddA6CosmosHALBlockDevicePartition', ID = '3990'
Method 'A0SystemBooleanA8A8CosmosIL2CPUSZArrayImpl1A6CosmosHALBlockDevicePartitionContainsA6CosmosHALBlockDevicePartition', ID = '3991'
Method 'A0SystemBooleanA8A8CosmosIL2CPUSZArrayImpl1A6CosmosHALBlockDevicePartitionget_IsReadOnly', ID = '3992'
Method 'A0SystemVoidA8A8CosmosIL2CPUSZArrayImpl1A6CosmosHALBlockDevicePartitionClear', ID = '3993'
Method 'A0SystemInt32A8A8CosmosIL2CPUSZArrayImpl1A6CosmosHALBlockDevicePartitionIndexOfA6CosmosHALBlockDevicePartition', ID = '3994'
Method 'A0SystemVoidA8A8CosmosIL2CPUSZArrayImpl1A6CosmosHALBlockDevicePartitionInsertA0SystemInt32A6CosmosHALBlockDevicePartition', ID = '3995'
Method 'A0SystemVoidA8A8CosmosIL2CPUSZArrayImpl1A6CosmosHALBlockDevicePartitionRemoveAtA0SystemInt32', ID = '3996'
Method 'A0SystemBooleanA8A8CosmosIL2CPUSZArrayImpl1A6CosmosHALBlockDevicePartitionget_IsFixedSize', ID = '3997'
Method 'A0SystemVoidA8A8CosmosIL2CPUSZArrayImpl1A6CosmosHALBlockDevicePartitionRemoveA6CosmosHALBlockDevicePartition', ID = '3998'
Method 'A0SystemObjectA8A8CosmosIL2CPUSZArrayImpl1A6CosmosHALBlockDevicePartitionget_SyncRoot', ID = '3999'
Method 'A0SystemBooleanA8A8CosmosIL2CPUSZArrayImpl1A6CosmosHALBlockDevicePartitionget_IsSynchronized', ID = '4000'
Method 'A0A0SystemCollectionsGenericIEnumerator1A6CosmosHALBlockDevicePortsStoragePortA0SystemSZArrayHelperGetEnumeratorA6CosmosHALBlockDevicePortsStoragePort', ID = '4001'
Method 'A0SystemVoidA0SystemSZArrayHelperCopyToA6CosmosHALBlockDevicePortsStoragePortA6A6CosmosHALBlockDevicePortsStoragePortarrayA0SystemInt32', ID = '4002'
Method 'A0SystemInt32A0SystemSZArrayHelperget_CountA6CosmosHALBlockDevicePortsStoragePort', ID = '4003'
Method 'A6CosmosHALBlockDevicePortsStoragePortA0SystemSZArrayHelperget_ItemA6CosmosHALBlockDevicePortsStoragePortA0SystemInt32', ID = '4004'
Method 'A0SystemVoidA0SystemSZArrayHelperset_ItemA6CosmosHALBlockDevicePortsStoragePortA0SystemInt32A6CosmosHALBlockDevicePortsStoragePort', ID = '4005'
Method 'A0SystemVoidA0SystemSZArrayHelperAddA6CosmosHALBlockDevicePortsStoragePortA6CosmosHALBlockDevicePortsStoragePort', ID = '4006'
Method 'A0SystemBooleanA0SystemSZArrayHelperContainsA6CosmosHALBlockDevicePortsStoragePortA6CosmosHALBlockDevicePortsStoragePort', ID = '4007'
Method 'A0SystemBooleanA0SystemSZArrayHelperget_IsReadOnlyA6CosmosHALBlockDevicePortsStoragePort', ID = '4008'
Method 'A0SystemVoidA0SystemSZArrayHelperClearA6CosmosHALBlockDevicePortsStoragePort', ID = '4009'
Method 'A0SystemInt32A0SystemSZArrayHelperIndexOfA6CosmosHALBlockDevicePortsStoragePortA6CosmosHALBlockDevicePortsStoragePort', ID = '4010'
Method 'A0SystemVoidA0SystemSZArrayHelperInsertA6CosmosHALBlockDevicePortsStoragePortA0SystemInt32A6CosmosHALBlockDevicePortsStoragePort', ID = '4011'
Method 'A0SystemBooleanA0SystemSZArrayHelperRemoveA6CosmosHALBlockDevicePortsStoragePortA6CosmosHALBlockDevicePortsStoragePort', ID = '4012'
Method 'A0SystemVoidA0SystemSZArrayHelperRemoveAtA6CosmosHALBlockDevicePortsStoragePortA0SystemInt32', ID = '4013'
Method 'A0SystemByteA0SystemRuntimeCompilerServicesRuntimeHelpersGetRawDataA0SystemObject', ID = '4016'
Method 'A0SystemIntPtrA0InternalRuntimeCompilerServicesUnsafeAsA0SystemByteA0SystemIntPtrA0SystemByte', ID = '4017'
Method 'A0SystemIntPtrA0InternalRuntimeCompilerServicesUnsafeAddA0SystemIntPtrA0SystemIntPtrA0SystemInt32', ID = '4018'
Method 'A0SystemVoidpointerA0SystemIntPtrop_ExplicitA0SystemIntPtr', ID = '4019'
Method 'A0SystemVoidA6CosmosHALBlockDeviceRegistersPortRegistersset_CMDA0SystemUInt32', ID = '4021'
Method 'A0SystemVoidA6CosmosHALBlockDeviceAHCIWaitA0SystemInt32', ID = '4022'
Method 'A0SystemUInt32A6CosmosHALBlockDeviceRegistersPortRegistersget_CI', ID = '4023'
Method 'A0SystemUInt32A6CosmosHALBlockDeviceRegistersPortRegistersget_TFD', ID = '4024'
Method 'A0SystemVoidA6CosmosHALBlockDeviceAHCIHBAReset', ID = '4025'
Method 'A0SystemVoidA6CosmosHALBlockDeviceRegistersPortRegistersset_SCTLA0SystemUInt32', ID = '4026'
Method 'A0SystemUInt32A6CosmosHALBlockDeviceRegistersPortRegistersget_SCTL', ID = '4027'
Method 'SystemVoidA6CosmosHALBlockDeviceRegistersHBACommandHeaderctorA0SystemUInt32A0SystemUInt32', ID = '4030'
Method 'A0SystemVoidA6CosmosHALBlockDeviceRegistersHBACommandHeaderset_PRDTLA0SystemUInt16', ID = '4031'
Method 'A0SystemVoidA6CosmosHALBlockDeviceRegistersHBACommandHeaderset_CTBAA0SystemUInt32', ID = '4032'
Method 'A0SystemVoidA6CosmosHALBlockDeviceRegistersHBACommandHeaderset_CTBAUA0SystemUInt32', ID = '4033'
Method 'A0SystemUInt32A6CosmosHALBlockDeviceRegistersHBACommandHeaderget_CTBA', ID = '4034'
Method 'SystemVoidA6CosmosHALBlockDevicePortsSATAcctor', ID = '4035'
Method 'A6CosmosHALBlockDeviceRegistersPortTypeA6CosmosHALBlockDevicePortsSATAget_mPortType', ID = '4036'
Method 'A0SystemStringA6CosmosHALBlockDevicePortsSATAget_mPortName', ID = '4037'
Method 'A0SystemUInt32A6CosmosHALBlockDevicePortsSATAget_mPortNumber', ID = '4038'
Method 'A0SystemVoidA6CosmosHALBlockDevicePortsSATAReadBlockA0SystemUInt64A0SystemUInt64A0A0SystemBytearray', ID = '4039'
Method 'A0SystemInt32A6CosmosHALBlockDevicePortsSATAFindCMDSlot', ID = '4041'
Method 'A0SystemVoidA6CosmosHALBlockDeviceRegistersHBACommandHeaderset_CFLA0SystemByte', ID = '4042'
Method 'A0SystemVoidA6CosmosHALBlockDeviceRegistersHBACommandHeaderset_WriteA0SystemByte', ID = '4043'
Method 'A0SystemUInt16A6CosmosHALBlockDeviceRegistersHBACommandHeaderget_PRDTL', ID = '4044'
Method 'SystemVoidA6CosmosHALBlockDeviceRegistersHBACommandTablectorA0SystemUInt32A0SystemUInt32', ID = '4045'
Method 'A0SystemVoidA6CosmosHALBlockDeviceRegistersHBAPRDTEntryset_DBAA0SystemUInt32', ID = '4047'
Method 'A0SystemVoidA6CosmosHALBlockDeviceRegistersHBAPRDTEntryset_DBCA0SystemUInt32', ID = '4048'
Method 'A0SystemVoidA6CosmosHALBlockDeviceRegistersHBAPRDTEntryset_InterruptOnCompletionA0SystemByte', ID = '4049'
Method 'A0SystemUInt32A6CosmosHALBlockDeviceRegistersHBACommandTableget_CFIS', ID = '4050'
Method 'SystemVoidA6CosmosHALBlockDeviceRegistersFISRegisterH2DctorA0SystemUInt32', ID = '4051'
Method 'A0SystemVoidA6CosmosHALBlockDeviceRegistersFISRegisterH2Dset_FISTypeA0SystemByte', ID = '4052'
Method 'A0SystemVoidA6CosmosHALBlockDeviceRegistersFISRegisterH2Dset_IsCommandA0SystemByte', ID = '4053'
Method 'A0SystemVoidA6CosmosHALBlockDeviceRegistersFISRegisterH2Dset_CommandA0SystemByte', ID = '4054'
Method 'A0SystemVoidA6CosmosHALBlockDeviceRegistersFISRegisterH2Dset_DeviceA0SystemByte', ID = '4055'
Method 'A0SystemVoidA6CosmosHALBlockDeviceRegistersFISRegisterH2Dset_LBA0A0SystemByte', ID = '4056'
Method 'A0SystemVoidA6CosmosHALBlockDeviceRegistersFISRegisterH2Dset_LBA1A0SystemByte', ID = '4057'
Method 'A0SystemVoidA6CosmosHALBlockDeviceRegistersFISRegisterH2Dset_LBA2A0SystemByte', ID = '4058'
Method 'A0SystemVoidA6CosmosHALBlockDeviceRegistersFISRegisterH2Dset_CountLA0SystemByte', ID = '4059'
Method 'A0SystemVoidA6CosmosHALBlockDeviceRegistersPortRegistersset_CIA0SystemUInt32', ID = '4061'
Method 'A0SystemUInt32A6CosmosHALBlockDeviceRegistersPortRegistersget_IS', ID = '4062'
Method 'A0SystemVoidA0A0SystemCollectionsGenericList1A6CosmosHALBlockDevicePortsStoragePortGrowA0SystemInt32', ID = '4063'
Method 'SystemVoidA0A0SystemSZGenericArrayEnumerator1A6CosmosHALPCIBaseAddressBarcctor', ID = '4064'
Method 'A0SystemVoidA0A0SystemSZGenericArrayEnumerator1A6CosmosHALPCIBaseAddressBarDispose', ID = '4065'
Method 'A0SystemBooleanA0SystemRuntimeCompilerServicesRuntimeHelpersIsBitwiseEquatableA6CosmosHALPCIBaseAddressBar', ID = '4066'
Method 'A0SystemInt32A0InternalRuntimeCompilerServicesUnsafeSizeOfA6CosmosHALPCIBaseAddressBar', ID = '4067'
Method 'A0SystemByteA0InternalRuntimeCompilerServicesUnsafeAsA6CosmosHALPCIBaseAddressBarA0SystemByteA6CosmosHALPCIBaseAddressBar', ID = '4068'
Method 'A0SystemCharA0InternalRuntimeCompilerServicesUnsafeAsA6CosmosHALPCIBaseAddressBarA0SystemCharA6CosmosHALPCIBaseAddressBar', ID = '4069'
Method 'A0SystemInt32A0InternalRuntimeCompilerServicesUnsafeAsA6CosmosHALPCIBaseAddressBarA0SystemInt32A6CosmosHALPCIBaseAddressBar', ID = '4070'
Method 'A0SystemInt64A0InternalRuntimeCompilerServicesUnsafeAsA6CosmosHALPCIBaseAddressBarA0SystemInt64A6CosmosHALPCIBaseAddressBar', ID = '4071'
Method 'A0A0SystemCollectionsGenericEqualityComparer1A6CosmosHALPCIBaseAddressBarA0A0SystemCollectionsGenericEqualityComparer1A6CosmosHALPCIBaseAddressBarget_Default', ID = '4072'
Method 'A0SystemInt32A0A0SystemCollectionsGenericEqualityComparer1A6CosmosHALPCIBaseAddressBarIndexOfA6A6CosmosHALPCIBaseAddressBararrayA6CosmosHALPCIBaseAddressBarA0SystemInt32A0SystemInt32', ID = '4073'
Method 'SystemVoidA8A8CosmosIL2CPUSZArrayImpl1GetEnumeratord__0A6CosmosHALPCIBaseAddressBarctorA0SystemInt32', ID = '4074'
Method 'A0A0SystemCollectionsGenericIEnumerator1A1CosmosCoreManagedMemoryBlockA0SystemSZArrayHelperGetEnumeratorA1CosmosCoreManagedMemoryBlock', ID = '4076'
Method 'A0SystemVoidA0SystemSZArrayHelperCopyToA1CosmosCoreManagedMemoryBlockA1A1CosmosCoreManagedMemoryBlockarrayA0SystemInt32', ID = '4077'
Method 'A0SystemInt32A0SystemSZArrayHelperget_CountA1CosmosCoreManagedMemoryBlock', ID = '4078'
Method 'A1CosmosCoreManagedMemoryBlockA0SystemSZArrayHelperget_ItemA1CosmosCoreManagedMemoryBlockA0SystemInt32', ID = '4079'
Method 'A0SystemVoidA0SystemSZArrayHelperset_ItemA1CosmosCoreManagedMemoryBlockA0SystemInt32A1CosmosCoreManagedMemoryBlock', ID = '4080'
Method 'A0SystemVoidA0SystemSZArrayHelperAddA1CosmosCoreManagedMemoryBlockA1CosmosCoreManagedMemoryBlock', ID = '4081'
Method 'A0SystemBooleanA0SystemSZArrayHelperContainsA1CosmosCoreManagedMemoryBlockA1CosmosCoreManagedMemoryBlock', ID = '4082'
Method 'A0SystemBooleanA0SystemSZArrayHelperget_IsReadOnlyA1CosmosCoreManagedMemoryBlock', ID = '4083'
Method 'A0SystemVoidA0SystemSZArrayHelperClearA1CosmosCoreManagedMemoryBlock', ID = '4084'
Method 'A0SystemInt32A0SystemSZArrayHelperIndexOfA1CosmosCoreManagedMemoryBlockA1CosmosCoreManagedMemoryBlock', ID = '4085'
Method 'A0SystemVoidA0SystemSZArrayHelperInsertA1CosmosCoreManagedMemoryBlockA0SystemInt32A1CosmosCoreManagedMemoryBlock', ID = '4086'
Method 'A0SystemBooleanA0SystemSZArrayHelperRemoveA1CosmosCoreManagedMemoryBlockA1CosmosCoreManagedMemoryBlock', ID = '4087'
Method 'A0SystemVoidA0SystemSZArrayHelperRemoveAtA1CosmosCoreManagedMemoryBlockA0SystemInt32', ID = '4088'
Method 'A0A0SystemCollectionsGenericIEnumerator1A0A0SystemBytearrayA0SystemSZArrayHelperGetEnumeratorA0A0SystemBytearray', ID = '4090'
Method 'A0SystemVoidA0SystemSZArrayHelperCopyToA0A0SystemBytearrayA0A0A0SystemBytearrayarrayA0SystemInt32', ID = '4091'
Method 'A0SystemInt32A0SystemSZArrayHelperget_CountA0A0SystemBytearray', ID = '4092'
Method 'A0A0SystemBytearrayA0SystemSZArrayHelperget_ItemA0A0SystemBytearrayA0SystemInt32', ID = '4093'
Method 'A0SystemVoidA0SystemSZArrayHelperset_ItemA0A0SystemBytearrayA0SystemInt32A0A0SystemBytearray', ID = '4094'
Method 'A0SystemVoidA0SystemSZArrayHelperAddA0A0SystemBytearrayA0A0SystemBytearray', ID = '4095'
Method 'A0SystemBooleanA0SystemSZArrayHelperContainsA0A0SystemBytearrayA0A0SystemBytearray', ID = '4096'
Method 'A0SystemBooleanA0SystemSZArrayHelperget_IsReadOnlyA0A0SystemBytearray', ID = '4097'
Method 'A0SystemVoidA0SystemSZArrayHelperClearA0A0SystemBytearray', ID = '4098'
Method 'A0SystemInt32A0SystemSZArrayHelperIndexOfA0A0SystemBytearrayA0A0SystemBytearray', ID = '4099'
Method 'A0SystemVoidA0SystemSZArrayHelperInsertA0A0SystemBytearrayA0SystemInt32A0A0SystemBytearray', ID = '4100'
Method 'A0SystemBooleanA0SystemSZArrayHelperRemoveA0A0SystemBytearrayA0A0SystemBytearray', ID = '4101'
Method 'A0SystemVoidA0SystemSZArrayHelperRemoveAtA0A0SystemBytearrayA0SystemInt32', ID = '4102'
Method 'A0SystemVoidA0A0SystemCollectionsGenericList1A6CosmosHALNetworkDeviceGrowA0SystemInt32', ID = '4107'
Method 'A0SystemVoidA0A0SystemCollectionsGenericList1A1CosmosCoreManagedMemoryBlockset_CapacityA0SystemInt32', ID = '4108'
Method 'SystemVoidA0A0SystemArrayEmptyArray1A0A0SystemBytearraycctor', ID = '4109'
Method 'A0SystemStringA0SystemSRget_InvalidOperation_EmptyQueue', ID = '4110'
Method 'A0SystemBooleanA2CosmosCore_PlugsSystemRuntimeCompilerServicesRuntimeHelpersImplIsReferenceOrContainsReferencesA0A0SystemBytearray', ID = '4111'
Method 'A0SystemVoidA0A0SystemCollectionsGenericQueue1A0A0SystemBytearrayGrowA0SystemInt32', ID = '4112'
Method 'A0SystemStringA0SystemRuntimeTypeget_AssemblyQualifiedName', ID = '4113'
Method 'A0SystemStringA2CosmosCoreCosmosRuntimeTypeget_AssemblyQualifiedName', ID = '4114'
Method 'A0SystemBooleanA6CosmosHALDriversNetworkAMDPCNetIIget_Ready', ID = '4115'
Method 'A0SystemBooleanA6CosmosHALDriversNetworkRTL8139get_Ready', ID = '4116'
Method 'A0SystemBooleanA6CosmosHALDriversNetworkE1000get_Ready', ID = '4117'
Method 'A0SystemUInt16A12CosmosCore_AsmIOPortImplRead16A0SystemUInt16', ID = '4118'
Method 'A6A6CosmosHALNetworkDevicearrayA0InternalRuntimeCompilerServicesUnsafeAsA6A6CosmosHALNetworkDevicearrayA0SystemObject', ID = '4120'
Method 'SystemVoidA0A0SystemSZGenericArrayEnumerator1A6CosmosHALNetworkDevicectorA6A6CosmosHALNetworkDevicearray', ID = '4121'
Method 'A0SystemInt32A0SystemArrayIndexOfA6CosmosHALNetworkDeviceA6A6CosmosHALNetworkDevicearrayA6CosmosHALNetworkDeviceA0SystemInt32A0SystemInt32', ID = '4124'
Method 'A0A0SystemCollectionsGenericIEnumerator1A6CosmosHALNetworkDeviceA8A8CosmosIL2CPUSZArrayImpl1A6CosmosHALNetworkDeviceGetEnumerator', ID = '4125'
Method 'A0SystemVoidA8A8CosmosIL2CPUSZArrayImpl1A6CosmosHALNetworkDeviceCopyToA6A6CosmosHALNetworkDevicearrayA0SystemInt32', ID = '4126'
Method 'A0SystemInt32A8A8CosmosIL2CPUSZArrayImpl1A6CosmosHALNetworkDeviceget_Count', ID = '4127'
Method 'A6CosmosHALNetworkDeviceA8A8CosmosIL2CPUSZArrayImpl1A6CosmosHALNetworkDeviceget_ItemA0SystemInt32', ID = '4128'
Method 'A0SystemVoidA8A8CosmosIL2CPUSZArrayImpl1A6CosmosHALNetworkDeviceset_ItemA0SystemInt32A6CosmosHALNetworkDevice', ID = '4129'
Method 'A0SystemVoidA8A8CosmosIL2CPUSZArrayImpl1A6CosmosHALNetworkDeviceAddA6CosmosHALNetworkDevice', ID = '4130'
Method 'A0SystemBooleanA8A8CosmosIL2CPUSZArrayImpl1A6CosmosHALNetworkDeviceContainsA6CosmosHALNetworkDevice', ID = '4131'
Method 'A0SystemBooleanA8A8CosmosIL2CPUSZArrayImpl1A6CosmosHALNetworkDeviceget_IsReadOnly', ID = '4132'
Method 'A0SystemVoidA8A8CosmosIL2CPUSZArrayImpl1A6CosmosHALNetworkDeviceClear', ID = '4133'
Method 'A0SystemInt32A8A8CosmosIL2CPUSZArrayImpl1A6CosmosHALNetworkDeviceIndexOfA6CosmosHALNetworkDevice', ID = '4134'
Method 'A0SystemVoidA8A8CosmosIL2CPUSZArrayImpl1A6CosmosHALNetworkDeviceInsertA0SystemInt32A6CosmosHALNetworkDevice', ID = '4135'
Method 'A0SystemVoidA8A8CosmosIL2CPUSZArrayImpl1A6CosmosHALNetworkDeviceRemoveAtA0SystemInt32', ID = '4136'
Method 'A0SystemBooleanA8A8CosmosIL2CPUSZArrayImpl1A6CosmosHALNetworkDeviceget_IsFixedSize', ID = '4137'
Method 'A0SystemVoidA8A8CosmosIL2CPUSZArrayImpl1A6CosmosHALNetworkDeviceRemoveA6CosmosHALNetworkDevice', ID = '4138'
Method 'A0SystemObjectA8A8CosmosIL2CPUSZArrayImpl1A6CosmosHALNetworkDeviceget_SyncRoot', ID = '4139'
Method 'A0SystemBooleanA8A8CosmosIL2CPUSZArrayImpl1A6CosmosHALNetworkDeviceget_IsSynchronized', ID = '4140'
Method 'SystemVoidA0A0SystemSZGenericArrayEnumerator1A0A0SystemCollectionsGenericDictionary2EntryA0SystemUInt32A6CosmosHALNetworkDevicecctor', ID = '4141'
Method 'A0SystemVoidA0A0SystemSZGenericArrayEnumerator1A0A0SystemCollectionsGenericDictionary2EntryA0SystemUInt32A6CosmosHALNetworkDeviceDispose', ID = '4142'
Method 'A0SystemBooleanA0SystemRuntimeCompilerServicesRuntimeHelpersIsBitwiseEquatableA0A0SystemCollectionsGenericDictionary2EntryA0SystemUInt32A6CosmosHALNetworkDevice', ID = '4143'
Method 'A0SystemInt32A0InternalRuntimeCompilerServicesUnsafeSizeOfA0A0SystemCollectionsGenericDictionary2EntryA0SystemUInt32A6CosmosHALNetworkDevice', ID = '4144'
Method 'A0SystemByteA0InternalRuntimeCompilerServicesUnsafeAsA0A0SystemCollectionsGenericDictionary2EntryA0SystemUInt32A6CosmosHALNetworkDeviceA0SystemByteA0A0SystemCollectionsB8A62ECCD707DBD9343F5D2A0328229D', ID = '4145'
Method 'A0SystemCharA0InternalRuntimeCompilerServicesUnsafeAsA0A0SystemCollectionsGenericDictionary2EntryA0SystemUInt32A6CosmosHALNetworkDeviceA0SystemCharA0A0SystemCollectionsB1343941EEA687A9229C497E2C848D21', ID = '4146'
Method 'A0SystemInt32A0InternalRuntimeCompilerServicesUnsafeAsA0A0SystemCollectionsGenericDictionary2EntryA0SystemUInt32A6CosmosHALNetworkDeviceA0SystemInt32A0A0SystemCollectio6249EC418397EE50D8CFD736BAFE9398', ID = '4147'
Method 'A0SystemInt64A0InternalRuntimeCompilerServicesUnsafeAsA0A0SystemCollectionsGenericDictionary2EntryA0SystemUInt32A6CosmosHALNetworkDeviceA0SystemInt64A0A0SystemCollectioB0E1CE2EB47758928D40762FD05DE3EE', ID = '4148'
Method 'A0A0SystemCollectionsGenericEqualityComparer1A0A0SystemCollectionsGenericDictionary2EntryA0SystemUInt32A6CosmosHALNetworkDeviceA0A0SystemCollectionsGenericEqualityCompaEDFD6F7448403B7082AA92BB0486E4E3', ID = '4149'
Method 'A0SystemInt32A0A0SystemCollectionsGenericEqualityComparer1A0A0SystemCollectionsGenericDictionary2EntryA0SystemUInt32A6CosmosHALNetworkDeviceIndexOfA0A0A0SystemCollectioAF10B60664DFBCF9D84E941642CB68DE', ID = '4150'
Method 'SystemVoidA8A8CosmosIL2CPUSZArrayImpl1GetEnumeratord__0A0A0SystemCollectionsGenericDictionary2EntryA0SystemUInt32A6CosmosHALNetworkDevicectorA0SystemInt32', ID = '4151'
Method 'A0A0A0SystemCollectionsGenericKeyValuePair2A0SystemUInt32A6CosmosHALNetworkDevicearrayA0InternalRuntimeCompilerServicesUnsafeAsA0A0A0SystemCollectionsGenericKeyValuePaiF300A1815F5347A699E27C3C9DFBA2BF', ID = '4154'
Method 'SystemVoidA0A0SystemSZGenericArrayEnumerator1A0A0SystemCollectionsGenericKeyValuePair2A0SystemUInt32A6CosmosHALNetworkDevicectorA0A0A0SystemCollectionsGenericKeyValuePa1258EE9FC3C947DDECE29A81B66B3E9F', ID = '4155'
Method 'A0SystemInt32A0SystemArrayIndexOfA0A0SystemCollectionsGenericKeyValuePair2A0SystemUInt32A6CosmosHALNetworkDeviceA0A0A0SystemCollectionsGenericKeyValuePair2A0SystemUInt347E9859B3BD03F2A3C41B3E1CB507AF2', ID = '4159'
Method 'A0A0SystemCollectionsGenericIEnumerator1A0A0SystemCollectionsGenericKeyValuePair2A0SystemUInt32A6CosmosHALNetworkDeviceA8A8CosmosIL2CPUSZArrayImpl1A0A0SystemCollections77BB1130D76ED772924D2CC5C0136BC8', ID = '4160'
Method 'A0SystemVoidA8A8CosmosIL2CPUSZArrayImpl1A0A0SystemCollectionsGenericKeyValuePair2A0SystemUInt32A6CosmosHALNetworkDeviceCopyToA0A0A0SystemCollectionsGenericKeyValuePair22AF2FD58825C99B05ED585D1DA9F7A31', ID = '4161'
Method 'A0SystemInt32A8A8CosmosIL2CPUSZArrayImpl1A0A0SystemCollectionsGenericKeyValuePair2A0SystemUInt32A6CosmosHALNetworkDeviceget_Count', ID = '4162'
Method 'A0A0SystemCollectionsGenericKeyValuePair2A0SystemUInt32A6CosmosHALNetworkDeviceA8A8CosmosIL2CPUSZArrayImpl1A0A0SystemCollectionsGenericKeyValuePair2A0SystemUInt32A6Cosm76617F2464D8AB68E0B6EC50AB7738B0', ID = '4163'
Method 'A0SystemVoidA8A8CosmosIL2CPUSZArrayImpl1A0A0SystemCollectionsGenericKeyValuePair2A0SystemUInt32A6CosmosHALNetworkDeviceset_ItemA0SystemInt32A0A0SystemCollectionsGenericFD72DA5FFA53FD4E4BB9539C9C4059A7', ID = '4164'
Method 'A0SystemVoidA8A8CosmosIL2CPUSZArrayImpl1A0A0SystemCollectionsGenericKeyValuePair2A0SystemUInt32A6CosmosHALNetworkDeviceAddA0A0SystemCollectionsGenericKeyValuePair2A0Sys7718A63B7C4011CD9E10518A0A036C07', ID = '4165'
Method 'A0SystemBooleanA8A8CosmosIL2CPUSZArrayImpl1A0A0SystemCollectionsGenericKeyValuePair2A0SystemUInt32A6CosmosHALNetworkDeviceContainsA0A0SystemCollectionsGenericKeyValuePaA7F3708027693C4AD66DEE1D476B311A', ID = '4166'
Method 'A0SystemBooleanA8A8CosmosIL2CPUSZArrayImpl1A0A0SystemCollectionsGenericKeyValuePair2A0SystemUInt32A6CosmosHALNetworkDeviceget_IsReadOnly', ID = '4167'
Method 'A0SystemVoidA8A8CosmosIL2CPUSZArrayImpl1A0A0SystemCollectionsGenericKeyValuePair2A0SystemUInt32A6CosmosHALNetworkDeviceClear', ID = '4168'
Method 'A0SystemInt32A8A8CosmosIL2CPUSZArrayImpl1A0A0SystemCollectionsGenericKeyValuePair2A0SystemUInt32A6CosmosHALNetworkDeviceIndexOfA0A0SystemCollectionsGenericKeyValuePair295081EC6BB647B6955962AE196C991BD', ID = '4169'
Method 'A0SystemVoidA8A8CosmosIL2CPUSZArrayImpl1A0A0SystemCollectionsGenericKeyValuePair2A0SystemUInt32A6CosmosHALNetworkDeviceInsertA0SystemInt32A0A0SystemCollectionsGenericKe14E536629B1ADE57D631AED66BB426F4', ID = '4170'
Method 'A0SystemVoidA8A8CosmosIL2CPUSZArrayImpl1A0A0SystemCollectionsGenericKeyValuePair2A0SystemUInt32A6CosmosHALNetworkDeviceRemoveAtA0SystemInt32', ID = '4171'
Method 'A0SystemBooleanA8A8CosmosIL2CPUSZArrayImpl1A0A0SystemCollectionsGenericKeyValuePair2A0SystemUInt32A6CosmosHALNetworkDeviceget_IsFixedSize', ID = '4172'
Method 'A0SystemVoidA8A8CosmosIL2CPUSZArrayImpl1A0A0SystemCollectionsGenericKeyValuePair2A0SystemUInt32A6CosmosHALNetworkDeviceRemoveA0A0SystemCollectionsGenericKeyValuePair2A05108DC042439B4C4494AD89806D80AB6', ID = '4173'
Method 'A0SystemObjectA8A8CosmosIL2CPUSZArrayImpl1A0A0SystemCollectionsGenericKeyValuePair2A0SystemUInt32A6CosmosHALNetworkDeviceget_SyncRoot', ID = '4174'
Method 'A0SystemBooleanA8A8CosmosIL2CPUSZArrayImpl1A0A0SystemCollectionsGenericKeyValuePair2A0SystemUInt32A6CosmosHALNetworkDeviceget_IsSynchronized', ID = '4175'
Method 'SystemVoidA0SystemCollectionsHashHelperscctor', ID = '4176'
Method 'SystemVoidA0SystemCollectionsGenericNonRandomizedStringEqualityComparerOrdinalComparerctorA0A0SystemCollectionsGenericIEqualityComparer1A0SystemString', ID = '4178'
Method 'SystemVoidA0SystemCollectionsGenericNonRandomizedStringEqualityComparerOrdinalIgnoreCaseComparerctorA0A0SystemCollectionsGenericIEqualityComparer1A0SystemString', ID = '4179'
Method 'SystemVoidA0SystemOrdinalCaseSensitiveComparercctor', ID = '4183'
Method 'A0SystemBooleanA0SystemOrdinalComparerEqualsA0SystemObject', ID = '4184'
Method 'A0SystemInt32A0SystemOrdinalComparerGetHashCode', ID = '4185'
Method 'SystemVoidA0SystemOrdinalIgnoreCaseComparercctor', ID = '4186'
Method 'SystemVoidA0A0SystemCollectionsGenericList1A6CosmosHALKeyboardBasecctor', ID = '4187'
Method 'A0SystemVoidA0A0SystemCollectionsGenericList1A6CosmosHALKeyboardBaseAddWithResizeA6CosmosHALKeyboardBase', ID = '4201'
Method 'SystemVoidA0A0SystemCollectionsGenericList1EnumeratorA6CosmosHALKeyboardBasectorA0A0SystemCollectionsGenericList1A6CosmosHALKeyboardBase', ID = '4202'
Method 'A0SystemBooleanA4CosmosSystemScanMapBaseScanCodeMatchesKeyA0SystemByteA4CosmosSystemConsoleKeyEx', ID = '4204'
Method 'A0SystemBooleanA4CosmosSystemKeyboardManagerget_CapsLock', ID = '4205'
Method 'A0SystemVoidA4CosmosSystemKeyboardManagerUpdateLeds', ID = '4206'
Method 'A0SystemBooleanA4CosmosSystemKeyboardManagerget_NumLock', ID = '4207'
Method 'A0SystemBooleanA4CosmosSystemKeyboardManagerget_ScrollLock', ID = '4208'
Method 'A0SystemVoidA4CosmosSystemKeyboardManagerset_ControlPressedA0SystemBoolean', ID = '4209'
Method 'A0SystemVoidA4CosmosSystemKeyboardManagerset_ShiftPressedA0SystemBoolean', ID = '4210'
Method 'A0SystemVoidA4CosmosSystemKeyboardManagerset_AltPressedA0SystemBoolean', ID = '4211'
Method 'A0SystemBooleanA4CosmosSystemKeyboardManagerGetKeyA0SystemByteA4CosmosSystemKeyEvent', ID = '4212'
Method 'A0SystemVoidA4CosmosSystemKeyboardManagerEnqueueA4CosmosSystemKeyEvent', ID = '4213'
Method 'A0SystemInt32A0A0SystemCollectionsGenericDictionary2A0SystemInt32A0SystemUInt32InitializeA0SystemInt32', ID = '4223'
Method 'SystemVoidA0A0SystemSZGenericArrayEnumerator1A13SystemDrawingColorcctor', ID = '4224'
Method 'A0SystemVoidA0A0SystemSZGenericArrayEnumerator1A13SystemDrawingColorDispose', ID = '4225'
Method 'A0SystemBooleanA0A0SystemSZGenericArrayEnumerator1A13SystemDrawingColorMoveNext', ID = '4226'
Method 'A0SystemBooleanA0SystemRuntimeCompilerServicesRuntimeHelpersIsBitwiseEquatableA13SystemDrawingColor', ID = '4227'
Method 'A0SystemInt32A0InternalRuntimeCompilerServicesUnsafeSizeOfA13SystemDrawingColor', ID = '4228'
Method 'A0SystemByteA0InternalRuntimeCompilerServicesUnsafeAsA13SystemDrawingColorA0SystemByteA13SystemDrawingColor', ID = '4229'
Method 'A0SystemCharA0InternalRuntimeCompilerServicesUnsafeAsA13SystemDrawingColorA0SystemCharA13SystemDrawingColor', ID = '4230'
Method 'A0SystemInt32A0InternalRuntimeCompilerServicesUnsafeAsA13SystemDrawingColorA0SystemInt32A13SystemDrawingColor', ID = '4231'
Method 'A0SystemInt64A0InternalRuntimeCompilerServicesUnsafeAsA13SystemDrawingColorA0SystemInt64A13SystemDrawingColor', ID = '4232'
Method 'A0A0SystemCollectionsGenericEqualityComparer1A13SystemDrawingColorA0A0SystemCollectionsGenericEqualityComparer1A13SystemDrawingColorget_Default', ID = '4233'
Method 'A0SystemInt32A0A0SystemCollectionsGenericEqualityComparer1A13SystemDrawingColorIndexOfA13A13SystemDrawingColorarrayA13SystemDrawingColorA0SystemInt32A0SystemInt32', ID = '4234'
Method 'SystemVoidA8A8CosmosIL2CPUSZArrayImpl1GetEnumeratord__0A13SystemDrawingColorctorA0SystemInt32', ID = '4235'
Method 'A0SystemVoidA2CosmosCore_PlugsMemoryOperationsImplFillA0SystemBytepointerA0SystemInt32A0SystemInt32', ID = '4237'
Method 'A0SystemIntPtrA0SystemRuntimeFieldHandleInternalget_Value', ID = '4239'
Method 'A0SystemStringA3CosmosSystem_PlugsSystemInt16ImplToString', ID = '4240'
Method 'A0SystemStringA3CosmosSystem_PlugsSystemInt16ImplToStringA0SystemStringA0SystemIFormatProvider', ID = '4241'
Method 'A0SystemBooleanA3CosmosSystem_PlugsSystemDrawingColorImplEqualsA13SystemDrawingColor', ID = '4245'
Method 'A0SystemUInt32A0SystemHashCodeMixEmptyState', ID = '4246'
Method 'A0SystemUInt32A0SystemHashCodeQueueRoundA0SystemUInt32A0SystemUInt32', ID = '4247'
Method 'A0SystemUInt32A0SystemHashCodeMixFinalA0SystemUInt32', ID = '4248'
Method 'A0SystemVoidA13SystemDrawingColorCheckByteA0SystemInt32A0SystemString', ID = '4249'
Method 'SystemVoidA0SystemTextUTF8Encodingcctor', ID = '4250'
Method 'A0SystemVoidA0SystemTextEncodingset_IsReadOnlyA0SystemBoolean', ID = '4251'
Method 'SystemVoidA0SystemTextEncodingctorA0SystemInt32', ID = '4252'
Method 'SystemVoidA4CosmosSystemExtendedASCIISingleByteEncodingctor', ID = '4254'
Method 'A0SystemVoidA4CosmosSystemExtendedASCIISingleByteEncodingset_CodePageTableA0A0SystemChararray', ID = '4257'
Method 'SystemVoidA4CosmosSystemExtendedASCIIEncodingTableDescriptionEncodingPairctorA0SystemStringA0SystemTextEncoding', ID = '4258'
Method 'A0SystemVoidA0SystemIOStreamWriterWriteSpanA0A0SystemReadOnlySpan1A0SystemCharA0SystemBoolean', ID = '4264'
Method 'A0A0SystemReadOnlySpan1A0SystemCharA0A0SystemReadOnlySpan1A0SystemCharop_ImplicitA0A0SystemChararray', ID = '4265'
Method 'A0A0SystemSpan1A0SystemCharA0SystemMemoryExtensionsAsSpanA0SystemCharA0A0SystemChararrayA0SystemInt32A0SystemInt32', ID = '4266'
Method 'A0SystemIOStreamA3CosmosSystem_PlugsSystemConsoleImplOpenStandardError', ID = '4267'
Method 'A6A6CosmosHALPITPITTimerarrayA0InternalRuntimeCompilerServicesUnsafeAsA6A6CosmosHALPITPITTimerarrayA0SystemObject', ID = '4269'
Method 'SystemVoidA0A0SystemSZGenericArrayEnumerator1A6CosmosHALPITPITTimerctorA6A6CosmosHALPITPITTimerarray', ID = '4270'
Method 'A0SystemInt32A0SystemArrayIndexOfA6CosmosHALPITPITTimerA6A6CosmosHALPITPITTimerarrayA6CosmosHALPITPITTimerA0SystemInt32A0SystemInt32', ID = '4273'
Method 'A0A0SystemCollectionsGenericIEnumerator1A6CosmosHALPITPITTimerA8A8CosmosIL2CPUSZArrayImpl1A6CosmosHALPITPITTimerGetEnumerator', ID = '4274'
Method 'A0SystemVoidA8A8CosmosIL2CPUSZArrayImpl1A6CosmosHALPITPITTimerCopyToA6A6CosmosHALPITPITTimerarrayA0SystemInt32', ID = '4275'
Method 'A0SystemInt32A8A8CosmosIL2CPUSZArrayImpl1A6CosmosHALPITPITTimerget_Count', ID = '4276'
Method 'A6CosmosHALPITPITTimerA8A8CosmosIL2CPUSZArrayImpl1A6CosmosHALPITPITTimerget_ItemA0SystemInt32', ID = '4277'
Method 'A0SystemVoidA8A8CosmosIL2CPUSZArrayImpl1A6CosmosHALPITPITTimerset_ItemA0SystemInt32A6CosmosHALPITPITTimer', ID = '4278'
Method 'A0SystemVoidA8A8CosmosIL2CPUSZArrayImpl1A6CosmosHALPITPITTimerAddA6CosmosHALPITPITTimer', ID = '4279'
Method 'A0SystemBooleanA8A8CosmosIL2CPUSZArrayImpl1A6CosmosHALPITPITTimerContainsA6CosmosHALPITPITTimer', ID = '4280'
Method 'A0SystemBooleanA8A8CosmosIL2CPUSZArrayImpl1A6CosmosHALPITPITTimerget_IsReadOnly', ID = '4281'
Method 'A0SystemVoidA8A8CosmosIL2CPUSZArrayImpl1A6CosmosHALPITPITTimerClear', ID = '4282'
Method 'A0SystemInt32A8A8CosmosIL2CPUSZArrayImpl1A6CosmosHALPITPITTimerIndexOfA6CosmosHALPITPITTimer', ID = '4283'
Method 'A0SystemVoidA8A8CosmosIL2CPUSZArrayImpl1A6CosmosHALPITPITTimerInsertA0SystemInt32A6CosmosHALPITPITTimer', ID = '4284'
Method 'A0SystemVoidA8A8CosmosIL2CPUSZArrayImpl1A6CosmosHALPITPITTimerRemoveAtA0SystemInt32', ID = '4285'
Method 'A0SystemBooleanA8A8CosmosIL2CPUSZArrayImpl1A6CosmosHALPITPITTimerget_IsFixedSize', ID = '4286'
Method 'A0SystemVoidA8A8CosmosIL2CPUSZArrayImpl1A6CosmosHALPITPITTimerRemoveA6CosmosHALPITPITTimer', ID = '4287'
Method 'A0SystemObjectA8A8CosmosIL2CPUSZArrayImpl1A6CosmosHALPITPITTimerget_SyncRoot', ID = '4288'
Method 'A0SystemBooleanA8A8CosmosIL2CPUSZArrayImpl1A6CosmosHALPITPITTimerget_IsSynchronized', ID = '4289'
Method 'A0SystemVoidA0A0SystemCollectionsGenericList1A6CosmosHALPITPITTimerset_CapacityA0SystemInt32', ID = '4290'
Method 'SystemVoidA4CosmosSystemIOStdInReaderctorA0SystemTextEncoding', ID = '4292'
Method 'A4CosmosSystemIOSyncTextReaderA4CosmosSystemIOSyncTextReaderGetSynchronizedTextReaderA0SystemIOTextReader', ID = '4293'
Method 'A0A0SystemChararrayA0SystemGCAllocateUninitializedArrayA0SystemCharA0SystemInt32A0SystemBoolean', ID = '4294'
Method 'SystemVoidA0SystemTextStringBuilderctorA0SystemTextStringBuilder', ID = '4295'
Method 'A0SystemVoidA8A8CosmosIL2CPUSZArrayImpl1GetEnumeratord__0A0SystemStringSystemIDisposableDispose', ID = '4298'
Method 'A0SystemBooleanA8A8CosmosIL2CPUSZArrayImpl1GetEnumeratord__0A0SystemStringMoveNext', ID = '4299'
Method 'A0SystemBooleanA2CosmosCore_PlugsRuntimeIntrinsicsX86Sse41Implget_IsSupported', ID = '4301'
Method 'SystemVoidA0SystemPlatformNotSupportedExceptionctor', ID = '4302'
Method 'A0A0SystemRuntimeIntrinsicsVector1281A0SystemByteA0SystemRuntimeIntrinsicsVector128CreateA0SystemByteA0SystemByteA0SystemByteA0SystemByteA0SystemByteA0SystemByteA0Syste49297E57D6169B84E3FEB85373945CA1', ID = '4303'
Method 'A0A0SystemRuntimeIntrinsicsVector1281A0SystemUInt16A0SystemStringMakeSeparatorListVectorizedg__ReadVectorsLine201_0A0SystemCharA0SystemInt32', ID = '4304'
Method 'A0A0SystemRuntimeIntrinsicsVector1281A0SystemUInt16A0SystemRuntimeIntrinsicsX86Sse2OrA0A0SystemRuntimeIntrinsicsVector1281A0SystemUInt16A0A0SystemRuntimeIntrinsicsVector1281A0SystemUInt16', ID = '4305'
Method 'A0SystemBooleanA0SystemRuntimeIntrinsicsX86Sse41TestZA0A0SystemRuntimeIntrinsicsVector1281A0SystemUInt16A0A0SystemRuntimeIntrinsicsVector1281A0SystemUInt16', ID = '4306'
Method 'A0A0SystemRuntimeIntrinsicsVector1281A0SystemUInt64A0SystemRuntimeIntrinsicsVector128AsUInt64A0SystemUInt16A0A0SystemRuntimeIntrinsicsVector1281A0SystemUInt16', ID = '4307'
Method 'A0A0SystemRuntimeIntrinsicsVector1281A0SystemUInt64A0SystemRuntimeIntrinsicsX86Sse2ShiftRightLogicalA0A0SystemRuntimeIntrinsicsVector1281A0SystemUInt64A0SystemByte', ID = '4308'
Method 'A0A0SystemRuntimeIntrinsicsVector1281A0SystemByteA0SystemRuntimeIntrinsicsVector128AsByteA0SystemUInt64A0A0SystemRuntimeIntrinsicsVector1281A0SystemUInt64', ID = '4309'
Method 'A0A0SystemRuntimeIntrinsicsVector1281A0SystemByteA0SystemRuntimeIntrinsicsX86Ssse3ShuffleA0A0SystemRuntimeIntrinsicsVector1281A0SystemByteA0A0SystemRuntimeIntrinsicsVector1281A0SystemByte', ID = '4310'
Method 'A0A0SystemRuntimeIntrinsicsVector1281A0SystemUInt32A0SystemRuntimeIntrinsicsVector128AsUInt32A0SystemByteA0A0SystemRuntimeIntrinsicsVector1281A0SystemByte', ID = '4311'
Method 'A0SystemUInt32A0SystemRuntimeIntrinsicsX86Sse2ConvertToUInt32A0A0SystemRuntimeIntrinsicsVector1281A0SystemUInt32', ID = '4312'
Method 'A0A0SystemRuntimeIntrinsicsVector1281A0SystemUInt64A0SystemRuntimeIntrinsicsVector128AsUInt64A0SystemByteA0A0SystemRuntimeIntrinsicsVector1281A0SystemByte', ID = '4313'
Method 'A0SystemIntPtrA0SystemIntPtrop_ExplicitA0SystemInt64', ID = '4314'
Method 'A0SystemVoidA0SystemStringSetCharBitA0SystemUInt32pointerA0SystemByte', ID = '4315'
Method 'A0SystemBooleanA0SystemSpanHelpersContainsA0SystemByteA0SystemByteA0SystemInt32', ID = '4316'
Method 'A0SystemBooleanA0SystemSpanHelpersContainsA0SystemCharA0SystemCharA0SystemInt32', ID = '4317'
Method 'A0SystemBooleanA0SystemSpanHelpersContainsA0SystemCharA0SystemCharA0SystemCharA0SystemInt32', ID = '4318'
Method 'A0SystemUInt16A0SystemSpanHelpersLoadUShortA0SystemByte', ID = '4319'
Method 'A0SystemUInt32A0SystemSpanHelpersLoadUIntA0SystemByte', ID = '4320'
Method 'A0SystemUInt32A0SystemSpanHelpersLoadUIntA0SystemByteA0SystemUIntPtr', ID = '4321'
Method 'A0SystemBooleanA0InternalRuntimeCompilerServicesUnsafeAreSameA0SystemByteA0SystemByteA0SystemByte', ID = '4322'
Method 'A0SystemBooleanA0A0SystemNumericsVector1A0SystemByteop_InequalityA0A0SystemNumericsVector1A0SystemByteA0A0SystemNumericsVector1A0SystemByte', ID = '4323'
Method 'A0SystemUIntPtrA0SystemSpanHelpersLoadNUIntA0SystemByte', ID = '4324'
Method 'A0SystemUIntPtrA0SystemSpanHelpersLoadNUIntA0SystemByteA0SystemUIntPtr', ID = '4325'
Method 'A0SystemBooleanA0InternalRuntimeCompilerServicesUnsafeAreSameA0SystemCharA0SystemCharA0SystemChar', ID = '4326'
Method 'A0SystemStringA0InternalRuntimeCompilerServicesUnsafeAsA0SystemByteA0SystemStringA0SystemByte', ID = '4329'
Method 'SystemVoidA0A0SystemBuffersArrayPool1A0SystemInt32cctor', ID = '4331'
Method 'A0SystemVoidA3CosmosSystem_PlugsSystemIOFileStreamImplCtorA0SystemStringA0SystemIOFileModeA0SystemIOFileAccessA0SystemIOFileShareA0SystemInt32A0SystemIOFileOptionsA0SystemIOStream', ID = '4335'
Method 'A0SystemInt64A0SystemTimeSpanget_Ticks', ID = '4338'
Method 'A0SystemInt32A0SystemTimeSpanget_Days', ID = '4339'
Method 'A0SystemInt32A0SystemTimeSpanget_Hours', ID = '4340'
Method 'A0SystemInt32A0SystemTimeSpanget_Minutes', ID = '4341'
Method 'A0SystemDoubleA0SystemTimeSpanget_TotalSeconds', ID = '4342'
Method 'A0SystemBooleanA0SystemGlobalizationTimeSpanFormatTryFormatStandardA0SystemTimeSpanA0SystemGlobalizationTimeSpanFormatStandardFormatA0SystemStringA0A0SystemSpan1A0SystemCharA0SystemInt32', ID = '4344'
Method 'A0SystemStringA0SystemSRget_Format_InvalidString', ID = '4345'
Method 'A0SystemGlobalizationDateTimeFormatInfoA0SystemGlobalizationDateTimeFormatInfoGetInstanceA0SystemIFormatProvider', ID = '4346'
Method 'A0SystemTextStringBuilderA0SystemGlobalizationTimeSpanFormatFormatCustomizedA0SystemTimeSpanA0A0SystemReadOnlySpan1A0SystemCharA0SystemGlobalizationDateTimeFormatInfoA0SystemTextStringBuilder', ID = '4348'
Method 'A0SystemVoidA0SystemTextStringBuilderCopyToA0SystemInt32A0A0SystemSpan1A0SystemCharA0SystemInt32', ID = '4349'
Method 'A0SystemVoidA0SystemTextStringBuilderCacheReleaseA0SystemTextStringBuilder', ID = '4350'
Method 'A0SystemStringA0A0SystemReadOnlySpan1A0SystemByteToString', ID = '4351'
Method 'A0SystemBooleanA0A0SystemReadOnlySpan1A0SystemByteEqualsA0SystemObject', ID = '4352'
Method 'A0SystemInt32A0A0SystemReadOnlySpan1A0SystemByteGetHashCode', ID = '4353'
Method 'A0SystemBooleanA0SystemTypeget_IsInterface', ID = '4357'
Method 'A0A0SystemTypearrayA0SystemTypeGetGenericParameterConstraints', ID = '4359'
Method 'A0SystemBooleanA0SystemTypeget_IsGenericParameter', ID = '4360'
Method 'A0SystemReflectionGenericParameterAttributesA0SystemTypeget_GenericParameterAttributes', ID = '4361'
Method 'A0SystemUInt32A1CosmosCoreVTablesImplGetBaseTypeA0SystemUInt32', ID = '4364'
Method 'A0SystemIntPtrA2CosmosCore_PlugsSystemRuntimeTypeImplget_Cache', ID = '4366'
Method 'A0SystemStringA0SystemRuntimeTypeRuntimeTypeCacheConstructNameA0SystemStringA0SystemTypeNameFormatFlags', ID = '4367'
Method 'A0SystemTypeA0SystemTypeGetRootElementType', ID = '4368'
Method 'A0SystemBooleanA0SystemTypeget_IsGenericTypeDefinition', ID = '4369'
Method 'A0SystemBooleanA0SystemTypeget_ContainsGenericParameters', ID = '4370'
Method 'SystemVoidA0SystemInvalidOperationExceptionctor', ID = '4371'
Method 'A0SystemVoidA0SystemTextValueStringBuilderAppendA0A0SystemReadOnlySpan1A0SystemChar', ID = '4372'
Method 'A0SystemInt32A0SystemParamsArrayget_Length', ID = '4375'
Method 'A0SystemVoidA0SystemTextValueStringBuilderEnsureCapacityA0SystemInt32', ID = '4376'
Method 'A0SystemVoidA0SystemTextValueStringBuilderAppendFormatHelperA0SystemIFormatProviderA0SystemStringA0SystemParamsArray', ID = '4377'
Method 'A0SystemStringA3CosmosSystem_PlugsSystemSingleImplToString', ID = '4378'
Method 'A0SystemBooleanA0SystemNumberTryFormatSingleA0SystemSingleA0A0SystemReadOnlySpan1A0SystemCharA0SystemGlobalizationNumberFormatInfoA0A0SystemSpan1A0SystemCharA0SystemInt32', ID = '4379'
Method 'A0SystemStringA3CosmosSystem_PlugsSystemSingleImplToStringA0SystemStringA0SystemIFormatProvider', ID = '4380'
Method 'A0SystemBooleanA0SystemSingleIsNaNA0SystemSingle', ID = '4381'
Method 'A0SystemSingleA0InternalRuntimeCompilerServicesUnsafeAsRefA0SystemSingleA0SystemSingle', ID = '4382'
Method 'A0SystemInt32A0InternalRuntimeCompilerServicesUnsafeAsA0SystemSingleA0SystemInt32A0SystemSingle', ID = '4383'
Method 'A0SystemBooleanA2CosmosCore_PlugsSystemRuntimeCompilerServicesRuntimeHelpersImplIsReferenceOrContainsReferencesA0SystemByte', ID = '4384'
Method 'A0SystemGlobalizationCultureDataA0SystemGlobalizationCultureDataCreateCultureWithInvariantData', ID = '4386'
Method 'A0SystemStringA0SystemGlobalizationCultureDataget_CultureName', ID = '4387'
Method 'A0SystemStringA2CosmosCore_PlugsSystemGlobalizationCultureInfoImplGetUserDefaultLocaleName', ID = '4388'
Method 'A0SystemGlobalizationCompareInfoA0SystemGlobalizationCultureInfoget_CompareInfo', ID = '4389'
Method 'A0SystemBooleanA0SystemGlobalizationSortVersionEqualsA0SystemObject', ID = '4391'
Method 'A0SystemInt32A0SystemGlobalizationSortVersionGetHashCode', ID = '4392'
Method 'A0SystemStringA0SystemGlobalizationCompareInfoget_Name', ID = '4394'
Method 'SystemVoidA0SystemGlobalizationTextInfoctorA0SystemGlobalizationCultureDataA0SystemBoolean', ID = '4395'
Method 'A0SystemStringA0SystemGlobalizationTextInfoget_CultureName', ID = '4397'
Method 'A0SystemBooleanA0SystemStringEqualsA0SystemString', ID = '4398'
Method 'A0A0SystemCollectionsGenericIEnumerator1A0SystemGlobalizationCalendarIdA0SystemSZArrayHelperGetEnumeratorA0SystemGlobalizationCalendarId', ID = '4399'
Method 'A0SystemVoidA0SystemSZArrayHelperCopyToA0SystemGlobalizationCalendarIdA0A0SystemGlobalizationCalendarIdarrayA0SystemInt32', ID = '4400'
Method 'A0SystemInt32A0SystemSZArrayHelperget_CountA0SystemGlobalizationCalendarId', ID = '4401'
Method 'A0SystemGlobalizationCalendarIdA0SystemSZArrayHelperget_ItemA0SystemGlobalizationCalendarIdA0SystemInt32', ID = '4402'
Method 'A0SystemVoidA0SystemSZArrayHelperset_ItemA0SystemGlobalizationCalendarIdA0SystemInt32A0SystemGlobalizationCalendarId', ID = '4403'
Method 'A0SystemVoidA0SystemSZArrayHelperAddA0SystemGlobalizationCalendarIdA0SystemGlobalizationCalendarId', ID = '4404'
Method 'A0SystemBooleanA0SystemSZArrayHelperContainsA0SystemGlobalizationCalendarIdA0SystemGlobalizationCalendarId', ID = '4405'
Method 'A0SystemBooleanA0SystemSZArrayHelperget_IsReadOnlyA0SystemGlobalizationCalendarId', ID = '4406'
Method 'A0SystemVoidA0SystemSZArrayHelperClearA0SystemGlobalizationCalendarId', ID = '4407'
Method 'A0SystemInt32A0SystemSZArrayHelperIndexOfA0SystemGlobalizationCalendarIdA0SystemGlobalizationCalendarId', ID = '4408'
Method 'A0SystemVoidA0SystemSZArrayHelperInsertA0SystemGlobalizationCalendarIdA0SystemInt32A0SystemGlobalizationCalendarId', ID = '4409'
Method 'A0SystemBooleanA0SystemSZArrayHelperRemoveA0SystemGlobalizationCalendarIdA0SystemGlobalizationCalendarId', ID = '4410'
Method 'A0SystemVoidA0SystemSZArrayHelperRemoveAtA0SystemGlobalizationCalendarIdA0SystemInt32', ID = '4411'
Method 'A0A0SystemCollectionsGenericIEnumerator1A0SystemGlobalizationDateTimeFormatInfoTokenHashValueA0SystemSZArrayHelperGetEnumeratorA0SystemGlobalizationDateTimeFormatInfoTokenHashValue', ID = '4418'
Method 'A0SystemVoidA0SystemSZArrayHelperCopyToA0SystemGlobalizationDateTimeFormatInfoTokenHashValueA0A0SystemGlobalizationDateTimeFormatInfoTokenHashValuearrayA0SystemInt32', ID = '4419'
Method 'A0SystemInt32A0SystemSZArrayHelperget_CountA0SystemGlobalizationDateTimeFormatInfoTokenHashValue', ID = '4420'
Method 'A0SystemGlobalizationDateTimeFormatInfoTokenHashValueA0SystemSZArrayHelperget_ItemA0SystemGlobalizationDateTimeFormatInfoTokenHashValueA0SystemInt32', ID = '4421'
Method 'A0SystemVoidA0SystemSZArrayHelperset_ItemA0SystemGlobalizationDateTimeFormatInfoTokenHashValueA0SystemInt32A0SystemGlobalizationDateTimeFormatInfoTokenHashValue', ID = '4422'
Method 'A0SystemVoidA0SystemSZArrayHelperAddA0SystemGlobalizationDateTimeFormatInfoTokenHashValueA0SystemGlobalizationDateTimeFormatInfoTokenHashValue', ID = '4423'
Method 'A0SystemBooleanA0SystemSZArrayHelperContainsA0SystemGlobalizationDateTimeFormatInfoTokenHashValueA0SystemGlobalizationDateTimeFormatInfoTokenHashValue', ID = '4424'
Method 'A0SystemBooleanA0SystemSZArrayHelperget_IsReadOnlyA0SystemGlobalizationDateTimeFormatInfoTokenHashValue', ID = '4425'
Method 'A0SystemVoidA0SystemSZArrayHelperClearA0SystemGlobalizationDateTimeFormatInfoTokenHashValue', ID = '4426'
Method 'A0SystemInt32A0SystemSZArrayHelperIndexOfA0SystemGlobalizationDateTimeFormatInfoTokenHashValueA0SystemGlobalizationDateTimeFormatInfoTokenHashValue', ID = '4427'
Method 'A0SystemVoidA0SystemSZArrayHelperInsertA0SystemGlobalizationDateTimeFormatInfoTokenHashValueA0SystemInt32A0SystemGlobalizationDateTimeFormatInfoTokenHashValue', ID = '4428'
Method 'A0SystemBooleanA0SystemSZArrayHelperRemoveA0SystemGlobalizationDateTimeFormatInfoTokenHashValueA0SystemGlobalizationDateTimeFormatInfoTokenHashValue', ID = '4429'
Method 'A0SystemVoidA0SystemSZArrayHelperRemoveAtA0SystemGlobalizationDateTimeFormatInfoTokenHashValueA0SystemInt32', ID = '4430'
Method 'A0A0SystemCollectionsGenericIEnumerator1A0SystemGlobalizationCalendarDataA0SystemSZArrayHelperGetEnumeratorA0SystemGlobalizationCalendarData', ID = '4438'
Method 'A0SystemVoidA0SystemSZArrayHelperCopyToA0SystemGlobalizationCalendarDataA0A0SystemGlobalizationCalendarDataarrayA0SystemInt32', ID = '4439'
Method 'A0SystemInt32A0SystemSZArrayHelperget_CountA0SystemGlobalizationCalendarData', ID = '4440'
Method 'A0SystemGlobalizationCalendarDataA0SystemSZArrayHelperget_ItemA0SystemGlobalizationCalendarDataA0SystemInt32', ID = '4441'
Method 'A0SystemVoidA0SystemSZArrayHelperset_ItemA0SystemGlobalizationCalendarDataA0SystemInt32A0SystemGlobalizationCalendarData', ID = '4442'
Method 'A0SystemVoidA0SystemSZArrayHelperAddA0SystemGlobalizationCalendarDataA0SystemGlobalizationCalendarData', ID = '4443'
Method 'A0SystemBooleanA0SystemSZArrayHelperContainsA0SystemGlobalizationCalendarDataA0SystemGlobalizationCalendarData', ID = '4444'
Method 'A0SystemBooleanA0SystemSZArrayHelperget_IsReadOnlyA0SystemGlobalizationCalendarData', ID = '4445'
Method 'A0SystemVoidA0SystemSZArrayHelperClearA0SystemGlobalizationCalendarData', ID = '4446'
Method 'A0SystemInt32A0SystemSZArrayHelperIndexOfA0SystemGlobalizationCalendarDataA0SystemGlobalizationCalendarData', ID = '4447'
Method 'A0SystemVoidA0SystemSZArrayHelperInsertA0SystemGlobalizationCalendarDataA0SystemInt32A0SystemGlobalizationCalendarData', ID = '4448'
Method 'A0SystemBooleanA0SystemSZArrayHelperRemoveA0SystemGlobalizationCalendarDataA0SystemGlobalizationCalendarData', ID = '4449'
Method 'A0SystemVoidA0SystemSZArrayHelperRemoveAtA0SystemGlobalizationCalendarDataA0SystemInt32', ID = '4450'
Method 'A0SystemBooleanA0SystemGlobalizationGlobalizationModeget_Invariant', ID = '4457'
Method 'A0SystemBooleanA0SystemGlobalizationCultureDataget_IsInvariantCulture', ID = '4458'
Method 'A0SystemInt32A0SystemGlobalizationCultureDataGetLocaleInfoCoreUserOverrideA0SystemGlobalizationCultureDataLocaleNumberData', ID = '4460'
Method 'A0SystemBooleanA0SystemGlobalizationCultureDataget_ShouldUseUserOverrideNlsData', ID = '4461'
Method 'A0SystemInt32A0SystemGlobalizationCultureDataIcuGetDigitSubstitutionA0SystemString', ID = '4462'
Method 'A0SystemInt32A0SystemGlobalizationCultureDataNlsGetLocaleInfoA0SystemGlobalizationCultureDataLocaleNumberData', ID = '4463'
Method 'A0SystemInt32A0SystemGlobalizationCultureDataget_PercentNegativePattern', ID = '4466'
Method 'A0SystemInt32A0SystemGlobalizationCultureDataget_PercentPositivePattern', ID = '4467'
Method 'A0SystemObjectA2CosmosCore_PlugsSystemThreadingInterlockedImplCompareExchangeA0SystemObjectA0SystemObjectA0SystemObject', ID = '4473'
Method 'A0SystemVoidA0SystemGlobalizationCalendarSetReadOnlyStateA0SystemBoolean', ID = '4476'
Method 'A0SystemGlobalizationCalendarIdA0SystemGlobalizationCalendarget_ID', ID = '4477'
Method 'A0SystemVoidA0SystemGlobalizationDateTimeFormatInfoInitializeOverridablePropertiesA0SystemGlobalizationCultureDataA0SystemGlobalizationCalendarId', ID = '4478'
Method 'A0SystemObjectA0InternalRuntimeCompilerServicesUnsafeAsA0SystemGlobalizationDateTimeFormatInfoA0SystemObjectA0SystemGlobalizationDateTimeFormatInfo', ID = '4480'
Method 'A0SystemGlobalizationDateTimeFormatInfoA0InternalRuntimeCompilerServicesUnsafeAsA0SystemGlobalizationDateTimeFormatInfoA0SystemObject', ID = '4481'
Method 'A0SystemVoidA0SystemTextStringBuilderAppendHelperA0SystemString', ID = '4482'
Method 'A0SystemInt32A0SystemNumericsBitOperationsLeadingZeroCountA0SystemUInt32', ID = '4491'
Method 'A0SystemNumberDiyFpA0SystemNumberDiyFpSubtractA0SystemNumberDiyFp', ID = '4492'
Method 'A0SystemUInt32A0SystemNumberGrisu3BiggestPowerTenA0SystemUInt32A0SystemInt32A0SystemInt32', ID = '4493'
Method 'A0SystemBooleanA0SystemNumberGrisu3TryRoundWeedShortestA0A0SystemSpan1A0SystemByteA0SystemInt32A0SystemUInt64A0SystemUInt64A0SystemUInt64A0SystemUInt64A0SystemUInt64', ID = '4494'
Method 'A0SystemBooleanA0SystemNumberGrisu3TryRoundWeedCountedA0A0SystemSpan1A0SystemByteA0SystemInt32A0SystemUInt64A0SystemUInt64A0SystemUInt64A0SystemInt32', ID = '4495'
Method 'A0SystemBooleanA2CosmosCore_PlugsRuntimeIntrinsicsX86X64LzcntImplget_IsSupported', ID = '4497'
Method 'A0SystemBooleanA2CosmosCore_PlugsRuntimeIntrinsicsX86X64X86BaseImplget_IsSupported', ID = '4499'
Method 'A0SystemUInt32A0SystemRuntimeIntrinsicsX86LzcntLeadingZeroCountA0SystemUInt32', ID = '4501'
Method 'A0SystemUInt32A0SystemRuntimeIntrinsicsX86X86BaseBitScanReverseA0SystemUInt32', ID = '4502'
Method 'A0SystemInt32A0SystemNumericsBitOperationsLog2SoftwareFallbackA0SystemUInt32', ID = '4503'
Method 'A0SystemUInt32A0SystemNumberBigIntegerDivRem32A0SystemUInt32A0SystemUInt32', ID = '4507'
Method 'A0SystemVoidA0SystemNumberBigIntegerSetZeroA0SystemNumberBigInteger', ID = '4508'
Method 'A0SystemVoidA0SystemNumberBigIntegerClearA0SystemUInt32', ID = '4509'
Method 'A0SystemDoubleA3CosmosSystem_PlugsSystemMathImplCeilingA0SystemDouble', ID = '4510'
Method 'A0SystemVoidA0SystemNumberBigIntegerMultiplyA0SystemUInt32', ID = '4512'
Method 'A0SystemVoidA0SystemNumberBigIntegerMultiplyA0SystemNumberBigIntegerA0SystemNumberBigIntegerA0SystemNumberBigInteger', ID = '4515'
Method 'A0SystemVoidA0SystemNumberBigIntegerSetValueA0SystemNumberBigIntegerA0SystemNumberBigInteger', ID = '4516'
Method 'A0SystemUInt32A0SystemNumberBigIntegerToUInt32', ID = '4517'
Method 'SystemVoidA0SystemTextStringBuilderctorA0SystemInt32A0SystemInt32A0SystemTextStringBuilder', ID = '4519'
Method 'A0SystemVoidA0A0SystemReadOnlySpan1A0SystemCharCopyToA0A0SystemSpan1A0SystemChar', ID = '4520'
Method 'SystemVoidA0A0SystemReadOnlySpan1A0SystemCharctorA0SystemVoidpointerA0SystemInt32', ID = '4521'
Method 'A0A0SystemSpan1A0SystemCharA0SystemMemoryExtensionsAsSpanA0SystemCharA0A0SystemChararrayA0SystemInt32', ID = '4522'
Method 'A0SystemTextStringBuilderA0SystemTextStringBuilderNextA0SystemTextStringBuilder', ID = '4523'
Method 'SystemVoidA0A0SystemSpan1A0SystemCharctorA0A0SystemChararrayA0SystemInt32A0SystemInt32', ID = '4524'
Method 'A0SystemBooleanA0SystemNumericsBitOperationsIsPow2A0SystemInt32', ID = '4525'
Method 'A0SystemUInt16A0InternalRuntimeCompilerServicesUnsafeAsA0SystemCharA0SystemUInt16A0SystemChar', ID = '4526'
Method 'A0A0SystemNumericsVector1A0SystemByteA0A0SystemNumericsVector1A0SystemUInt16op_ExplicitA0A0SystemNumericsVector1A0SystemUInt16', ID = '4527'
Method 'A0SystemUInt32A0InternalRuntimeCompilerServicesUnsafeAsA0SystemCharA0SystemUInt32A0SystemChar', ID = '4528'
Method 'SystemVoidA0A0SystemNumericsVector1A0SystemUInt32ctorA0SystemUInt32', ID = '4529'
Method 'A0A0SystemNumericsVector1A0SystemByteA0A0SystemNumericsVector1A0SystemUInt32op_ExplicitA0A0SystemNumericsVector1A0SystemUInt32', ID = '4530'
Method 'SystemVoidA0A0SystemNumericsVector1A0SystemSinglectorA0SystemSingle', ID = '4531'
Method 'A0A0SystemNumericsVector1A0SystemByteA0A0SystemNumericsVector1A0SystemSingleop_ExplicitA0A0SystemNumericsVector1A0SystemSingle', ID = '4532'
Method 'A0SystemUInt64A0InternalRuntimeCompilerServicesUnsafeAsA0SystemCharA0SystemUInt64A0SystemChar', ID = '4533'
Method 'SystemVoidA0A0SystemNumericsVector1A0SystemUInt64ctorA0SystemUInt64', ID = '4534'
Method 'A0A0SystemNumericsVector1A0SystemByteA0A0SystemNumericsVector1A0SystemUInt64op_ExplicitA0A0SystemNumericsVector1A0SystemUInt64', ID = '4535'
Method 'SystemVoidA0A0SystemNumericsVector1A0SystemDoublectorA0SystemDouble', ID = '4536'
Method 'A0A0SystemNumericsVector1A0SystemByteA0A0SystemNumericsVector1A0SystemDoubleop_ExplicitA0A0SystemNumericsVector1A0SystemDouble', ID = '4537'
Method 'A0A0SystemRuntimeIntrinsicsVector1281A0SystemByteA0InternalRuntimeCompilerServicesUnsafeAsA0SystemCharA0A0SystemRuntimeIntrinsicsVector1281A0SystemByteA0SystemChar', ID = '4538'
Method 'A0A0SystemNumericsVector1A0SystemByteA0SystemRuntimeIntrinsicsVector128AsVectorA0SystemByteA0A0SystemRuntimeIntrinsicsVector1281A0SystemByte', ID = '4539'
Method 'A0A0SystemRuntimeIntrinsicsVector2561A0SystemByteA0SystemRuntimeIntrinsicsVector256CreateA0A0SystemRuntimeIntrinsicsVector1281A0SystemByteA0A0SystemRuntimeIntrinsicsVector1281A0SystemByte', ID = '4540'
Method 'A0A0SystemNumericsVector1A0SystemByteA0SystemRuntimeIntrinsicsVector256AsVectorA0SystemByteA0A0SystemRuntimeIntrinsicsVector2561A0SystemByte', ID = '4541'
Method 'A0A0SystemRuntimeIntrinsicsVector2561A0SystemByteA0InternalRuntimeCompilerServicesUnsafeAsA0SystemCharA0A0SystemRuntimeIntrinsicsVector2561A0SystemByteA0SystemChar', ID = '4542'
Method 'A0SystemVoidA0InternalRuntimeCompilerServicesUnsafeWriteUnalignedA0A0SystemNumericsVector1A0SystemByteA0SystemByteA0A0SystemNumericsVector1A0SystemByte', ID = '4543'
Method 'SystemVoidA0SystemTextASCIIEncodingctor', ID = '4545'
Method 'A0A0SystemReadOnlySpan1A0SystemByteA0SystemTextUTF8Encodingget_PreambleSpan', ID = '4547'
Method 'SystemVoidA0A0SystemReadOnlySpan1A0SystemBytectorA0A0SystemBytearray', ID = '4548'
Method 'A0A0SystemBytearrayA0SystemTextUTF8EncodingGetPreamble', ID = '4549'
Method 'A0A0SystemBytearrayA4CosmosSystemConsoleConsoleEncodingGetPreamble', ID = '4550'
Method 'A0A0SystemBytearrayA0SystemArrayEmptyA0SystemByte', ID = '4551'
Method 'SystemVoidA0SystemIOEncodingCachecctor', ID = '4552'
Method 'A0SystemBooleanA3CosmosSystem_PlugsSystemIOFileStreamImplget_CanWriteA0SystemIOStream', ID = '4553'
Method 'SystemVoidA0SystemTextEncoderNLSctorA0SystemTextEncoding', ID = '4554'
Method 'SystemVoidA0SystemTextEncoderctor', ID = '4556'
Method 'A0SystemBooleanA3CosmosSystem_PlugsSystemIOFileStreamImplget_CanSeekA0SystemIOStream', ID = '4557'
Method 'A0SystemInt64A3CosmosSystem_PlugsSystemIOFileStreamImplget_PositionA0SystemIOStream', ID = '4558'
Method 'A0SystemVoidA0SystemIOStreamWriterThrowIfDisposedg__ThrowObjectDisposedExceptionsLine77_0', ID = '4560'
Method 'A0SystemVoidA4CosmosSystemConsoleCosmosConsoleStreamWriteA0A0SystemReadOnlySpan1A0SystemByte', ID = '4562'
Method 'A0SystemVoidA0SystemIOStreamNullStreamWriteA0A0SystemReadOnlySpan1A0SystemByte', ID = '4563'
Method 'A0SystemVoidA0A0SystemReadOnlySpan1A0SystemByteCopyToA0A0SystemSpan1A0SystemByte', ID = '4566'
Method 'SystemVoidA0A0SystemSpan1A0SystemBytectorA0A0SystemBytearray', ID = '4569'
Method 'A0SystemInt32A0SystemTextASCIIEncodingGetMaxByteCountA0SystemInt32', ID = '4570'
Method 'A0SystemInt32A0SystemTextUTF8EncodingGetMaxByteCountA0SystemInt32', ID = '4571'
Method 'A0SystemInt32A4CosmosSystemConsoleConsoleEncodingGetMaxByteCountA0SystemInt32', ID = '4572'
Method 'A0SystemInt32A4CosmosSystemExtendedASCIISingleByteEncodingGetMaxByteCountA0SystemInt32', ID = '4573'
Method 'A0SystemCharA0SystemRuntimeInteropServicesMemoryMarshalGetNonNullPinnableReferenceA0SystemCharA0A0SystemReadOnlySpan1A0SystemChar', ID = '4574'
Method 'A0SystemByteA0SystemRuntimeInteropServicesMemoryMarshalGetNonNullPinnableReferenceA0SystemByteA0A0SystemSpan1A0SystemByte', ID = '4575'
Method 'A0SystemInt32A0SystemTextEncoderGetBytesA0SystemCharpointerA0SystemInt32A0SystemBytepointerA0SystemInt32A0SystemBoolean', ID = '4576'
Method 'SystemVoidA0A0SystemSpan1A0SystemBytectorA0SystemByteA0SystemInt32', ID = '4577'
Method 'SystemVoidA0A0SystemReadOnlySpan1A0SystemBytectorA0SystemByteA0SystemInt32', ID = '4578'
Method 'A0SystemVoidA4CosmosSystemConsoleCosmosConsoleStreamFlush', ID = '4580'
Method 'A0SystemVoidA0SystemIOStreamNullStreamFlush', ID = '4581'
Method 'A0SystemVoidA4CosmosSystemIOConsoleStreamFlush', ID = '4582'
Method 'A0SystemInt32A0A0SystemRuntimeIntrinsicsVector1281A0SystemDoubleget_Count', ID = '4583'
Method 'A0SystemDoubleA0SystemRuntimeIntrinsicsVector128GetElementA0SystemDoubleA0A0SystemRuntimeIntrinsicsVector1281A0SystemDoubleA0SystemInt32', ID = '4584'
Method 'A0SystemBooleanA0A0SystemRuntimeIntrinsicsVector1281A0SystemDoubleEqualsA0A0SystemRuntimeIntrinsicsVector1281A0SystemDouble', ID = '4585'
Method 'A0SystemInt32A0A0SystemRuntimeIntrinsicsVector1281A0SystemInt64get_Count', ID = '4586'
Method 'A0SystemInt64A0SystemRuntimeIntrinsicsVector128GetElementA0SystemInt64A0A0SystemRuntimeIntrinsicsVector1281A0SystemInt64A0SystemInt32', ID = '4587'
Method 'A0SystemBooleanA0A0SystemRuntimeIntrinsicsVector1281A0SystemInt64EqualsA0A0SystemRuntimeIntrinsicsVector1281A0SystemInt64', ID = '4588'
Method 'A0SystemInt32A0SystemGuidHexsToCharsA0SystemCharpointerA0SystemInt32A0SystemInt32', ID = '4591'
Method 'A0SystemInt32A0SystemGuidHexsToCharsHexOutputA0SystemCharpointerA0SystemInt32A0SystemInt32', ID = '4592'
Method 'SystemVoidA0SystemReflectionModulecompilergeneratedccctor', ID = '4594'
Method 'A0SystemBooleanA0SystemReflectionModuleFilterTypeNameImplA0SystemTypeA0SystemObjectA0SystemStringComparison', ID = '4595'
Method 'SystemVoidA0A0SystemCollectionsGenericDictionary2A0SystemStringA0SystemReflectionAssemblyctorA0SystemInt32A0A0SystemCollectionsGenericIEqualityComparer1A0SystemString', ID = '4599'
Method 'A0SystemExceptionA0SystemNotImplementedget_ByDesign', ID = '4600'
Method 'A0SystemByteA0InternalRuntimeCompilerServicesUnsafeAsA0A0SystemRuntimeIntrinsicsVector1281A0SystemByteA0SystemByteA0A0SystemRuntimeIntrinsicsVector1281A0SystemByte', ID = '4601'
Method 'A0SystemBooleanA0SystemRuntimeIntrinsicsX86Sseget_IsSupported', ID = '4602'
Method 'A0A0SystemRuntimeIntrinsicsVector1281A0SystemSingleA0SystemRuntimeIntrinsicsVector128AsSingleA0SystemByteA0A0SystemRuntimeIntrinsicsVector1281A0SystemByte', ID = '4603'
Method 'A0A0SystemRuntimeIntrinsicsVector1281A0SystemSingleA0SystemRuntimeIntrinsicsX86SseCompareEqualA0A0SystemRuntimeIntrinsicsVector1281A0SystemSingleA0A0SystemRuntimeIntrinsicsVector1281A0SystemSingle', ID = '4604'
Method 'A0SystemInt32A0SystemRuntimeIntrinsicsX86SseMoveMaskA0A0SystemRuntimeIntrinsicsVector1281A0SystemSingle', ID = '4605'
Method 'A0A0SystemRuntimeIntrinsicsVector1281A0SystemDoubleA0SystemRuntimeIntrinsicsVector128AsDoubleA0SystemByteA0A0SystemRuntimeIntrinsicsVector1281A0SystemByte', ID = '4606'
Method 'A0A0SystemRuntimeIntrinsicsVector1281A0SystemDoubleA0SystemRuntimeIntrinsicsX86Sse2CompareEqualA0A0SystemRuntimeIntrinsicsVector1281A0SystemDoubleA0A0SystemRuntimeIntrinsicsVector1281A0SystemDouble', ID = '4607'
Method 'A0SystemInt32A0SystemRuntimeIntrinsicsX86Sse2MoveMaskA0A0SystemRuntimeIntrinsicsVector1281A0SystemDouble', ID = '4608'
Method 'A0A0SystemRuntimeIntrinsicsVector1281A0SystemByteA0SystemRuntimeIntrinsicsVector128AsByteA0SystemByteA0A0SystemRuntimeIntrinsicsVector1281A0SystemByte', ID = '4609'
Method 'A0SystemBooleanA0A0SystemRuntimeIntrinsicsVector1281A0SystemByteEqualsg__SoftwareFallbacksLine12_0A0A0SystemRuntimeIntrinsicsVector1281A0SystemByteA0A0SystemRuntimeIntrinsicsVector1281A0SystemByte', ID = '4610'
Method 'SystemVoidA0SystemHashCodecctor', ID = '4611'
Method 'A0SystemBooleanA0SystemHashCodeEqualsA0SystemObject', ID = '4612'
Method 'A0SystemInt32A0SystemHashCodeGetHashCode', ID = '4613'
Method 'A0SystemVoidA0SystemHashCodeAddA0SystemInt32', ID = '4614'
Method 'A0SystemUInt32A0SystemHashCodeMixStateA0SystemUInt32A0SystemUInt32A0SystemUInt32A0SystemUInt32', ID = '4615'
Method 'A0SystemStringA3CosmosSystem_PlugsSystemSByteImplToString', ID = '4616'
Method 'A0SystemStringA3CosmosSystem_PlugsSystemSByteImplToStringA0SystemStringA0SystemIFormatProvider', ID = '4617'
Method 'A0SystemByteA0InternalRuntimeCompilerServicesUnsafeAsA0A0SystemRuntimeIntrinsicsVector2561A0SystemByteA0SystemByteA0A0SystemRuntimeIntrinsicsVector2561A0SystemByte', ID = '4618'
Method 'A0A0SystemRuntimeIntrinsicsVector2561A0SystemSingleA0SystemRuntimeIntrinsicsVector256AsSingleA0SystemByteA0A0SystemRuntimeIntrinsicsVector2561A0SystemByte', ID = '4619'
Method 'A0A0SystemRuntimeIntrinsicsVector2561A0SystemSingleA0SystemRuntimeIntrinsicsX86AvxCompareA0A0SystemRuntimeIntrinsicsVector2561A0SystemSingleA0A0SystemRuntimeIntrinsicsV00B223EEFF469AC22B67E43C3BDB5D5C', ID = '4620'
Method 'A0SystemInt32A0SystemRuntimeIntrinsicsX86AvxMoveMaskA0A0SystemRuntimeIntrinsicsVector2561A0SystemSingle', ID = '4621'
Method 'A0A0SystemRuntimeIntrinsicsVector2561A0SystemDoubleA0SystemRuntimeIntrinsicsVector256AsDoubleA0SystemByteA0A0SystemRuntimeIntrinsicsVector2561A0SystemByte', ID = '4622'
Method 'A0A0SystemRuntimeIntrinsicsVector2561A0SystemDoubleA0SystemRuntimeIntrinsicsX86AvxCompareA0A0SystemRuntimeIntrinsicsVector2561A0SystemDoubleA0A0SystemRuntimeIntrinsicsVCD837B0673F83BFF6D4B535D0FB5728A', ID = '4623'
Method 'A0SystemInt32A0SystemRuntimeIntrinsicsX86AvxMoveMaskA0A0SystemRuntimeIntrinsicsVector2561A0SystemDouble', ID = '4624'
Method 'A0A0SystemRuntimeIntrinsicsVector2561A0SystemByteA0SystemRuntimeIntrinsicsVector256AsByteA0SystemByteA0A0SystemRuntimeIntrinsicsVector2561A0SystemByte', ID = '4625'
Method 'A0SystemBooleanA0A0SystemRuntimeIntrinsicsVector2561A0SystemByteEqualsg__SoftwareFallbacksLine14_0A0A0SystemRuntimeIntrinsicsVector2561A0SystemByteA0A0SystemRuntimeIntrinsicsVector2561A0SystemByte', ID = '4626'
Method 'A0A0SystemRuntimeIntrinsicsVector1281A0SystemInt32A0SystemRuntimeIntrinsicsVector128CreateScalarUnsafeA0SystemInt32', ID = '4629'
Method 'A0A0SystemRuntimeIntrinsicsVector1281A0SystemSingleA0SystemRuntimeIntrinsicsVector128AsSingleA0SystemInt32A0A0SystemRuntimeIntrinsicsVector1281A0SystemInt32', ID = '4630'
Method 'A0SystemSingleA0SystemRuntimeIntrinsicsVector128ToScalarA0SystemSingleA0A0SystemRuntimeIntrinsicsVector1281A0SystemSingle', ID = '4631'
Method 'A0A0SystemRuntimeIntrinsicsVector1281A0SystemInt64A0SystemRuntimeIntrinsicsVector128CreateScalarUnsafeA0SystemInt64', ID = '4632'
Method 'A0A0SystemRuntimeIntrinsicsVector1281A0SystemDoubleA0SystemRuntimeIntrinsicsVector128AsDoubleA0SystemInt64A0A0SystemRuntimeIntrinsicsVector1281A0SystemInt64', ID = '4633'
Method 'A0SystemDoubleA0SystemRuntimeIntrinsicsVector128ToScalarA0SystemDoubleA0A0SystemRuntimeIntrinsicsVector1281A0SystemDouble', ID = '4634'
Method 'A0SystemUIntPtrA0SystemUIntPtrop_ExplicitA0SystemUInt64', ID = '4635'
Method 'A0SystemBooleanA0A0SystemNumericsVector1A0SystemUInt64EqualsA0A0SystemNumericsVector1A0SystemUInt64', ID = '4636'
Method 'A0SystemVoidA0SystemHashCodeAddA0SystemUInt64A0SystemUInt64', ID = '4637'
Method 'A0SystemUInt16A0InternalRuntimeCompilerServicesUnsafeAsA0A0SystemRuntimeIntrinsicsVector1281A0SystemUInt16A0SystemUInt16A0A0SystemRuntimeIntrinsicsVector1281A0SystemUInt16', ID = '4640'
Method 'A0SystemUInt16A0InternalRuntimeCompilerServicesUnsafeAddA0SystemUInt16A0SystemUInt16A0SystemInt32', ID = '4641'
Method 'A0A0SystemRuntimeIntrinsicsVector1281A0SystemSingleA0SystemRuntimeIntrinsicsVector128AsSingleA0SystemUInt16A0A0SystemRuntimeIntrinsicsVector1281A0SystemUInt16', ID = '4642'
Method 'A0A0SystemRuntimeIntrinsicsVector1281A0SystemDoubleA0SystemRuntimeIntrinsicsVector128AsDoubleA0SystemUInt16A0A0SystemRuntimeIntrinsicsVector1281A0SystemUInt16', ID = '4643'
Method 'A0SystemBooleanA0A0SystemRuntimeIntrinsicsVector1281A0SystemUInt16Equalsg__SoftwareFallbacksLine12_0A0A0SystemRuntimeIntrinsicsVector1281A0SystemUInt16A0A0SystemRuntime2B16A9B08C6E8933B0EB472F997F79D5', ID = '4644'
Method 'A0SystemUInt16A0InternalRuntimeCompilerServicesUnsafeAsA0A0SystemRuntimeIntrinsicsVector2561A0SystemUInt16A0SystemUInt16A0A0SystemRuntimeIntrinsicsVector2561A0SystemUInt16', ID = '4645'
Method 'A0A0SystemRuntimeIntrinsicsVector2561A0SystemSingleA0SystemRuntimeIntrinsicsVector256AsSingleA0SystemUInt16A0A0SystemRuntimeIntrinsicsVector2561A0SystemUInt16', ID = '4646'
Method 'A0A0SystemRuntimeIntrinsicsVector2561A0SystemDoubleA0SystemRuntimeIntrinsicsVector256AsDoubleA0SystemUInt16A0A0SystemRuntimeIntrinsicsVector2561A0SystemUInt16', ID = '4647'
Method 'A0SystemBooleanA0A0SystemRuntimeIntrinsicsVector2561A0SystemUInt16Equalsg__SoftwareFallbacksLine14_0A0A0SystemRuntimeIntrinsicsVector2561A0SystemUInt16A0A0SystemRuntime2FDABAE692EC1ADA33B7115D040B6C1C', ID = '4648'
Method 'A0SystemVoidA8A8CosmosIL2CPUSZArrayImpl1GetEnumeratord__0A0SystemInt32SystemIDisposableDispose', ID = '4652'
Method 'A0SystemBooleanA8A8CosmosIL2CPUSZArrayImpl1GetEnumeratord__0A0SystemInt32MoveNext', ID = '4653'
Method 'A0SystemVoidA8A8CosmosIL2CPUSZArrayImpl1GetEnumeratord__0A0SystemInt64SystemIDisposableDispose', ID = '4657'
Method 'A0SystemBooleanA8A8CosmosIL2CPUSZArrayImpl1GetEnumeratord__0A0SystemInt64MoveNext', ID = '4658'
Method 'SystemVoidA2CosmosCore_PlugsSystemCollectionsGenericByteEqualityComparerctor', ID = '4660'
Method 'SystemVoidA2CosmosCore_PlugsSystemCollectionsGenericSByteEqualityComparerctor', ID = '4661'
Method 'SystemVoidA2CosmosCore_PlugsSystemCollectionsGenericStringEqualityComparerctor', ID = '4662'
Method 'SystemVoidA2CosmosCore_PlugsSystemCollectionsGenericInt32EqualityComparerctor', ID = '4663'
Method 'SystemVoidA2CosmosCore_PlugsSystemCollectionsGenericUInt32EqualityComparerctor', ID = '4664'
Method 'SystemVoidA2CosmosCore_PlugsSystemCollectionsGenericInt64EqualityComparerctor', ID = '4665'
Method 'SystemVoidA2CosmosCore_PlugsSystemCollectionsGenericUInt64EqualityComparerctor', ID = '4666'
Method 'SystemVoidA2CosmosCore_PlugsSystemCollectionsGenericCharEqualityComparerctor', ID = '4667'
Method 'SystemVoidA2CosmosCore_PlugsSystemCollectionsGenericInt16EqualityComparerctor', ID = '4668'
Method 'SystemVoidA2CosmosCore_PlugsSystemCollectionsGenericUInt16EqualityComparerctor', ID = '4669'
Method 'SystemVoidA2CosmosCore_PlugsSystemCollectionsGenericGuidEqualityComparerctor', ID = '4670'
Method 'SystemVoidA2CosmosCore_PlugsSystemCollectionsGenericObjectEqualityComparerctor', ID = '4671'
Method 'A0SystemUInt64A2CosmosCore_PlugsSystemMarvinImplGenerateSeed', ID = '4672'
Method 'A0A0SystemCollectionsGenericIEnumerator1A0A0SystemCollectionsGenericDictionary2EntryA0SystemStringA0SystemBooleanA0SystemSZArrayHelperGetEnumeratorA0A0SystemCollections1BC05975DA0B3A63CBED9594CDB3BD5E', ID = '4673'
Method 'A0SystemVoidA0SystemSZArrayHelperCopyToA0A0SystemCollectionsGenericDictionary2EntryA0SystemStringA0SystemBooleanA0A0A0SystemCollectionsGenericDictionary2EntryA0SystemStB40B135BCBA3F953DDFA0D21BF09E67E', ID = '4674'
Method 'A0SystemInt32A0SystemSZArrayHelperget_CountA0A0SystemCollectionsGenericDictionary2EntryA0SystemStringA0SystemBoolean', ID = '4675'
Method 'A0A0SystemCollectionsGenericDictionary2EntryA0SystemStringA0SystemBooleanA0SystemSZArrayHelperget_ItemA0A0SystemCollectionsGenericDictionary2EntryA0SystemStringA0SystemBooleanA0SystemInt32', ID = '4676'
Method 'A0SystemVoidA0SystemSZArrayHelperset_ItemA0A0SystemCollectionsGenericDictionary2EntryA0SystemStringA0SystemBooleanA0SystemInt32A0A0SystemCollectionsGenericDictionary2EntryA0SystemStringA0SystemBoolean', ID = '4677'
Method 'A0SystemVoidA0SystemSZArrayHelperAddA0A0SystemCollectionsGenericDictionary2EntryA0SystemStringA0SystemBooleanA0A0SystemCollectionsGenericDictionary2EntryA0SystemStringA0SystemBoolean', ID = '4678'
Method 'A0SystemBooleanA0SystemSZArrayHelperContainsA0A0SystemCollectionsGenericDictionary2EntryA0SystemStringA0SystemBooleanA0A0SystemCollectionsGenericDictionary2EntryA0SystemStringA0SystemBoolean', ID = '4679'
Method 'A0SystemBooleanA0SystemSZArrayHelperget_IsReadOnlyA0A0SystemCollectionsGenericDictionary2EntryA0SystemStringA0SystemBoolean', ID = '4680'
Method 'A0SystemVoidA0SystemSZArrayHelperClearA0A0SystemCollectionsGenericDictionary2EntryA0SystemStringA0SystemBoolean', ID = '4681'
Method 'A0SystemInt32A0SystemSZArrayHelperIndexOfA0A0SystemCollectionsGenericDictionary2EntryA0SystemStringA0SystemBooleanA0A0SystemCollectionsGenericDictionary2EntryA0SystemStringA0SystemBoolean', ID = '4682'
Method 'A0SystemVoidA0SystemSZArrayHelperInsertA0A0SystemCollectionsGenericDictionary2EntryA0SystemStringA0SystemBooleanA0SystemInt32A0A0SystemCollectionsGenericDictionary2EntryA0SystemStringA0SystemBoolean', ID = '4683'
Method 'A0SystemBooleanA0SystemSZArrayHelperRemoveA0A0SystemCollectionsGenericDictionary2EntryA0SystemStringA0SystemBooleanA0A0SystemCollectionsGenericDictionary2EntryA0SystemStringA0SystemBoolean', ID = '4684'
Method 'A0SystemVoidA0SystemSZArrayHelperRemoveAtA0A0SystemCollectionsGenericDictionary2EntryA0SystemStringA0SystemBooleanA0SystemInt32', ID = '4685'
Method 'A0SystemUInt32A0SystemCollectionsHashHelpersFastModA0SystemUInt32A0SystemUInt32A0SystemUInt64', ID = '4697'
Method 'A0SystemInt32A0SystemCollectionsGenericNonRandomizedStringEqualityComparerGetHashCodeA0SystemString', ID = '4698'
Method 'A0SystemInt32A0SystemOrdinalCaseSensitiveComparerGetHashCodeA0SystemString', ID = '4700'
Method 'A0SystemInt32A0SystemOrdinalIgnoreCaseComparerGetHashCodeA0SystemString', ID = '4701'
Method 'A0SystemInt32A0SystemOrdinalComparerGetHashCodeA0SystemString', ID = '4702'
Method 'A0SystemBooleanA0SystemCollectionsGenericNonRandomizedStringEqualityComparerEqualsA0SystemStringA0SystemString', ID = '4704'
Method 'A0SystemBooleanA0SystemOrdinalCaseSensitiveComparerEqualsA0SystemStringA0SystemString', ID = '4706'
Method 'A0SystemBooleanA0SystemOrdinalIgnoreCaseComparerEqualsA0SystemStringA0SystemString', ID = '4707'
Method 'A0SystemBooleanA0SystemOrdinalComparerEqualsA0SystemStringA0SystemString', ID = '4708'
Method 'A0SystemStringA0SystemSRget_InvalidOperation_ConcurrentOperationsNotSupported', ID = '4709'
Method 'A0A0SystemCollectionsGenericDictionary2EntryA0SystemStringA0SystemObjectA0InternalRuntimeCompilerServicesUnsafeNullRefA0A0SystemCollectionsGenericDictionary2EntryA0SystemStringA0SystemObject', ID = '4718'
Method 'A0SystemInt32A0A0SystemCollectionsGenericDictionary2A0SystemStringA0SystemObjectGetBucketA0SystemUInt32', ID = '4719'
Method 'A0SystemObjectA0InternalRuntimeCompilerServicesUnsafeNullRefA0SystemObject', ID = '4721'
Method 'A0SystemInt32A0SystemDateTimeget_Month', ID = '4722'
Method 'A0SystemInt32A0SystemDateTimeget_Day', ID = '4723'
Method 'A0SystemInt32A0SystemDateTimeget_Year', ID = '4724'
Method 'A0SystemInt32A0SystemDateTimeget_Hour', ID = '4725'
Method 'A0SystemInt32A0SystemDateTimeget_Minute', ID = '4726'
Method 'A0SystemInt32A0SystemDateTimeget_Second', ID = '4727'
Method 'A0SystemStringA0SystemIOTextReaderNullTextReaderReadLine', ID = '4728'
Method 'SystemVoidA0SystemThreadingWaitHandlecctor', ID = '4730'
Method 'A0SystemVoidA0SystemRuntimeInteropServicesSafeHandleClose', ID = '4732'
Method 'A0A0SystemThreadingTasksTask1A0SystemBooleanA0SystemThreadingTasksTaskCacheCreateCacheableTaskA0SystemBooleanA0SystemBoolean', ID = '4733'
Method 'A0SystemVoidA2CosmosCore_PlugsSystemThreadingTasksTaskSchedulerImplcctor', ID = '4735'
Method 'SystemVoidA0SystemThreadingExecutionContextcctor', ID = '4736'
Method 'A0SystemVoidA0SystemThreadingExecutionContextDispose', ID = '4739'
Method 'SystemVoidA0SystemThreadingManualResetEventSlimcctor', ID = '4740'
Method 'A0SystemVoidA0SystemThreadingManualResetEventSlimDispose', ID = '4741'
Method 'A0SystemBooleanA0SystemThreadingCancellationTokenEqualsA0SystemObject', ID = '4745'
Method 'A0SystemInt32A0SystemThreadingCancellationTokenGetHashCode', ID = '4746'
Method 'SystemVoidA0A0SystemCollectionsGenericList1A0SystemThreadingTasksTaskcctor', ID = '4748'
Method 'A0SystemVoidA2CosmosCore_PlugsSystemThreadingTasksTaskImplDisposeA0SystemBoolean', ID = '4755'
Method 'A0SystemVoidA1CosmosCoreMemoryBlockFillA0SystemUInt32A0SystemUInt32A0SystemUInt16', ID = '4756'
Method 'SystemVoidA0A0SystemSZGenericArrayEnumerator1A6CosmosHALPCIDevicecctor', ID = '4757'
Method 'A0SystemVoidA0A0SystemSZGenericArrayEnumerator1A6CosmosHALPCIDeviceDispose', ID = '4758'
Method 'A0SystemBooleanA0A0SystemSZGenericArrayEnumerator1A6CosmosHALPCIDeviceMoveNext', ID = '4759'
Method 'A0SystemBooleanA0SystemRuntimeCompilerServicesRuntimeHelpersIsBitwiseEquatableA6CosmosHALPCIDevice', ID = '4760'
Method 'A0SystemInt32A0InternalRuntimeCompilerServicesUnsafeSizeOfA6CosmosHALPCIDevice', ID = '4761'
Method 'A0SystemByteA0InternalRuntimeCompilerServicesUnsafeAsA6CosmosHALPCIDeviceA0SystemByteA6CosmosHALPCIDevice', ID = '4762'
Method 'A0SystemCharA0InternalRuntimeCompilerServicesUnsafeAsA6CosmosHALPCIDeviceA0SystemCharA6CosmosHALPCIDevice', ID = '4763'
Method 'A0SystemInt32A0InternalRuntimeCompilerServicesUnsafeAsA6CosmosHALPCIDeviceA0SystemInt32A6CosmosHALPCIDevice', ID = '4764'
Method 'A0SystemInt64A0InternalRuntimeCompilerServicesUnsafeAsA6CosmosHALPCIDeviceA0SystemInt64A6CosmosHALPCIDevice', ID = '4765'
Method 'A0A0SystemCollectionsGenericEqualityComparer1A6CosmosHALPCIDeviceA0A0SystemCollectionsGenericEqualityComparer1A6CosmosHALPCIDeviceget_Default', ID = '4766'
Method 'A0SystemInt32A0A0SystemCollectionsGenericEqualityComparer1A6CosmosHALPCIDeviceIndexOfA6A6CosmosHALPCIDevicearrayA6CosmosHALPCIDeviceA0SystemInt32A0SystemInt32', ID = '4767'
Method 'SystemVoidA8A8CosmosIL2CPUSZArrayImpl1GetEnumeratord__0A6CosmosHALPCIDevicectorA0SystemInt32', ID = '4768'
Method 'A0SystemVoidA0A0SystemCollectionsGenericList1A6CosmosHALPCIDeviceset_CapacityA0SystemInt32', ID = '4770'
Method 'A0A0SystemCollectionsGenericIEnumerator1A0SystemUInt16A0SystemSZArrayHelperGetEnumeratorA0SystemUInt16', ID = '4771'
Method 'A0SystemVoidA0SystemSZArrayHelperCopyToA0SystemUInt16A0A0SystemUInt16arrayA0SystemInt32', ID = '4772'
Method 'A0SystemInt32A0SystemSZArrayHelperget_CountA0SystemUInt16', ID = '4773'
Method 'A0SystemUInt16A0SystemSZArrayHelperget_ItemA0SystemUInt16A0SystemInt32', ID = '4774'
Method 'A0SystemVoidA0SystemSZArrayHelperset_ItemA0SystemUInt16A0SystemInt32A0SystemUInt16', ID = '4775'
Method 'A0SystemVoidA0SystemSZArrayHelperAddA0SystemUInt16A0SystemUInt16', ID = '4776'
Method 'A0SystemBooleanA0SystemSZArrayHelperContainsA0SystemUInt16A0SystemUInt16', ID = '4777'
Method 'A0SystemBooleanA0SystemSZArrayHelperget_IsReadOnlyA0SystemUInt16', ID = '4778'
Method 'A0SystemVoidA0SystemSZArrayHelperClearA0SystemUInt16', ID = '4779'
Method 'A0SystemInt32A0SystemSZArrayHelperIndexOfA0SystemUInt16A0SystemUInt16', ID = '4780'
Method 'A0SystemVoidA0SystemSZArrayHelperInsertA0SystemUInt16A0SystemInt32A0SystemUInt16', ID = '4781'
Method 'A0SystemBooleanA0SystemSZArrayHelperRemoveA0SystemUInt16A0SystemUInt16', ID = '4782'
Method 'A0SystemVoidA0SystemSZArrayHelperRemoveAtA0SystemUInt16A0SystemInt32', ID = '4783'
Method 'A0SystemUInt16A0InternalRuntimeCompilerServicesUnsafeAsA0SystemByteA0SystemUInt16A0SystemByte', ID = '4790'
Method 'A0SystemStringA0SystemTextUTF8EncodingUTF8EncodingSealedGetStringA0A0SystemBytearray', ID = '4791'
Method 'A0SystemStringA4CosmosSystemConsoleConsoleEncodingGetStringA0A0SystemBytearray', ID = '4792'
Method 'A0SystemStringA0SystemTextEncodingGetStringA0A0SystemBytearrayA0SystemInt32A0SystemInt32', ID = '4793'
Method 'A0SystemInt64A0InternalRuntimeCompilerServicesUnsafeReadUnalignedA0SystemInt64A0SystemByte', ID = '4794'
Method 'SystemVoidA0SystemGuidctorA0A0SystemReadOnlySpan1A0SystemByte', ID = '4795'
Method 'A0SystemVoidA0A0SystemCollectionsGenericList1A6CosmosHALBlockDeviceGPTGPartInfoAddWithResizeA6CosmosHALBlockDeviceGPTGPartInfo', ID = '4796'
Method 'A0A0SystemCollectionsGenericIEnumerator1A6CosmosHALBlockDeviceGPTGPartInfoA0SystemSZArrayHelperGetEnumeratorA6CosmosHALBlockDeviceGPTGPartInfo', ID = '4797'
Method 'A0SystemVoidA0SystemSZArrayHelperCopyToA6CosmosHALBlockDeviceGPTGPartInfoA6A6CosmosHALBlockDeviceGPTGPartInfoarrayA0SystemInt32', ID = '4798'
Method 'A0SystemInt32A0SystemSZArrayHelperget_CountA6CosmosHALBlockDeviceGPTGPartInfo', ID = '4799'
Method 'A6CosmosHALBlockDeviceGPTGPartInfoA0SystemSZArrayHelperget_ItemA6CosmosHALBlockDeviceGPTGPartInfoA0SystemInt32', ID = '4800'
Method 'A0SystemVoidA0SystemSZArrayHelperset_ItemA6CosmosHALBlockDeviceGPTGPartInfoA0SystemInt32A6CosmosHALBlockDeviceGPTGPartInfo', ID = '4801'
Method 'A0SystemVoidA0SystemSZArrayHelperAddA6CosmosHALBlockDeviceGPTGPartInfoA6CosmosHALBlockDeviceGPTGPartInfo', ID = '4802'
Method 'A0SystemBooleanA0SystemSZArrayHelperContainsA6CosmosHALBlockDeviceGPTGPartInfoA6CosmosHALBlockDeviceGPTGPartInfo', ID = '4803'
Method 'A0SystemBooleanA0SystemSZArrayHelperget_IsReadOnlyA6CosmosHALBlockDeviceGPTGPartInfo', ID = '4804'
Method 'A0SystemVoidA0SystemSZArrayHelperClearA6CosmosHALBlockDeviceGPTGPartInfo', ID = '4805'
Method 'A0SystemInt32A0SystemSZArrayHelperIndexOfA6CosmosHALBlockDeviceGPTGPartInfoA6CosmosHALBlockDeviceGPTGPartInfo', ID = '4806'
Method 'A0SystemVoidA0SystemSZArrayHelperInsertA6CosmosHALBlockDeviceGPTGPartInfoA0SystemInt32A6CosmosHALBlockDeviceGPTGPartInfo', ID = '4807'
Method 'A0SystemBooleanA0SystemSZArrayHelperRemoveA6CosmosHALBlockDeviceGPTGPartInfoA6CosmosHALBlockDeviceGPTGPartInfo', ID = '4808'
Method 'A0SystemVoidA0SystemSZArrayHelperRemoveAtA6CosmosHALBlockDeviceGPTGPartInfoA0SystemInt32', ID = '4809'
Method 'A0SystemVoidA0A0SystemCollectionsGenericList1A6CosmosHALBlockDeviceMBRPartInfoAddWithResizeA6CosmosHALBlockDeviceMBRPartInfo', ID = '4811'
Method 'A0A0SystemCollectionsGenericIEnumerator1A6CosmosHALBlockDeviceMBRPartInfoA0SystemSZArrayHelperGetEnumeratorA6CosmosHALBlockDeviceMBRPartInfo', ID = '4812'
Method 'A0SystemVoidA0SystemSZArrayHelperCopyToA6CosmosHALBlockDeviceMBRPartInfoA6A6CosmosHALBlockDeviceMBRPartInfoarrayA0SystemInt32', ID = '4813'
Method 'A0SystemInt32A0SystemSZArrayHelperget_CountA6CosmosHALBlockDeviceMBRPartInfo', ID = '4814'
Method 'A6CosmosHALBlockDeviceMBRPartInfoA0SystemSZArrayHelperget_ItemA6CosmosHALBlockDeviceMBRPartInfoA0SystemInt32', ID = '4815'
Method 'A0SystemVoidA0SystemSZArrayHelperset_ItemA6CosmosHALBlockDeviceMBRPartInfoA0SystemInt32A6CosmosHALBlockDeviceMBRPartInfo', ID = '4816'
Method 'A0SystemVoidA0SystemSZArrayHelperAddA6CosmosHALBlockDeviceMBRPartInfoA6CosmosHALBlockDeviceMBRPartInfo', ID = '4817'
Method 'A0SystemBooleanA0SystemSZArrayHelperContainsA6CosmosHALBlockDeviceMBRPartInfoA6CosmosHALBlockDeviceMBRPartInfo', ID = '4818'
Method 'A0SystemBooleanA0SystemSZArrayHelperget_IsReadOnlyA6CosmosHALBlockDeviceMBRPartInfo', ID = '4819'
Method 'A0SystemVoidA0SystemSZArrayHelperClearA6CosmosHALBlockDeviceMBRPartInfo', ID = '4820'
Method 'A0SystemInt32A0SystemSZArrayHelperIndexOfA6CosmosHALBlockDeviceMBRPartInfoA6CosmosHALBlockDeviceMBRPartInfo', ID = '4821'
Method 'A0SystemVoidA0SystemSZArrayHelperInsertA6CosmosHALBlockDeviceMBRPartInfoA0SystemInt32A6CosmosHALBlockDeviceMBRPartInfo', ID = '4822'
Method 'A0SystemBooleanA0SystemSZArrayHelperRemoveA6CosmosHALBlockDeviceMBRPartInfoA6CosmosHALBlockDeviceMBRPartInfo', ID = '4823'
Method 'A0SystemVoidA0SystemSZArrayHelperRemoveAtA6CosmosHALBlockDeviceMBRPartInfoA0SystemInt32', ID = '4824'
Method 'A0SystemVoidA12CosmosCore_AsmIOPortImplRead8A0SystemUInt16A0A0SystemBytearray', ID = '4826'
Method 'A0SystemUInt16A0SystemBitConverterToUInt16A0A0SystemBytearrayA0SystemInt32', ID = '4828'
Method 'A0SystemVoidA0A0SystemCollectionsGenericList1A6CosmosHALBlockDeviceEBRPartInfoAddWithResizeA6CosmosHALBlockDeviceEBRPartInfo', ID = '4830'
Method 'A0A0SystemCollectionsGenericIEnumerator1A6CosmosHALBlockDeviceEBRPartInfoA0SystemSZArrayHelperGetEnumeratorA6CosmosHALBlockDeviceEBRPartInfo', ID = '4831'
Method 'A0SystemVoidA0SystemSZArrayHelperCopyToA6CosmosHALBlockDeviceEBRPartInfoA6A6CosmosHALBlockDeviceEBRPartInfoarrayA0SystemInt32', ID = '4832'
Method 'A0SystemInt32A0SystemSZArrayHelperget_CountA6CosmosHALBlockDeviceEBRPartInfo', ID = '4833'
Method 'A6CosmosHALBlockDeviceEBRPartInfoA0SystemSZArrayHelperget_ItemA6CosmosHALBlockDeviceEBRPartInfoA0SystemInt32', ID = '4834'
Method 'A0SystemVoidA0SystemSZArrayHelperset_ItemA6CosmosHALBlockDeviceEBRPartInfoA0SystemInt32A6CosmosHALBlockDeviceEBRPartInfo', ID = '4835'
Method 'A0SystemVoidA0SystemSZArrayHelperAddA6CosmosHALBlockDeviceEBRPartInfoA6CosmosHALBlockDeviceEBRPartInfo', ID = '4836'
Method 'A0SystemBooleanA0SystemSZArrayHelperContainsA6CosmosHALBlockDeviceEBRPartInfoA6CosmosHALBlockDeviceEBRPartInfo', ID = '4837'
Method 'A0SystemBooleanA0SystemSZArrayHelperget_IsReadOnlyA6CosmosHALBlockDeviceEBRPartInfo', ID = '4838'
Method 'A0SystemVoidA0SystemSZArrayHelperClearA6CosmosHALBlockDeviceEBRPartInfo', ID = '4839'
Method 'A0SystemInt32A0SystemSZArrayHelperIndexOfA6CosmosHALBlockDeviceEBRPartInfoA6CosmosHALBlockDeviceEBRPartInfo', ID = '4840'
Method 'A0SystemVoidA0SystemSZArrayHelperInsertA6CosmosHALBlockDeviceEBRPartInfoA0SystemInt32A6CosmosHALBlockDeviceEBRPartInfo', ID = '4841'
Method 'A0SystemBooleanA0SystemSZArrayHelperRemoveA6CosmosHALBlockDeviceEBRPartInfoA6CosmosHALBlockDeviceEBRPartInfo', ID = '4842'
Method 'A0SystemVoidA0SystemSZArrayHelperRemoveAtA6CosmosHALBlockDeviceEBRPartInfoA0SystemInt32', ID = '4843'
Method 'SystemVoidA0A0SystemSZGenericArrayEnumerator1A6CosmosHALBlockDeviceBlockDevicecctor', ID = '4845'
Method 'A0SystemVoidA0A0SystemSZGenericArrayEnumerator1A6CosmosHALBlockDeviceBlockDeviceDispose', ID = '4846'
Method 'A0SystemBooleanA0A0SystemSZGenericArrayEnumerator1A6CosmosHALBlockDeviceBlockDeviceMoveNext', ID = '4847'
Method 'A0SystemBooleanA0SystemRuntimeCompilerServicesRuntimeHelpersIsBitwiseEquatableA6CosmosHALBlockDeviceBlockDevice', ID = '4848'
Method 'A0SystemInt32A0InternalRuntimeCompilerServicesUnsafeSizeOfA6CosmosHALBlockDeviceBlockDevice', ID = '4849'
Method 'A0SystemByteA0InternalRuntimeCompilerServicesUnsafeAsA6CosmosHALBlockDeviceBlockDeviceA0SystemByteA6CosmosHALBlockDeviceBlockDevice', ID = '4850'
Method 'A0SystemCharA0InternalRuntimeCompilerServicesUnsafeAsA6CosmosHALBlockDeviceBlockDeviceA0SystemCharA6CosmosHALBlockDeviceBlockDevice', ID = '4851'
Method 'A0SystemInt32A0InternalRuntimeCompilerServicesUnsafeAsA6CosmosHALBlockDeviceBlockDeviceA0SystemInt32A6CosmosHALBlockDeviceBlockDevice', ID = '4852'
Method 'A0SystemInt64A0InternalRuntimeCompilerServicesUnsafeAsA6CosmosHALBlockDeviceBlockDeviceA0SystemInt64A6CosmosHALBlockDeviceBlockDevice', ID = '4853'
Method 'A0A0SystemCollectionsGenericEqualityComparer1A6CosmosHALBlockDeviceBlockDeviceA0A0SystemCollectionsGenericEqualityComparer1A6CosmosHALBlockDeviceBlockDeviceget_Default', ID = '4854'
Method 'A0SystemInt32A0A0SystemCollectionsGenericEqualityComparer1A6CosmosHALBlockDeviceBlockDeviceIndexOfA6A6CosmosHALBlockDeviceBlockDevicearrayA6CosmosHALBlockDeviceBlockDeviceA0SystemInt32A0SystemInt32', ID = '4855'
Method 'SystemVoidA8A8CosmosIL2CPUSZArrayImpl1GetEnumeratord__0A6CosmosHALBlockDeviceBlockDevicectorA0SystemInt32', ID = '4856'
Method 'A0SystemVoidA3CosmosSystem_PlugsSystemIOFileStreamImplDisposeA0SystemBooleanA0SystemIOStream', ID = '4859'
Method 'SystemVoidA0A0SystemSZGenericArrayEnumerator1A6CosmosHALBlockDevicePartitioncctor', ID = '4860'
Method 'A0SystemVoidA0A0SystemSZGenericArrayEnumerator1A6CosmosHALBlockDevicePartitionDispose', ID = '4861'
Method 'A0SystemBooleanA0A0SystemSZGenericArrayEnumerator1A6CosmosHALBlockDevicePartitionMoveNext', ID = '4862'
Method 'A0SystemBooleanA0SystemRuntimeCompilerServicesRuntimeHelpersIsBitwiseEquatableA6CosmosHALBlockDevicePartition', ID = '4863'
Method 'A0SystemInt32A0InternalRuntimeCompilerServicesUnsafeSizeOfA6CosmosHALBlockDevicePartition', ID = '4864'
Method 'A0SystemByteA0InternalRuntimeCompilerServicesUnsafeAsA6CosmosHALBlockDevicePartitionA0SystemByteA6CosmosHALBlockDevicePartition', ID = '4865'
Method 'A0SystemCharA0InternalRuntimeCompilerServicesUnsafeAsA6CosmosHALBlockDevicePartitionA0SystemCharA6CosmosHALBlockDevicePartition', ID = '4866'
Method 'A0SystemInt32A0InternalRuntimeCompilerServicesUnsafeAsA6CosmosHALBlockDevicePartitionA0SystemInt32A6CosmosHALBlockDevicePartition', ID = '4867'
Method 'A0SystemInt64A0InternalRuntimeCompilerServicesUnsafeAsA6CosmosHALBlockDevicePartitionA0SystemInt64A6CosmosHALBlockDevicePartition', ID = '4868'
Method 'A0A0SystemCollectionsGenericEqualityComparer1A6CosmosHALBlockDevicePartitionA0A0SystemCollectionsGenericEqualityComparer1A6CosmosHALBlockDevicePartitionget_Default', ID = '4869'
Method 'A0SystemInt32A0A0SystemCollectionsGenericEqualityComparer1A6CosmosHALBlockDevicePartitionIndexOfA6A6CosmosHALBlockDevicePartitionarrayA6CosmosHALBlockDevicePartitionA0SystemInt32A0SystemInt32', ID = '4870'
Method 'SystemVoidA8A8CosmosIL2CPUSZArrayImpl1GetEnumeratord__0A6CosmosHALBlockDevicePartitionctorA0SystemInt32', ID = '4871'
Method 'A6A6CosmosHALBlockDevicePortsStoragePortarrayA0InternalRuntimeCompilerServicesUnsafeAsA6A6CosmosHALBlockDevicePortsStoragePortarrayA0SystemObject', ID = '4873'
Method 'SystemVoidA0A0SystemSZGenericArrayEnumerator1A6CosmosHALBlockDevicePortsStoragePortctorA6A6CosmosHALBlockDevicePortsStoragePortarray', ID = '4874'
Method 'A0SystemInt32A0SystemArrayIndexOfA6CosmosHALBlockDevicePortsStoragePortA6A6CosmosHALBlockDevicePortsStoragePortarrayA6CosmosHALBlockDevicePortsStoragePortA0SystemInt32A0SystemInt32', ID = '4877'
Method 'A0A0SystemCollectionsGenericIEnumerator1A6CosmosHALBlockDevicePortsStoragePortA8A8CosmosIL2CPUSZArrayImpl1A6CosmosHALBlockDevicePortsStoragePortGetEnumerator', ID = '4878'
Method 'A0SystemVoidA8A8CosmosIL2CPUSZArrayImpl1A6CosmosHALBlockDevicePortsStoragePortCopyToA6A6CosmosHALBlockDevicePortsStoragePortarrayA0SystemInt32', ID = '4879'
Method 'A0SystemInt32A8A8CosmosIL2CPUSZArrayImpl1A6CosmosHALBlockDevicePortsStoragePortget_Count', ID = '4880'
Method 'A6CosmosHALBlockDevicePortsStoragePortA8A8CosmosIL2CPUSZArrayImpl1A6CosmosHALBlockDevicePortsStoragePortget_ItemA0SystemInt32', ID = '4881'
Method 'A0SystemVoidA8A8CosmosIL2CPUSZArrayImpl1A6CosmosHALBlockDevicePortsStoragePortset_ItemA0SystemInt32A6CosmosHALBlockDevicePortsStoragePort', ID = '4882'
Method 'A0SystemVoidA8A8CosmosIL2CPUSZArrayImpl1A6CosmosHALBlockDevicePortsStoragePortAddA6CosmosHALBlockDevicePortsStoragePort', ID = '4883'
Method 'A0SystemBooleanA8A8CosmosIL2CPUSZArrayImpl1A6CosmosHALBlockDevicePortsStoragePortContainsA6CosmosHALBlockDevicePortsStoragePort', ID = '4884'
Method 'A0SystemBooleanA8A8CosmosIL2CPUSZArrayImpl1A6CosmosHALBlockDevicePortsStoragePortget_IsReadOnly', ID = '4885'
Method 'A0SystemVoidA8A8CosmosIL2CPUSZArrayImpl1A6CosmosHALBlockDevicePortsStoragePortClear', ID = '4886'
Method 'A0SystemInt32A8A8CosmosIL2CPUSZArrayImpl1A6CosmosHALBlockDevicePortsStoragePortIndexOfA6CosmosHALBlockDevicePortsStoragePort', ID = '4887'
Method 'A0SystemVoidA8A8CosmosIL2CPUSZArrayImpl1A6CosmosHALBlockDevicePortsStoragePortInsertA0SystemInt32A6CosmosHALBlockDevicePortsStoragePort', ID = '4888'
Method 'A0SystemVoidA8A8CosmosIL2CPUSZArrayImpl1A6CosmosHALBlockDevicePortsStoragePortRemoveAtA0SystemInt32', ID = '4889'
Method 'A0SystemBooleanA8A8CosmosIL2CPUSZArrayImpl1A6CosmosHALBlockDevicePortsStoragePortget_IsFixedSize', ID = '4890'
Method 'A0SystemVoidA8A8CosmosIL2CPUSZArrayImpl1A6CosmosHALBlockDevicePortsStoragePortRemoveA6CosmosHALBlockDevicePortsStoragePort', ID = '4891'
Method 'A0SystemObjectA8A8CosmosIL2CPUSZArrayImpl1A6CosmosHALBlockDevicePortsStoragePortget_SyncRoot', ID = '4892'
Method 'A0SystemBooleanA8A8CosmosIL2CPUSZArrayImpl1A6CosmosHALBlockDevicePortsStoragePortget_IsSynchronized', ID = '4893'
Method 'A0SystemRuntimeCompilerServicesRawDataA0InternalRuntimeCompilerServicesUnsafeAsA0SystemRuntimeCompilerServicesRawDataA0SystemObject', ID = '4894'
Method 'A0A0SystemCollectionsGenericIEnumerator1A6CosmosHALBlockDeviceRegistersHBACommandHeaderA0SystemSZArrayHelperGetEnumeratorA6CosmosHALBlockDeviceRegistersHBACommandHeader', ID = '4896'
Method 'A0SystemVoidA0SystemSZArrayHelperCopyToA6CosmosHALBlockDeviceRegistersHBACommandHeaderA6A6CosmosHALBlockDeviceRegistersHBACommandHeaderarrayA0SystemInt32', ID = '4897'
Method 'A0SystemInt32A0SystemSZArrayHelperget_CountA6CosmosHALBlockDeviceRegistersHBACommandHeader', ID = '4898'
Method 'A6CosmosHALBlockDeviceRegistersHBACommandHeaderA0SystemSZArrayHelperget_ItemA6CosmosHALBlockDeviceRegistersHBACommandHeaderA0SystemInt32', ID = '4899'
Method 'A0SystemVoidA0SystemSZArrayHelperset_ItemA6CosmosHALBlockDeviceRegistersHBACommandHeaderA0SystemInt32A6CosmosHALBlockDeviceRegistersHBACommandHeader', ID = '4900'
Method 'A0SystemVoidA0SystemSZArrayHelperAddA6CosmosHALBlockDeviceRegistersHBACommandHeaderA6CosmosHALBlockDeviceRegistersHBACommandHeader', ID = '4901'
Method 'A0SystemBooleanA0SystemSZArrayHelperContainsA6CosmosHALBlockDeviceRegistersHBACommandHeaderA6CosmosHALBlockDeviceRegistersHBACommandHeader', ID = '4902'
Method 'A0SystemBooleanA0SystemSZArrayHelperget_IsReadOnlyA6CosmosHALBlockDeviceRegistersHBACommandHeader', ID = '4903'
Method 'A0SystemVoidA0SystemSZArrayHelperClearA6CosmosHALBlockDeviceRegistersHBACommandHeader', ID = '4904'
Method 'A0SystemInt32A0SystemSZArrayHelperIndexOfA6CosmosHALBlockDeviceRegistersHBACommandHeaderA6CosmosHALBlockDeviceRegistersHBACommandHeader', ID = '4905'
Method 'A0SystemVoidA0SystemSZArrayHelperInsertA6CosmosHALBlockDeviceRegistersHBACommandHeaderA0SystemInt32A6CosmosHALBlockDeviceRegistersHBACommandHeader', ID = '4906'
Method 'A0SystemBooleanA0SystemSZArrayHelperRemoveA6CosmosHALBlockDeviceRegistersHBACommandHeaderA6CosmosHALBlockDeviceRegistersHBACommandHeader', ID = '4907'
Method 'A0SystemVoidA0SystemSZArrayHelperRemoveAtA6CosmosHALBlockDeviceRegistersHBACommandHeaderA0SystemInt32', ID = '4908'
Method 'A0SystemVoidA1CosmosCoreMemoryBlock16set_ItemA0SystemUInt32A0SystemUInt16', ID = '4915'
Method 'A0SystemVoidA6CosmosHALBlockDevicePortsSATASendSATA48CommandA6CosmosHALBlockDeviceRegistersATACommandsA0SystemUInt64A0SystemUInt32', ID = '4916'
Method 'A0SystemVoidA1CosmosCoreMemoryBlockRead8A0A0SystemBytearray', ID = '4917'
Method 'A0SystemUInt32A6CosmosHALBlockDeviceRegistersPortRegistersget_SACT', ID = '4918'
Method 'A0SystemVoidA1CosmosCoreMemoryBlock08set_ItemA0SystemUInt32A0SystemByte', ID = '4919'
Method 'A0SystemByteA1CosmosCoreMemoryBlock08get_ItemA0SystemUInt32', ID = '4920'
Method 'A0SystemUInt16A1CosmosCoreMemoryBlock16get_ItemA0SystemUInt32', ID = '4921'
Method 'SystemVoidA6CosmosHALBlockDeviceRegistersHBAPRDTEntryctorA0SystemUInt32A0SystemUInt32', ID = '4923'
Method 'A0SystemVoidA8A8CosmosIL2CPUSZArrayImpl1GetEnumeratord__0A6CosmosHALPCIBaseAddressBarSystemIDisposableDispose', ID = '4930'
Method 'A0SystemBooleanA8A8CosmosIL2CPUSZArrayImpl1GetEnumeratord__0A6CosmosHALPCIBaseAddressBarMoveNext', ID = '4931'
Method 'A1A1CosmosCoreManagedMemoryBlockarrayA0InternalRuntimeCompilerServicesUnsafeAsA1A1CosmosCoreManagedMemoryBlockarrayA0SystemObject', ID = '4933'
Method 'SystemVoidA0A0SystemSZGenericArrayEnumerator1A1CosmosCoreManagedMemoryBlockctorA1A1CosmosCoreManagedMemoryBlockarray', ID = '4934'
Method 'A0SystemInt32A0SystemArrayIndexOfA1CosmosCoreManagedMemoryBlockA1A1CosmosCoreManagedMemoryBlockarrayA1CosmosCoreManagedMemoryBlockA0SystemInt32A0SystemInt32', ID = '4937'
Method 'A0A0SystemCollectionsGenericIEnumerator1A1CosmosCoreManagedMemoryBlockA8A8CosmosIL2CPUSZArrayImpl1A1CosmosCoreManagedMemoryBlockGetEnumerator', ID = '4938'
Method 'A0SystemVoidA8A8CosmosIL2CPUSZArrayImpl1A1CosmosCoreManagedMemoryBlockCopyToA1A1CosmosCoreManagedMemoryBlockarrayA0SystemInt32', ID = '4939'
Method 'A0SystemInt32A8A8CosmosIL2CPUSZArrayImpl1A1CosmosCoreManagedMemoryBlockget_Count', ID = '4940'
Method 'A1CosmosCoreManagedMemoryBlockA8A8CosmosIL2CPUSZArrayImpl1A1CosmosCoreManagedMemoryBlockget_ItemA0SystemInt32', ID = '4941'
Method 'A0SystemVoidA8A8CosmosIL2CPUSZArrayImpl1A1CosmosCoreManagedMemoryBlockset_ItemA0SystemInt32A1CosmosCoreManagedMemoryBlock', ID = '4942'
Method 'A0SystemVoidA8A8CosmosIL2CPUSZArrayImpl1A1CosmosCoreManagedMemoryBlockAddA1CosmosCoreManagedMemoryBlock', ID = '4943'
Method 'A0SystemBooleanA8A8CosmosIL2CPUSZArrayImpl1A1CosmosCoreManagedMemoryBlockContainsA1CosmosCoreManagedMemoryBlock', ID = '4944'
Method 'A0SystemBooleanA8A8CosmosIL2CPUSZArrayImpl1A1CosmosCoreManagedMemoryBlockget_IsReadOnly', ID = '4945'
Method 'A0SystemVoidA8A8CosmosIL2CPUSZArrayImpl1A1CosmosCoreManagedMemoryBlockClear', ID = '4946'
Method 'A0SystemInt32A8A8CosmosIL2CPUSZArrayImpl1A1CosmosCoreManagedMemoryBlockIndexOfA1CosmosCoreManagedMemoryBlock', ID = '4947'
Method 'A0SystemVoidA8A8CosmosIL2CPUSZArrayImpl1A1CosmosCoreManagedMemoryBlockInsertA0SystemInt32A1CosmosCoreManagedMemoryBlock', ID = '4948'
Method 'A0SystemVoidA8A8CosmosIL2CPUSZArrayImpl1A1CosmosCoreManagedMemoryBlockRemoveAtA0SystemInt32', ID = '4949'
Method 'A0SystemBooleanA8A8CosmosIL2CPUSZArrayImpl1A1CosmosCoreManagedMemoryBlockget_IsFixedSize', ID = '4950'
Method 'A0SystemVoidA8A8CosmosIL2CPUSZArrayImpl1A1CosmosCoreManagedMemoryBlockRemoveA1CosmosCoreManagedMemoryBlock', ID = '4951'
Method 'A0SystemObjectA8A8CosmosIL2CPUSZArrayImpl1A1CosmosCoreManagedMemoryBlockget_SyncRoot', ID = '4952'
Method 'A0SystemBooleanA8A8CosmosIL2CPUSZArrayImpl1A1CosmosCoreManagedMemoryBlockget_IsSynchronized', ID = '4953'
Method 'A0A0A0SystemBytearrayarrayA0InternalRuntimeCompilerServicesUnsafeAsA0A0A0SystemBytearrayarrayA0SystemObject', ID = '4955'
Method 'SystemVoidA0A0SystemSZGenericArrayEnumerator1A0A0SystemBytearrayctorA0A0A0SystemBytearrayarray', ID = '4956'
Method 'A0SystemInt32A0SystemArrayIndexOfA0A0SystemBytearrayA0A0A0SystemBytearrayarrayA0A0SystemBytearrayA0SystemInt32A0SystemInt32', ID = '4959'
Method 'A0A0SystemCollectionsGenericIEnumerator1A0A0SystemBytearrayA8A8CosmosIL2CPUSZArrayImpl1A0A0SystemBytearrayGetEnumerator', ID = '4960'
Method 'A0SystemVoidA8A8CosmosIL2CPUSZArrayImpl1A0A0SystemBytearrayCopyToA0A0A0SystemBytearrayarrayA0SystemInt32', ID = '4961'
Method 'A0SystemInt32A8A8CosmosIL2CPUSZArrayImpl1A0A0SystemBytearrayget_Count', ID = '4962'
Method 'A0A0SystemBytearrayA8A8CosmosIL2CPUSZArrayImpl1A0A0SystemBytearrayget_ItemA0SystemInt32', ID = '4963'
Method 'A0SystemVoidA8A8CosmosIL2CPUSZArrayImpl1A0A0SystemBytearrayset_ItemA0SystemInt32A0A0SystemBytearray', ID = '4964'
Method 'A0SystemVoidA8A8CosmosIL2CPUSZArrayImpl1A0A0SystemBytearrayAddA0A0SystemBytearray', ID = '4965'
Method 'A0SystemBooleanA8A8CosmosIL2CPUSZArrayImpl1A0A0SystemBytearrayContainsA0A0SystemBytearray', ID = '4966'
Method 'A0SystemBooleanA8A8CosmosIL2CPUSZArrayImpl1A0A0SystemBytearrayget_IsReadOnly', ID = '4967'
Method 'A0SystemVoidA8A8CosmosIL2CPUSZArrayImpl1A0A0SystemBytearrayClear', ID = '4968'
Method 'A0SystemInt32A8A8CosmosIL2CPUSZArrayImpl1A0A0SystemBytearrayIndexOfA0A0SystemBytearray', ID = '4969'
Method 'A0SystemVoidA8A8CosmosIL2CPUSZArrayImpl1A0A0SystemBytearrayInsertA0SystemInt32A0A0SystemBytearray', ID = '4970'
Method 'A0SystemVoidA8A8CosmosIL2CPUSZArrayImpl1A0A0SystemBytearrayRemoveAtA0SystemInt32', ID = '4971'
Method 'A0SystemBooleanA8A8CosmosIL2CPUSZArrayImpl1A0A0SystemBytearrayget_IsFixedSize', ID = '4972'
Method 'A0SystemVoidA8A8CosmosIL2CPUSZArrayImpl1A0A0SystemBytearrayRemoveA0A0SystemBytearray', ID = '4973'
Method 'A0SystemObjectA8A8CosmosIL2CPUSZArrayImpl1A0A0SystemBytearrayget_SyncRoot', ID = '4974'
Method 'A0SystemBooleanA8A8CosmosIL2CPUSZArrayImpl1A0A0SystemBytearrayget_IsSynchronized', ID = '4975'
Method 'A0SystemVoidA0A0SystemCollectionsGenericList1A6CosmosHALNetworkDeviceset_CapacityA0SystemInt32', ID = '4976'
Method 'A0SystemVoidA0A0SystemCollectionsGenericQueue1A0A0SystemBytearraySetCapacityA0SystemInt32', ID = '4977'
Method 'A0SystemStringA0SystemReflectionAssemblyCreateQualifiedNameA0SystemStringA0SystemString', ID = '4980'
Method 'A0SystemByteA6CosmosHALDriversNetworkRTL8139get_Config1Register', ID = '4981'
Method 'SystemVoidA0A0SystemSZGenericArrayEnumerator1A6CosmosHALNetworkDevicecctor', ID = '4982'
Method 'A0SystemVoidA0A0SystemSZGenericArrayEnumerator1A6CosmosHALNetworkDeviceDispose', ID = '4983'
Method 'A0SystemBooleanA0A0SystemSZGenericArrayEnumerator1A6CosmosHALNetworkDeviceMoveNext', ID = '4984'
Method 'A0SystemBooleanA0SystemRuntimeCompilerServicesRuntimeHelpersIsBitwiseEquatableA6CosmosHALNetworkDevice', ID = '4985'
Method 'A0SystemInt32A0InternalRuntimeCompilerServicesUnsafeSizeOfA6CosmosHALNetworkDevice', ID = '4986'
Method 'A0SystemByteA0InternalRuntimeCompilerServicesUnsafeAsA6CosmosHALNetworkDeviceA0SystemByteA6CosmosHALNetworkDevice', ID = '4987'
Method 'A0SystemCharA0InternalRuntimeCompilerServicesUnsafeAsA6CosmosHALNetworkDeviceA0SystemCharA6CosmosHALNetworkDevice', ID = '4988'
Method 'A0SystemInt32A0InternalRuntimeCompilerServicesUnsafeAsA6CosmosHALNetworkDeviceA0SystemInt32A6CosmosHALNetworkDevice', ID = '4989'
Method 'A0SystemInt64A0InternalRuntimeCompilerServicesUnsafeAsA6CosmosHALNetworkDeviceA0SystemInt64A6CosmosHALNetworkDevice', ID = '4990'
Method 'A0A0SystemCollectionsGenericEqualityComparer1A6CosmosHALNetworkDeviceA0A0SystemCollectionsGenericEqualityComparer1A6CosmosHALNetworkDeviceget_Default', ID = '4991'
Method 'A0SystemInt32A0A0SystemCollectionsGenericEqualityComparer1A6CosmosHALNetworkDeviceIndexOfA6A6CosmosHALNetworkDevicearrayA6CosmosHALNetworkDeviceA0SystemInt32A0SystemInt32', ID = '4992'
Method 'SystemVoidA8A8CosmosIL2CPUSZArrayImpl1GetEnumeratord__0A6CosmosHALNetworkDevicectorA0SystemInt32', ID = '4993'
Method 'A0SystemVoidA8A8CosmosIL2CPUSZArrayImpl1GetEnumeratord__0A0A0SystemCollectionsGenericDictionary2EntryA0SystemUInt32A6CosmosHALNetworkDeviceSystemIDisposableDispose', ID = '4999'
Method 'A0SystemBooleanA8A8CosmosIL2CPUSZArrayImpl1GetEnumeratord__0A0A0SystemCollectionsGenericDictionary2EntryA0SystemUInt32A6CosmosHALNetworkDeviceMoveNext', ID = '5000'
Method 'SystemVoidA0A0SystemSZGenericArrayEnumerator1A0A0SystemCollectionsGenericKeyValuePair2A0SystemUInt32A6CosmosHALNetworkDevicecctor', ID = '5001'
Method 'A0SystemVoidA0A0SystemSZGenericArrayEnumerator1A0A0SystemCollectionsGenericKeyValuePair2A0SystemUInt32A6CosmosHALNetworkDeviceDispose', ID = '5002'
Method 'A0SystemBooleanA0A0SystemSZGenericArrayEnumerator1A0A0SystemCollectionsGenericKeyValuePair2A0SystemUInt32A6CosmosHALNetworkDeviceMoveNext', ID = '5003'
Method 'A0SystemStringA0A0SystemCollectionsGenericKeyValuePair2A0SystemUInt32A6CosmosHALNetworkDeviceToString', ID = '5004'
Method 'A0SystemBooleanA0SystemRuntimeCompilerServicesRuntimeHelpersIsBitwiseEquatableA0A0SystemCollectionsGenericKeyValuePair2A0SystemUInt32A6CosmosHALNetworkDevice', ID = '5005'
Method 'A0SystemInt32A0InternalRuntimeCompilerServicesUnsafeSizeOfA0A0SystemCollectionsGenericKeyValuePair2A0SystemUInt32A6CosmosHALNetworkDevice', ID = '5006'
Method 'A0SystemByteA0InternalRuntimeCompilerServicesUnsafeAsA0A0SystemCollectionsGenericKeyValuePair2A0SystemUInt32A6CosmosHALNetworkDeviceA0SystemByteA0A0SystemCollectionsGen3AC000E70EC4282B3EDAD53DAC279439', ID = '5007'
Method 'A0SystemCharA0InternalRuntimeCompilerServicesUnsafeAsA0A0SystemCollectionsGenericKeyValuePair2A0SystemUInt32A6CosmosHALNetworkDeviceA0SystemCharA0A0SystemCollectionsGen53224984CDB727572DE03C6F977CDF9A', ID = '5008'
Method 'A0SystemInt32A0InternalRuntimeCompilerServicesUnsafeAsA0A0SystemCollectionsGenericKeyValuePair2A0SystemUInt32A6CosmosHALNetworkDeviceA0SystemInt32A0A0SystemCollectionsG983A478548942CF4E92A2417539C37E1', ID = '5009'
Method 'A0SystemInt64A0InternalRuntimeCompilerServicesUnsafeAsA0A0SystemCollectionsGenericKeyValuePair2A0SystemUInt32A6CosmosHALNetworkDeviceA0SystemInt64A0A0SystemCollectionsG721C5EFB4D78C4C88876CFB5B563C027', ID = '5010'
Method 'A0A0SystemCollectionsGenericEqualityComparer1A0A0SystemCollectionsGenericKeyValuePair2A0SystemUInt32A6CosmosHALNetworkDeviceA0A0SystemCollectionsGenericEqualityComparer858C044E8DBEE15B1BA1DD115F071282', ID = '5011'
Method 'A0SystemInt32A0A0SystemCollectionsGenericEqualityComparer1A0A0SystemCollectionsGenericKeyValuePair2A0SystemUInt32A6CosmosHALNetworkDeviceIndexOfA0A0A0SystemCollectionsGA2D76938FDD928201E8757717BCAFAC5', ID = '5012'
Method 'SystemVoidA8A8CosmosIL2CPUSZArrayImpl1GetEnumeratord__0A0A0SystemCollectionsGenericKeyValuePair2A0SystemUInt32A6CosmosHALNetworkDevicectorA0SystemInt32', ID = '5013'
Method 'A0SystemDoubleA3CosmosSystem_PlugsSystemMathImplSqrtA0SystemDouble', ID = '5016'
Method 'SystemVoidA0SystemCollectionsGenericNonRandomizedStringEqualityComparerctorA0A0SystemCollectionsGenericIEqualityComparer1A0SystemString', ID = '5018'
Method 'SystemVoidA0SystemOrdinalCaseSensitiveComparerctor', ID = '5020'
Method 'SystemVoidA0SystemOrdinalIgnoreCaseComparerctor', ID = '5021'
Method 'A0A0SystemCollectionsGenericIEnumerator1A6CosmosHALKeyboardBaseA0SystemSZArrayHelperGetEnumeratorA6CosmosHALKeyboardBase', ID = '5022'
Method 'A0SystemVoidA0SystemSZArrayHelperCopyToA6CosmosHALKeyboardBaseA6A6CosmosHALKeyboardBasearrayA0SystemInt32', ID = '5023'
Method 'A0SystemInt32A0SystemSZArrayHelperget_CountA6CosmosHALKeyboardBase', ID = '5024'
Method 'A6CosmosHALKeyboardBaseA0SystemSZArrayHelperget_ItemA6CosmosHALKeyboardBaseA0SystemInt32', ID = '5025'
Method 'A0SystemVoidA0SystemSZArrayHelperset_ItemA6CosmosHALKeyboardBaseA0SystemInt32A6CosmosHALKeyboardBase', ID = '5026'
Method 'A0SystemVoidA0SystemSZArrayHelperAddA6CosmosHALKeyboardBaseA6CosmosHALKeyboardBase', ID = '5027'
Method 'A0SystemBooleanA0SystemSZArrayHelperContainsA6CosmosHALKeyboardBaseA6CosmosHALKeyboardBase', ID = '5028'
Method 'A0SystemBooleanA0SystemSZArrayHelperget_IsReadOnlyA6CosmosHALKeyboardBase', ID = '5029'
Method 'A0SystemVoidA0SystemSZArrayHelperClearA6CosmosHALKeyboardBase', ID = '5030'
Method 'A0SystemInt32A0SystemSZArrayHelperIndexOfA6CosmosHALKeyboardBaseA6CosmosHALKeyboardBase', ID = '5031'
Method 'A0SystemVoidA0SystemSZArrayHelperInsertA6CosmosHALKeyboardBaseA0SystemInt32A6CosmosHALKeyboardBase', ID = '5032'
Method 'A0SystemBooleanA0SystemSZArrayHelperRemoveA6CosmosHALKeyboardBaseA6CosmosHALKeyboardBase', ID = '5033'
Method 'A0SystemVoidA0SystemSZArrayHelperRemoveAtA6CosmosHALKeyboardBaseA0SystemInt32', ID = '5034'
Method 'A0A0SystemCollectionsGenericIEnumerator1A4CosmosSystemKeyEventA0SystemSZArrayHelperGetEnumeratorA4CosmosSystemKeyEvent', ID = '5036'
Method 'A0SystemVoidA0SystemSZArrayHelperCopyToA4CosmosSystemKeyEventA4A4CosmosSystemKeyEventarrayA0SystemInt32', ID = '5037'
Method 'A0SystemInt32A0SystemSZArrayHelperget_CountA4CosmosSystemKeyEvent', ID = '5038'
Method 'A4CosmosSystemKeyEventA0SystemSZArrayHelperget_ItemA4CosmosSystemKeyEventA0SystemInt32', ID = '5039'
Method 'A0SystemVoidA0SystemSZArrayHelperset_ItemA4CosmosSystemKeyEventA0SystemInt32A4CosmosSystemKeyEvent', ID = '5040'
Method 'A0SystemVoidA0SystemSZArrayHelperAddA4CosmosSystemKeyEventA4CosmosSystemKeyEvent', ID = '5041'
Method 'A0SystemBooleanA0SystemSZArrayHelperContainsA4CosmosSystemKeyEventA4CosmosSystemKeyEvent', ID = '5042'
Method 'A0SystemBooleanA0SystemSZArrayHelperget_IsReadOnlyA4CosmosSystemKeyEvent', ID = '5043'
Method 'A0SystemVoidA0SystemSZArrayHelperClearA4CosmosSystemKeyEvent', ID = '5044'
Method 'A0SystemInt32A0SystemSZArrayHelperIndexOfA4CosmosSystemKeyEventA4CosmosSystemKeyEvent', ID = '5045'
Method 'A0SystemVoidA0SystemSZArrayHelperInsertA4CosmosSystemKeyEventA0SystemInt32A4CosmosSystemKeyEvent', ID = '5046'
Method 'A0SystemBooleanA0SystemSZArrayHelperRemoveA4CosmosSystemKeyEventA4CosmosSystemKeyEvent', ID = '5047'
Method 'A0SystemVoidA0SystemSZArrayHelperRemoveAtA4CosmosSystemKeyEventA0SystemInt32', ID = '5048'
Method 'SystemVoidA0A0SystemArrayEmptyArray1A4CosmosSystemKeyEventcctor', ID = '5053'
Method 'SystemVoidA0A0SystemCollectionsGenericList1A4CosmosSystemKeyMappingcctor', ID = '5054'
Method 'A0SystemVoidA4CosmosSystemScanMapsUSStandardLayoutInitKeys', ID = '5061'
Method 'A0SystemVoidA0A0SystemCollectionsGenericList1A6CosmosHALKeyboardBaseGrowA0SystemInt32', ID = '5062'
Method 'A0SystemVoidA0A0SystemCollectionsGenericList1EnumeratorA6CosmosHALKeyboardBaseDispose', ID = '5063'
Method 'A6CosmosHALKeyboardBaseA0A0SystemCollectionsGenericList1EnumeratorA6CosmosHALKeyboardBaseget_Current', ID = '5064'
Method 'A0SystemBooleanA0A0SystemCollectionsGenericList1EnumeratorA6CosmosHALKeyboardBaseMoveNext', ID = '5065'
Method 'A4CosmosSystemKeyMappingA0A0SystemCollectionsGenericList1A4CosmosSystemKeyMappingget_ItemA0SystemInt32', ID = '5067'
Method 'A0SystemInt32A0A0SystemCollectionsGenericList1A4CosmosSystemKeyMappingget_Count', ID = '5069'
Method 'A0A0SystemCollectionsGenericList1EnumeratorA6CosmosHALKeyboardBaseA0A0SystemCollectionsGenericList1A6CosmosHALKeyboardBaseGetEnumerator', ID = '5070'
Method 'A0SystemBooleanA4CosmosSystemKeyboardManagerget_ControlPressed', ID = '5075'
Method 'A0SystemBooleanA4CosmosSystemKeyboardManagerget_ShiftPressed', ID = '5076'
Method 'A0SystemBooleanA4CosmosSystemKeyboardManagerget_AltPressed', ID = '5077'
Method 'A4CosmosSystemKeyEventA4CosmosSystemScanMapBaseConvertScanCodeA0SystemByteA0SystemBooleanA0SystemBooleanA0SystemBooleanA0SystemBooleanA0SystemBooleanA0SystemBoolean', ID = '5078'
Method 'A0SystemVoidA0A0SystemCollectionsGenericQueue1A4CosmosSystemKeyEventEnqueueA4CosmosSystemKeyEvent', ID = '5080'
Method 'A0A0SystemCollectionsGenericIEnumerator1A0A0SystemCollectionsGenericDictionary2EntryA0SystemInt32A0SystemUInt32A0SystemSZArrayHelperGetEnumeratorA0A0SystemCollectionsGeEA9920417A8084E25170A27134FD1F7B', ID = '5081'
Method 'A0SystemVoidA0SystemSZArrayHelperCopyToA0A0SystemCollectionsGenericDictionary2EntryA0SystemInt32A0SystemUInt32A0A0A0SystemCollectionsGenericDictionary2EntryA0SystemInt3FEDE257FB150DCCBB4D8263E6202BCEA', ID = '5082'
Method 'A0SystemInt32A0SystemSZArrayHelperget_CountA0A0SystemCollectionsGenericDictionary2EntryA0SystemInt32A0SystemUInt32', ID = '5083'
Method 'A0A0SystemCollectionsGenericDictionary2EntryA0SystemInt32A0SystemUInt32A0SystemSZArrayHelperget_ItemA0A0SystemCollectionsGenericDictionary2EntryA0SystemInt32A0SystemUInt32A0SystemInt32', ID = '5084'
Method 'A0SystemVoidA0SystemSZArrayHelperset_ItemA0A0SystemCollectionsGenericDictionary2EntryA0SystemInt32A0SystemUInt32A0SystemInt32A0A0SystemCollectionsGenericDictionary2EntryA0SystemInt32A0SystemUInt32', ID = '5085'
Method 'A0SystemVoidA0SystemSZArrayHelperAddA0A0SystemCollectionsGenericDictionary2EntryA0SystemInt32A0SystemUInt32A0A0SystemCollectionsGenericDictionary2EntryA0SystemInt32A0SystemUInt32', ID = '5086'
Method 'A0SystemBooleanA0SystemSZArrayHelperContainsA0A0SystemCollectionsGenericDictionary2EntryA0SystemInt32A0SystemUInt32A0A0SystemCollectionsGenericDictionary2EntryA0SystemInt32A0SystemUInt32', ID = '5087'
Method 'A0SystemBooleanA0SystemSZArrayHelperget_IsReadOnlyA0A0SystemCollectionsGenericDictionary2EntryA0SystemInt32A0SystemUInt32', ID = '5088'
Method 'A0SystemVoidA0SystemSZArrayHelperClearA0A0SystemCollectionsGenericDictionary2EntryA0SystemInt32A0SystemUInt32', ID = '5089'
Method 'A0SystemInt32A0SystemSZArrayHelperIndexOfA0A0SystemCollectionsGenericDictionary2EntryA0SystemInt32A0SystemUInt32A0A0SystemCollectionsGenericDictionary2EntryA0SystemInt32A0SystemUInt32', ID = '5090'
Method 'A0SystemVoidA0SystemSZArrayHelperInsertA0A0SystemCollectionsGenericDictionary2EntryA0SystemInt32A0SystemUInt32A0SystemInt32A0A0SystemCollectionsGenericDictionary2EntryA0SystemInt32A0SystemUInt32', ID = '5091'
Method 'A0SystemBooleanA0SystemSZArrayHelperRemoveA0A0SystemCollectionsGenericDictionary2EntryA0SystemInt32A0SystemUInt32A0A0SystemCollectionsGenericDictionary2EntryA0SystemInt32A0SystemUInt32', ID = '5092'
Method 'A0SystemVoidA0SystemSZArrayHelperRemoveAtA0A0SystemCollectionsGenericDictionary2EntryA0SystemInt32A0SystemUInt32A0SystemInt32', ID = '5093'
Method 'A0SystemVoidA8A8CosmosIL2CPUSZArrayImpl1GetEnumeratord__0A13SystemDrawingColorSystemIDisposableDispose', ID = '5105'
Method 'A0SystemBooleanA8A8CosmosIL2CPUSZArrayImpl1GetEnumeratord__0A13SystemDrawingColorMoveNext', ID = '5106'
Method 'A0SystemVoidA2CosmosCore_PlugsMemoryOperationsImplFill16BlocksA0SystemBytepointerA0SystemInt32A0SystemInt32', ID = '5107'
Method 'A0SystemVoidA13SystemDrawingColorCheckByteg__ThrowOutOfByteRangesLine327_0A0SystemInt32A0SystemString', ID = '5112'
Method 'A0SystemVoidA0SystemTextEncodingSetDefaultFallbacks', ID = '5114'
Method 'A0SystemVoidA2CosmosCore_PlugsSystemThreadingTasksTaskImplCctor', ID = '5116'
Method 'A0SystemVoidA0SystemBufferMemoryCopyA0SystemVoidpointerA0SystemVoidpointerA0SystemInt64A0SystemInt64', ID = '5118'
Method 'SystemVoidA0A0SystemReadOnlySpan1A0SystemCharctorA0A0SystemChararray', ID = '5119'
Method 'A0SystemIOStreamA4CosmosSystemConsoleOpenStandardError', ID = '5120'
Method 'SystemVoidA0A0SystemSZGenericArrayEnumerator1A6CosmosHALPITPITTimercctor', ID = '5121'
Method 'A0SystemVoidA0A0SystemSZGenericArrayEnumerator1A6CosmosHALPITPITTimerDispose', ID = '5122'
Method 'A0SystemBooleanA0A0SystemSZGenericArrayEnumerator1A6CosmosHALPITPITTimerMoveNext', ID = '5123'
Method 'A0SystemBooleanA0SystemRuntimeCompilerServicesRuntimeHelpersIsBitwiseEquatableA6CosmosHALPITPITTimer', ID = '5124'
Method 'A0SystemInt32A0InternalRuntimeCompilerServicesUnsafeSizeOfA6CosmosHALPITPITTimer', ID = '5125'
Method 'A0SystemByteA0InternalRuntimeCompilerServicesUnsafeAsA6CosmosHALPITPITTimerA0SystemByteA6CosmosHALPITPITTimer', ID = '5126'
Method 'A0SystemCharA0InternalRuntimeCompilerServicesUnsafeAsA6CosmosHALPITPITTimerA0SystemCharA6CosmosHALPITPITTimer', ID = '5127'
Method 'A0SystemInt32A0InternalRuntimeCompilerServicesUnsafeAsA6CosmosHALPITPITTimerA0SystemInt32A6CosmosHALPITPITTimer', ID = '5128'
Method 'A0SystemInt64A0InternalRuntimeCompilerServicesUnsafeAsA6CosmosHALPITPITTimerA0SystemInt64A6CosmosHALPITPITTimer', ID = '5129'
Method 'A0A0SystemCollectionsGenericEqualityComparer1A6CosmosHALPITPITTimerA0A0SystemCollectionsGenericEqualityComparer1A6CosmosHALPITPITTimerget_Default', ID = '5130'
Method 'A0SystemInt32A0A0SystemCollectionsGenericEqualityComparer1A6CosmosHALPITPITTimerIndexOfA6A6CosmosHALPITPITTimerarrayA6CosmosHALPITPITTimerA0SystemInt32A0SystemInt32', ID = '5131'
Method 'SystemVoidA8A8CosmosIL2CPUSZArrayImpl1GetEnumeratord__0A6CosmosHALPITPITTimerctorA0SystemInt32', ID = '5132'
Method 'A0SystemTextEncodingA3CosmosSystem_PlugsSystemConsoleImplget_InputEncoding', ID = '5134'
Method 'SystemVoidA14A14SystemCollectionsGenericStack1A4CosmosSystemKeyEventctor', ID = '5136'
Method 'SystemVoidA4CosmosSystemIOSyncTextReaderctorA0SystemIOTextReader', ID = '5137'
Method 'A0A0SystemChararrayA0SystemGCAllocateUninitializedArrayg__AllocateNewUninitializedArraysLine66_0A0SystemCharA0SystemInt32A0SystemBoolean', ID = '5138'
Method 'SystemVoidA0A0SystemCollectionsGenericEqualityComparer1A0SystemStringcctor', ID = '5139'
Method 'A0SystemStringA0SystemSRget_Arg_PlatformNotSupported', ID = '5143'
Method 'A0A0SystemRuntimeIntrinsicsVector1281A0SystemByteA0SystemRuntimeIntrinsicsVector128Createg__SoftwareFallbacksLine30_0A0SystemByteA0SystemByteA0SystemByteA0SystemByteA0S35C55A90FDE9FCF0C1D92AE658FF07FF', ID = '5144'
Method 'A0A0SystemRuntimeIntrinsicsVector1281A0SystemUInt64A0SystemRuntimeIntrinsicsVector128AsA0SystemUInt16A0SystemUInt64A0A0SystemRuntimeIntrinsicsVector1281A0SystemUInt16', ID = '5146'
Method 'A0A0SystemRuntimeIntrinsicsVector1281A0SystemByteA0SystemRuntimeIntrinsicsVector128AsA0SystemUInt64A0SystemByteA0A0SystemRuntimeIntrinsicsVector1281A0SystemUInt64', ID = '5147'
Method 'A0A0SystemRuntimeIntrinsicsVector1281A0SystemUInt32A0SystemRuntimeIntrinsicsVector128AsA0SystemByteA0SystemUInt32A0A0SystemRuntimeIntrinsicsVector1281A0SystemByte', ID = '5149'
Method 'A0A0SystemRuntimeIntrinsicsVector1281A0SystemUInt64A0SystemRuntimeIntrinsicsVector128AsA0SystemByteA0SystemUInt64A0A0SystemRuntimeIntrinsicsVector1281A0SystemByte', ID = '5150'
Method 'SystemVoidA0SystemIntPtrctorA0SystemInt64', ID = '5151'
Method 'A0A0SystemNumericsVector1A0SystemUInt16A0InternalRuntimeCompilerServicesUnsafeReadA0A0SystemNumericsVector1A0SystemUInt16A0SystemVoidpointer', ID = '5152'
Method 'A0SystemUIntPtrA0InternalRuntimeCompilerServicesUnsafeReadUnalignedA0SystemUIntPtrA0SystemByte', ID = '5153'
Method 'A0SystemBooleanA0SystemCharEqualsA0SystemChar', ID = '5154'
Method 'A0SystemBooleanA2CosmosCore_PlugsSystemRuntimeCompilerServicesRuntimeHelpersImplIsReferenceOrContainsReferencesA0SystemString', ID = '5155'
Method 'SystemVoidA2A2CosmosCore_PlugsSystemBuffersArrayPoolImpl1A0SystemInt32cctor', ID = '5156'
Method 'A0SystemVoidA3CosmosSystem_PlugsSystemIOFileStreamImplInitA0SystemStringA0SystemIOFileModeA0SystemIOStream', ID = '5159'
Method 'SystemVoidA0SystemGlobalizationTimeSpanFormatcctor', ID = '5160'
Method 'A0A0SystemValueTuple2A0SystemUInt64A0SystemUInt64A0SystemMathDivRemA0SystemUInt64A0SystemUInt64', ID = '5162'
Method 'A0SystemInt32A0SystemBuffersTextFormattingHelpersCountDecimalTrailingZerosA0SystemUInt32A0SystemUInt32', ID = '5164'
Method 'A0SystemVoidA0SystemGlobalizationTimeSpanFormatWriteDigitsA0SystemUInt32A0A0SystemSpan1A0SystemChar', ID = '5165'
Method 'A0SystemVoidA0SystemGlobalizationTimeSpanFormatWriteTwoDigitsA0SystemUInt32A0A0SystemSpan1A0SystemChar', ID = '5166'
Method 'A0SystemGlobalizationDateTimeFormatInfoA0SystemGlobalizationDateTimeFormatInfoget_CurrentInfo', ID = '5167'
Method 'A0SystemStringA2CosmosCore_PlugsSystemGlobalizationDateTimeFormatInfoImplget_DecimalSeparator', ID = '5168'
Method 'A0SystemTextStringBuilderA0SystemTextStringBuilderCacheAcquireA0SystemInt32', ID = '5169'
Method 'A0SystemInt32A0SystemDateTimeFormatParseRepeatPatternA0A0SystemReadOnlySpan1A0SystemCharA0SystemInt32A0SystemChar', ID = '5170'
Method 'A0SystemVoidA0SystemDateTimeFormatFormatDigitsA0SystemTextStringBuilderA0SystemInt32A0SystemInt32', ID = '5171'
Method 'A0SystemInt64A0SystemGlobalizationTimeSpanParsePow10A0SystemInt32', ID = '5172'
Method 'A0SystemTextStringBuilderA0SystemTextStringBuilderAppendSpanFormattableA0SystemInt64A0SystemInt64A0SystemStringA0SystemIFormatProvider', ID = '5175'
Method 'A0SystemVoidA0SystemDateTimeFormatFormatDigitsA0SystemTextStringBuilderA0SystemInt32A0SystemInt32A0SystemBoolean', ID = '5176'
Method 'A0SystemInt32A0SystemDateTimeFormatParseQuoteStringA0A0SystemReadOnlySpan1A0SystemCharA0SystemInt32A0SystemTextStringBuilder', ID = '5177'
Method 'A0SystemInt32A0SystemDateTimeFormatParseNextCharA0A0SystemReadOnlySpan1A0SystemCharA0SystemInt32', ID = '5178'
Method 'A0A0SystemReadOnlySpan1A0SystemCharA0SystemRuntimeInteropServicesMemoryMarshalCreateReadOnlySpanA0SystemCharA0SystemCharA0SystemInt32', ID = '5179'
Method 'A0SystemStringA0SystemSRget_Arg_NegativeArgCount', ID = '5180'
Method 'A0SystemStringA0SystemSRget_Arg_LongerThanSrcString', ID = '5181'
Method 'A0SystemInt32A0SystemTextStringBuilderget_Capacity', ID = '5183'
Method 'A0SystemBooleanA2CosmosCore_PlugsSystemRuntimeTypeHandleImplIsGenericVariableA0SystemObject', ID = '5187'
Method 'A0A0SystemTypearrayA0SystemRuntimeTypeGetGenericParameterConstraints', ID = '5189'
Method 'A0SystemStringA0SystemSRget_Arg_NotGenericParameter', ID = '5190'
Method 'A0SystemBooleanA0SystemRuntimeTypeget_IsGenericParameter', ID = '5191'
Method 'A0SystemReflectionGenericParameterAttributesA0SystemRuntimeTypeget_GenericParameterAttributes', ID = '5193'
Method 'A0SystemObjectA2CosmosCore_PlugsSystemRuntimeTypeHandleImplGetBaseTypeA0SystemObject', ID = '5194'
Method 'SystemVoidA0SystemRuntimeTypeHandlectorA0SystemRuntimeType', ID = '5203'
Method 'A0SystemStringA0SystemRuntimeTypeHandleConstructNameA0SystemTypeNameFormatFlags', ID = '5204'
Method 'A0SystemBooleanA0SystemTypeget_HasElementType', ID = '5206'
Method 'A0SystemBooleanA0SystemRuntimeTypeget_IsGenericTypeDefinition', ID = '5207'
Method 'A0SystemBooleanA0SystemRuntimeTypeget_ContainsGenericParameters', ID = '5208'
Method 'A0SystemBooleanA0SystemTypeget_IsGenericType', ID = '5209'
Method 'A0A0SystemTypearrayA0SystemTypeGetGenericArguments', ID = '5210'
Method 'A0SystemStringA0SystemSRget_Arg_InvalidOperationException', ID = '5211'
Method 'SystemVoidA0SystemParamsArraycctor', ID = '5212'
Method 'A0SystemVoidA0SystemTextValueStringBuilderThrowFormatError', ID = '5213'
Method 'A0SystemStringA0SystemSRget_Format_IndexOutOfRange', ID = '5214'
Method 'A0SystemObjectA0SystemParamsArrayget_ItemA0SystemInt32', ID = '5215'
Method 'A0SystemStringA11CosmosCommonStringHelperGetNumberStringA0SystemSingle', ID = '5218'
Method 'A0SystemStringA0SystemNumberFormatSingleA0SystemTextValueStringBuilderA0SystemSingleA0A0SystemReadOnlySpan1A0SystemCharA0SystemGlobalizationNumberFormatInfo', ID = '5219'
Method 'SystemVoidA0SystemGlobalizationCultureDatactor', ID = '5220'
Method 'A0SystemBooleanA0SystemGlobalizationCultureInfoget_UseUserOverride', ID = '5224'
Method 'A0SystemBooleanA0SystemGlobalizationSortVersionEqualsA0SystemGlobalizationSortVersion', ID = '5227'
Method 'SystemVoidA0SystemGlobalizationTextInfoctorA0SystemGlobalizationCultureData', ID = '5228'
Method 'A0SystemVoidA0SystemGlobalizationTextInfoSetReadOnlyStateA0SystemBoolean', ID = '5229'
Method 'A0A0SystemGlobalizationCalendarIdarrayA0InternalRuntimeCompilerServicesUnsafeAsA0A0SystemGlobalizationCalendarIdarrayA0SystemObject', ID = '5231'
Method 'SystemVoidA0A0SystemSZGenericArrayEnumerator1A0SystemGlobalizationCalendarIdctorA0A0SystemGlobalizationCalendarIdarray', ID = '5232'
Method 'A0SystemInt32A0SystemArrayIndexOfA0SystemGlobalizationCalendarIdA0A0SystemGlobalizationCalendarIdarrayA0SystemGlobalizationCalendarIdA0SystemInt32A0SystemInt32', ID = '5235'
Method 'A0A0SystemCollectionsGenericIEnumerator1A0SystemGlobalizationCalendarIdA8A8CosmosIL2CPUSZArrayImpl1A0SystemGlobalizationCalendarIdGetEnumerator', ID = '5236'
Method 'A0SystemVoidA8A8CosmosIL2CPUSZArrayImpl1A0SystemGlobalizationCalendarIdCopyToA0A0SystemGlobalizationCalendarIdarrayA0SystemInt32', ID = '5237'
Method 'A0SystemInt32A8A8CosmosIL2CPUSZArrayImpl1A0SystemGlobalizationCalendarIdget_Count', ID = '5238'
Method 'A0SystemGlobalizationCalendarIdA8A8CosmosIL2CPUSZArrayImpl1A0SystemGlobalizationCalendarIdget_ItemA0SystemInt32', ID = '5239'
Method 'A0SystemVoidA8A8CosmosIL2CPUSZArrayImpl1A0SystemGlobalizationCalendarIdset_ItemA0SystemInt32A0SystemGlobalizationCalendarId', ID = '5240'
Method 'A0SystemVoidA8A8CosmosIL2CPUSZArrayImpl1A0SystemGlobalizationCalendarIdAddA0SystemGlobalizationCalendarId', ID = '5241'
Method 'A0SystemBooleanA8A8CosmosIL2CPUSZArrayImpl1A0SystemGlobalizationCalendarIdContainsA0SystemGlobalizationCalendarId', ID = '5242'
Method 'A0SystemBooleanA8A8CosmosIL2CPUSZArrayImpl1A0SystemGlobalizationCalendarIdget_IsReadOnly', ID = '5243'
Method 'A0SystemVoidA8A8CosmosIL2CPUSZArrayImpl1A0SystemGlobalizationCalendarIdClear', ID = '5244'
Method 'A0SystemInt32A8A8CosmosIL2CPUSZArrayImpl1A0SystemGlobalizationCalendarIdIndexOfA0SystemGlobalizationCalendarId', ID = '5245'
Method 'A0SystemVoidA8A8CosmosIL2CPUSZArrayImpl1A0SystemGlobalizationCalendarIdInsertA0SystemInt32A0SystemGlobalizationCalendarId', ID = '5246'
Method 'A0SystemVoidA8A8CosmosIL2CPUSZArrayImpl1A0SystemGlobalizationCalendarIdRemoveAtA0SystemInt32', ID = '5247'
Method 'A0SystemBooleanA8A8CosmosIL2CPUSZArrayImpl1A0SystemGlobalizationCalendarIdget_IsFixedSize', ID = '5248'
Method 'A0SystemVoidA8A8CosmosIL2CPUSZArrayImpl1A0SystemGlobalizationCalendarIdRemoveA0SystemGlobalizationCalendarId', ID = '5249'
Method 'A0SystemObjectA8A8CosmosIL2CPUSZArrayImpl1A0SystemGlobalizationCalendarIdget_SyncRoot', ID = '5250'
Method 'A0SystemBooleanA8A8CosmosIL2CPUSZArrayImpl1A0SystemGlobalizationCalendarIdget_IsSynchronized', ID = '5251'
Method 'A0A0SystemGlobalizationDateTimeFormatInfoTokenHashValuearrayA0InternalRuntimeCompilerServicesUnsafeAsA0A0SystemGlobalizationDateTimeFormatInfoTokenHashValuearrayA0SystemObject', ID = '5253'
Method 'SystemVoidA0A0SystemSZGenericArrayEnumerator1A0SystemGlobalizationDateTimeFormatInfoTokenHashValuectorA0A0SystemGlobalizationDateTimeFormatInfoTokenHashValuearray', ID = '5254'
Method 'A0SystemInt32A0SystemArrayIndexOfA0SystemGlobalizationDateTimeFormatInfoTokenHashValueA0A0SystemGlobalizationDateTimeFormatInfoTokenHashValuearrayA0SystemGlobalizationD564F2E965654262488A06C81F87BDE53', ID = '5258'
Method 'A0A0SystemCollectionsGenericIEnumerator1A0SystemGlobalizationDateTimeFormatInfoTokenHashValueA8A8CosmosIL2CPUSZArrayImpl1A0SystemGlobalizationDateTimeFormatInfoTokenHashValueGetEnumerator', ID = '5259'
Method 'A0SystemVoidA8A8CosmosIL2CPUSZArrayImpl1A0SystemGlobalizationDateTimeFormatInfoTokenHashValueCopyToA0A0SystemGlobalizationDateTimeFormatInfoTokenHashValuearrayA0SystemInt32', ID = '5260'
Method 'A0SystemInt32A8A8CosmosIL2CPUSZArrayImpl1A0SystemGlobalizationDateTimeFormatInfoTokenHashValueget_Count', ID = '5261'
Method 'A0SystemGlobalizationDateTimeFormatInfoTokenHashValueA8A8CosmosIL2CPUSZArrayImpl1A0SystemGlobalizationDateTimeFormatInfoTokenHashValueget_ItemA0SystemInt32', ID = '5262'
Method 'A0SystemVoidA8A8CosmosIL2CPUSZArrayImpl1A0SystemGlobalizationDateTimeFormatInfoTokenHashValueset_ItemA0SystemInt32A0SystemGlobalizationDateTimeFormatInfoTokenHashValue', ID = '5263'
Method 'A0SystemVoidA8A8CosmosIL2CPUSZArrayImpl1A0SystemGlobalizationDateTimeFormatInfoTokenHashValueAddA0SystemGlobalizationDateTimeFormatInfoTokenHashValue', ID = '5264'
Method 'A0SystemBooleanA8A8CosmosIL2CPUSZArrayImpl1A0SystemGlobalizationDateTimeFormatInfoTokenHashValueContainsA0SystemGlobalizationDateTimeFormatInfoTokenHashValue', ID = '5265'
Method 'A0SystemBooleanA8A8CosmosIL2CPUSZArrayImpl1A0SystemGlobalizationDateTimeFormatInfoTokenHashValueget_IsReadOnly', ID = '5266'
Method 'A0SystemVoidA8A8CosmosIL2CPUSZArrayImpl1A0SystemGlobalizationDateTimeFormatInfoTokenHashValueClear', ID = '5267'
Method 'A0SystemInt32A8A8CosmosIL2CPUSZArrayImpl1A0SystemGlobalizationDateTimeFormatInfoTokenHashValueIndexOfA0SystemGlobalizationDateTimeFormatInfoTokenHashValue', ID = '5268'
Method 'A0SystemVoidA8A8CosmosIL2CPUSZArrayImpl1A0SystemGlobalizationDateTimeFormatInfoTokenHashValueInsertA0SystemInt32A0SystemGlobalizationDateTimeFormatInfoTokenHashValue', ID = '5269'
Method 'A0SystemVoidA8A8CosmosIL2CPUSZArrayImpl1A0SystemGlobalizationDateTimeFormatInfoTokenHashValueRemoveAtA0SystemInt32', ID = '5270'
Method 'A0SystemBooleanA8A8CosmosIL2CPUSZArrayImpl1A0SystemGlobalizationDateTimeFormatInfoTokenHashValueget_IsFixedSize', ID = '5271'
Method 'A0SystemVoidA8A8CosmosIL2CPUSZArrayImpl1A0SystemGlobalizationDateTimeFormatInfoTokenHashValueRemoveA0SystemGlobalizationDateTimeFormatInfoTokenHashValue', ID = '5272'
Method 'A0SystemObjectA8A8CosmosIL2CPUSZArrayImpl1A0SystemGlobalizationDateTimeFormatInfoTokenHashValueget_SyncRoot', ID = '5273'
Method 'A0SystemBooleanA8A8CosmosIL2CPUSZArrayImpl1A0SystemGlobalizationDateTimeFormatInfoTokenHashValueget_IsSynchronized', ID = '5274'
Method 'A0A0SystemGlobalizationCalendarDataarrayA0InternalRuntimeCompilerServicesUnsafeAsA0A0SystemGlobalizationCalendarDataarrayA0SystemObject', ID = '5276'
Method 'SystemVoidA0A0SystemSZGenericArrayEnumerator1A0SystemGlobalizationCalendarDatactorA0A0SystemGlobalizationCalendarDataarray', ID = '5277'
Method 'A0SystemInt32A0SystemArrayIndexOfA0SystemGlobalizationCalendarDataA0A0SystemGlobalizationCalendarDataarrayA0SystemGlobalizationCalendarDataA0SystemInt32A0SystemInt32', ID = '5280'
Method 'A0A0SystemCollectionsGenericIEnumerator1A0SystemGlobalizationCalendarDataA8A8CosmosIL2CPUSZArrayImpl1A0SystemGlobalizationCalendarDataGetEnumerator', ID = '5281'
Method 'A0SystemVoidA8A8CosmosIL2CPUSZArrayImpl1A0SystemGlobalizationCalendarDataCopyToA0A0SystemGlobalizationCalendarDataarrayA0SystemInt32', ID = '5282'
Method 'A0SystemInt32A8A8CosmosIL2CPUSZArrayImpl1A0SystemGlobalizationCalendarDataget_Count', ID = '5283'
Method 'A0SystemGlobalizationCalendarDataA8A8CosmosIL2CPUSZArrayImpl1A0SystemGlobalizationCalendarDataget_ItemA0SystemInt32', ID = '5284'
Method 'A0SystemVoidA8A8CosmosIL2CPUSZArrayImpl1A0SystemGlobalizationCalendarDataset_ItemA0SystemInt32A0SystemGlobalizationCalendarData', ID = '5285'
Method 'A0SystemVoidA8A8CosmosIL2CPUSZArrayImpl1A0SystemGlobalizationCalendarDataAddA0SystemGlobalizationCalendarData', ID = '5286'
Method 'A0SystemBooleanA8A8CosmosIL2CPUSZArrayImpl1A0SystemGlobalizationCalendarDataContainsA0SystemGlobalizationCalendarData', ID = '5287'
Method 'A0SystemBooleanA8A8CosmosIL2CPUSZArrayImpl1A0SystemGlobalizationCalendarDataget_IsReadOnly', ID = '5288'
Method 'A0SystemVoidA8A8CosmosIL2CPUSZArrayImpl1A0SystemGlobalizationCalendarDataClear', ID = '5289'
Method 'A0SystemInt32A8A8CosmosIL2CPUSZArrayImpl1A0SystemGlobalizationCalendarDataIndexOfA0SystemGlobalizationCalendarData', ID = '5290'
Method 'A0SystemVoidA8A8CosmosIL2CPUSZArrayImpl1A0SystemGlobalizationCalendarDataInsertA0SystemInt32A0SystemGlobalizationCalendarData', ID = '5291'
Method 'A0SystemVoidA8A8CosmosIL2CPUSZArrayImpl1A0SystemGlobalizationCalendarDataRemoveAtA0SystemInt32', ID = '5292'
Method 'A0SystemBooleanA8A8CosmosIL2CPUSZArrayImpl1A0SystemGlobalizationCalendarDataget_IsFixedSize', ID = '5293'
Method 'A0SystemVoidA8A8CosmosIL2CPUSZArrayImpl1A0SystemGlobalizationCalendarDataRemoveA0SystemGlobalizationCalendarData', ID = '5294'
Method 'A0SystemObjectA8A8CosmosIL2CPUSZArrayImpl1A0SystemGlobalizationCalendarDataget_SyncRoot', ID = '5295'
Method 'A0SystemBooleanA8A8CosmosIL2CPUSZArrayImpl1A0SystemGlobalizationCalendarDataget_IsSynchronized', ID = '5296'
Method 'A0SystemBooleanA0SystemGlobalizationGlobalizationModeSettingsget_Invariant', ID = '5298'
Method 'A0SystemStringA0SystemGlobalizationCultureDataget_Name', ID = '5299'
Method 'A0SystemStringA3CosmosSystem_PlugsSystemGlobalizationCultureDataImplGetLocaleInfoCoreUserOverrideA0SystemUInt32', ID = '5301'
Method 'A0SystemInt32A0SystemGlobalizationCultureDataIcuGetLocaleInfoA0SystemGlobalizationCultureDataLocaleNumberData', ID = '5303'
Method 'A0SystemBooleanA0SystemGlobalizationGlobalizationModeget_UseNls', ID = '5304'
Method 'A0SystemInt32A0SystemGlobalizationIcuLocaleDataGetLocaleDataNumericPartA0SystemStringA0SystemGlobalizationIcuLocaleDataParts', ID = '5305'
Method 'A0A0SystemInt32arrayA3CosmosSystem_PlugsSystemGlobalizationCultureDataImplget_NumberGroupSizes', ID = '5307'
Method 'A0A0SystemInt32arrayA3CosmosSystem_PlugsSystemGlobalizationCultureDataImplget_CurrencyGroupSizes', ID = '5308'
Method 'A0SystemInt32A0SystemGlobalizationCultureDataGetLocaleInfoCoreA0SystemGlobalizationCultureDataLocaleNumberData', ID = '5309'
Method 'A0SystemStringA3CosmosSystem_PlugsSystemGlobalizationCultureDataImplget_PercentSymbol', ID = '5310'
Method 'A0SystemStringA3CosmosSystem_PlugsSystemGlobalizationCultureDataImplget_PerMilleSymbol', ID = '5311'
Method 'A0SystemStringA3CosmosSystem_PlugsSystemGlobalizationCultureDataImplget_NegativeInfinitySymbol', ID = '5312'
Method 'A0SystemStringA3CosmosSystem_PlugsSystemGlobalizationCultureDataImplget_PositiveInfinitySymbol', ID = '5313'
Method 'A0SystemStringA3CosmosSystem_PlugsSystemGlobalizationCultureDataImplget_NaNSymbol', ID = '5314'
Method 'A0SystemGlobalizationCalendarA3CosmosSystem_PlugsSystemGlobalizationCultureDataImplget_DefaultCalendar', ID = '5316'
Method 'A0SystemVoidA2CosmosCore_PlugsSystemThreadingInterlockedImplMemoryBarrier', ID = '5317'
Method 'A0SystemStringA0SystemGlobalizationCultureDataDateSeparatorA0SystemGlobalizationCalendarId', ID = '5323'
Method 'A0SystemTextStringBuilderA0SystemTextStringBuilderAppendA0SystemCharpointerA0SystemInt32', ID = '5329'
Method 'A0SystemBooleanA2CosmosCore_PlugsRuntimeIntrinsicsX86LzcntImplget_IsSupported', ID = '5333'
Method 'A0A0SystemReadOnlySpan1A0SystemByteA0SystemNumericsBitOperationsget_Log2DeBruijn', ID = '5334'
Method 'SystemVoidA0SystemNumberBigIntegercctor', ID = '5335'
Method 'A0SystemVoidpointerA0InternalRuntimeCompilerServicesUnsafeAsPointerA0SystemUInt32A0SystemUInt32', ID = '5336'
Method 'A0SystemVoidA0SystemBufferZeroMemoryA0SystemBytepointerA0SystemUIntPtr', ID = '5337'
Method 'A0SystemBooleanA0SystemDoubleIsInfinityA0SystemDouble', ID = '5339'
Method 'A0SystemVoidA0SystemBufferMemmoveA0SystemUInt32A0SystemUInt32A0SystemUInt32A0SystemUIntPtr', ID = '5340'
Method 'A0SystemTextStringBuilderA0SystemTextStringBuilderFindChunkForIndexA0SystemInt32', ID = '5341'
Method 'A0A0SystemNumericsVector1A0SystemByteA0InternalRuntimeCompilerServicesUnsafeAsA0A0SystemNumericsVector1A0SystemUInt16A0A0SystemNumericsVector1A0SystemByteA0A0SystemNumericsVector1A0SystemUInt16', ID = '5342'
Method 'A0SystemVoidA0SystemThrowHelperThrowForUnsupportedNumericsVectorBaseTypeA0SystemUInt32', ID = '5344'
Method 'A0SystemVoidA0InternalRuntimeCompilerServicesUnsafeSkipInitA0A0SystemNumericsVector1A0SystemUInt32A0A0SystemNumericsVector1A0SystemUInt32', ID = '5345'
Method 'A0SystemVoidA0A0SystemNumericsVector1A0SystemUInt32SetElementA0SystemIntPtrA0SystemUInt32', ID = '5346'
Method 'A0SystemInt32A0A0SystemNumericsVector1A0SystemUInt32get_Count', ID = '5347'
Method 'A0A0SystemNumericsVector1A0SystemByteA0InternalRuntimeCompilerServicesUnsafeAsA0A0SystemNumericsVector1A0SystemUInt32A0A0SystemNumericsVector1A0SystemByteA0A0SystemNumericsVector1A0SystemUInt32', ID = '5348'
Method 'A0SystemVoidA0SystemThrowHelperThrowForUnsupportedNumericsVectorBaseTypeA0SystemSingle', ID = '5350'
Method 'A0SystemVoidA0InternalRuntimeCompilerServicesUnsafeSkipInitA0A0SystemNumericsVector1A0SystemSingleA0A0SystemNumericsVector1A0SystemSingle', ID = '5351'
Method 'A0SystemVoidA0A0SystemNumericsVector1A0SystemSingleSetElementA0SystemIntPtrA0SystemSingle', ID = '5352'
Method 'A0SystemInt32A0A0SystemNumericsVector1A0SystemSingleget_Count', ID = '5353'
Method 'A0A0SystemNumericsVector1A0SystemByteA0InternalRuntimeCompilerServicesUnsafeAsA0A0SystemNumericsVector1A0SystemSingleA0A0SystemNumericsVector1A0SystemByteA0A0SystemNumericsVector1A0SystemSingle', ID = '5354'
Method 'A0SystemVoidA0InternalRuntimeCompilerServicesUnsafeSkipInitA0A0SystemNumericsVector1A0SystemUInt64A0A0SystemNumericsVector1A0SystemUInt64', ID = '5355'
Method 'A0SystemVoidA0A0SystemNumericsVector1A0SystemUInt64SetElementA0SystemIntPtrA0SystemUInt64', ID = '5356'
Method 'A0A0SystemNumericsVector1A0SystemByteA0InternalRuntimeCompilerServicesUnsafeAsA0A0SystemNumericsVector1A0SystemUInt64A0A0SystemNumericsVector1A0SystemByteA0A0SystemNumericsVector1A0SystemUInt64', ID = '5357'
Method 'A0SystemVoidA0SystemThrowHelperThrowForUnsupportedNumericsVectorBaseTypeA0SystemDouble', ID = '5359'
Method 'A0SystemVoidA0InternalRuntimeCompilerServicesUnsafeSkipInitA0A0SystemNumericsVector1A0SystemDoubleA0A0SystemNumericsVector1A0SystemDouble', ID = '5360'
Method 'A0SystemVoidA0A0SystemNumericsVector1A0SystemDoubleSetElementA0SystemIntPtrA0SystemDouble', ID = '5361'
Method 'A0SystemInt32A0A0SystemNumericsVector1A0SystemDoubleget_Count', ID = '5362'
Method 'A0A0SystemNumericsVector1A0SystemByteA0InternalRuntimeCompilerServicesUnsafeAsA0A0SystemNumericsVector1A0SystemDoubleA0A0SystemNumericsVector1A0SystemByteA0A0SystemNumericsVector1A0SystemDouble', ID = '5363'
Method 'A0SystemVoidA0InternalRuntimeCompilerServicesUnsafeWriteUnalignedA0A0SystemRuntimeIntrinsicsVector1281A0SystemByteA0SystemByteA0A0SystemRuntimeIntrinsicsVector1281A0SystemByte', ID = '5364'
Method 'A0A0SystemRuntimeIntrinsicsVector2561A0SystemByteA0SystemRuntimeIntrinsicsVector128ToVector256UnsafeA0SystemByteA0A0SystemRuntimeIntrinsicsVector1281A0SystemByte', ID = '5365'
Method 'A0A0SystemRuntimeIntrinsicsVector2561A0SystemByteA0SystemRuntimeIntrinsicsVector256WithUpperA0SystemByteA0A0SystemRuntimeIntrinsicsVector2561A0SystemByteA0A0SystemRuntiD9E7175F5A9550E971EF90A2DDEADDAF', ID = '5366'
Method 'A0A0SystemRuntimeIntrinsicsVector2561A0SystemByteA0SystemRuntimeIntrinsicsVector256Createg__SoftwareFallbacksLine34_0A0A0SystemRuntimeIntrinsicsVector1281A0SystemByteA0594B8F8671A3AA3F9E1A0C01BEF3590B', ID = '5367'
Method 'A0A0SystemNumericsVector1A0SystemByteA0InternalRuntimeCompilerServicesUnsafeAsA0A0SystemRuntimeIntrinsicsVector2561A0SystemByteA0A0SystemNumericsVector1A0SystemByteA0A04F36F6B6EF5612B6A57C5411D0445414', ID = '5368'
Method 'A0SystemObjectA0SystemTextASCIIEncodingASCIIEncodingSealedClone', ID = '5369'
Method 'SystemVoidA0SystemTextUTF8EncodingctorA0SystemBooleanA0SystemBoolean', ID = '5374'
Method 'A0SystemVoidA0SystemTextEncoderReset', ID = '5375'
Method 'A0SystemStringA0SystemSRget_ObjectDisposed_WriterClosed', ID = '5377'
Method 'SystemVoidA0SystemObjectDisposedExceptionctorA0SystemStringA0SystemString', ID = '5378'
Method 'A0SystemVoidA3CosmosSystem_PlugsSystemIOFileStreamImplWriteA0A0SystemReadOnlySpan1A0SystemByteA0SystemIOStream', ID = '5379'
Method 'A0SystemVoidA4CosmosSystemConsoleWriteA0A0SystemReadOnlySpan1A0SystemByte', ID = '5380'
Method 'A0A0SystemBuffersArrayPool1A0SystemByteA2A2CosmosCore_PlugsSystemBuffersArrayPoolImpl1A0SystemByteget_Shared', ID = '5382'
Method 'A0SystemVoidA0SystemBufferMemmoveA0SystemByteA0SystemByteA0SystemByteA0SystemUIntPtr', ID = '5383'
Method 'A0SystemVoidA4CosmosSystemIOConsoleStreamWriteA0A0SystemBytearrayA0SystemInt32A0SystemInt32', ID = '5385'
Method 'A0SystemVoidA0SystemIOStreamNullStreamWriteA0A0SystemBytearrayA0SystemInt32A0SystemInt32', ID = '5386'
Method 'A0SystemStringA0SystemSRget_ArgumentOutOfRange_GetByteCountOverflow', ID = '5388'
Method 'A0SystemCharA0InternalRuntimeCompilerServicesUnsafeAsRefA0SystemCharA0SystemVoidpointer', ID = '5389'
Method 'A0SystemByteA0InternalRuntimeCompilerServicesUnsafeAsRefA0SystemByteA0SystemVoidpointer', ID = '5390'
Method 'A0SystemInt32A0SystemTextEncodingDefaultEncoderGetBytesA0SystemCharpointerA0SystemInt32A0SystemBytepointerA0SystemInt32A0SystemBoolean', ID = '5391'
Method 'A0SystemInt32A0SystemTextEncoderNLSGetBytesA0SystemCharpointerA0SystemInt32A0SystemBytepointerA0SystemInt32A0SystemBoolean', ID = '5392'
Method 'A0SystemVoidA3CosmosSystem_PlugsSystemIOFileStreamImplFlushA0SystemIOStream', ID = '5394'
Method 'A0SystemVoidA4CosmosSystemConsoleUpdateCursorFromCache', ID = '5395'
Method 'A0SystemInt32A0InternalRuntimeCompilerServicesUnsafeSizeOfA0SystemDouble', ID = '5396'
Method 'A0SystemDoubleA0InternalRuntimeCompilerServicesUnsafeAsA0A0SystemRuntimeIntrinsicsVector1281A0SystemDoubleA0SystemDoubleA0A0SystemRuntimeIntrinsicsVector1281A0SystemDouble', ID = '5397'
Method 'A0SystemDoubleA0InternalRuntimeCompilerServicesUnsafeAddA0SystemDoubleA0SystemDoubleA0SystemInt32', ID = '5398'
Method 'A0A0SystemRuntimeIntrinsicsVector1281A0SystemSingleA0SystemRuntimeIntrinsicsVector128AsSingleA0SystemDoubleA0A0SystemRuntimeIntrinsicsVector1281A0SystemDouble', ID = '5399'
Method 'A0A0SystemRuntimeIntrinsicsVector1281A0SystemDoubleA0SystemRuntimeIntrinsicsVector128AsDoubleA0SystemDoubleA0A0SystemRuntimeIntrinsicsVector1281A0SystemDouble', ID = '5400'
Method 'A0A0SystemRuntimeIntrinsicsVector1281A0SystemByteA0SystemRuntimeIntrinsicsVector128AsByteA0SystemDoubleA0A0SystemRuntimeIntrinsicsVector1281A0SystemDouble', ID = '5401'
Method 'A0SystemBooleanA0A0SystemRuntimeIntrinsicsVector1281A0SystemDoubleEqualsg__SoftwareFallbacksLine12_0A0A0SystemRuntimeIntrinsicsVector1281A0SystemDoubleA0A0SystemRuntime4140055599B9B8F05DA927F498800CFD', ID = '5402'
Method 'A0SystemInt64A0InternalRuntimeCompilerServicesUnsafeAsA0A0SystemRuntimeIntrinsicsVector1281A0SystemInt64A0SystemInt64A0A0SystemRuntimeIntrinsicsVector1281A0SystemInt64', ID = '5403'
Method 'A0A0SystemRuntimeIntrinsicsVector1281A0SystemSingleA0SystemRuntimeIntrinsicsVector128AsSingleA0SystemInt64A0A0SystemRuntimeIntrinsicsVector1281A0SystemInt64', ID = '5404'
Method 'A0A0SystemRuntimeIntrinsicsVector1281A0SystemByteA0SystemRuntimeIntrinsicsVector128AsByteA0SystemInt64A0A0SystemRuntimeIntrinsicsVector1281A0SystemInt64', ID = '5405'
Method 'A0SystemBooleanA0A0SystemRuntimeIntrinsicsVector1281A0SystemInt64Equalsg__SoftwareFallbacksLine12_0A0A0SystemRuntimeIntrinsicsVector1281A0SystemInt64A0A0SystemRuntimeIntrinsicsVector1281A0SystemInt64', ID = '5406'
Method 'A0SystemCharA0SystemHexConverterToCharLowerA0SystemInt32', ID = '5407'
Method 'SystemVoidA0SystemReflectionModulecompilergeneratedcctor', ID = '5408'
Method 'A0SystemStringA0SystemSRget_InvalidFilterCriteriaException_CritString', ID = '5409'
Method 'SystemVoidA0SystemReflectionInvalidFilterCriteriaExceptionctorA0SystemString', ID = '5410'
Method 'A0SystemBooleanA0SystemMemoryExtensionsStartsWithA0A0SystemReadOnlySpan1A0SystemCharA0A0SystemReadOnlySpan1A0SystemCharA0SystemStringComparison', ID = '5411'
Method 'A0SystemInt32A0A0SystemCollectionsGenericDictionary2A0SystemStringA0SystemReflectionAssemblyInitializeA0SystemInt32', ID = '5421'
Method 'A0A0SystemRuntimeIntrinsicsVector1281A0SystemSingleA0SystemRuntimeIntrinsicsVector128AsA0SystemByteA0SystemSingleA0A0SystemRuntimeIntrinsicsVector1281A0SystemByte', ID = '5424'
Method 'A0A0SystemRuntimeIntrinsicsVector1281A0SystemDoubleA0SystemRuntimeIntrinsicsVector128AsA0SystemByteA0SystemDoubleA0A0SystemRuntimeIntrinsicsVector1281A0SystemByte', ID = '5425'
Method 'A0A0SystemRuntimeIntrinsicsVector1281A0SystemByteA0SystemRuntimeIntrinsicsVector128AsA0SystemByteA0SystemByteA0A0SystemRuntimeIntrinsicsVector1281A0SystemByte', ID = '5426'
Method 'A0SystemStringA0SystemSRget_HashCode_EqualityNotSupported', ID = '5429'
Method 'A0SystemStringA0SystemSRget_HashCode_HashCodeNotSupported', ID = '5430'
Method 'A0SystemVoidA0SystemHashCodeInitializeA0SystemUInt32A0SystemUInt32A0SystemUInt32A0SystemUInt32', ID = '5431'
Method 'A0SystemUInt32A0SystemHashCodeRoundA0SystemUInt32A0SystemUInt32', ID = '5432'
Method 'A0A0SystemRuntimeIntrinsicsVector2561A0SystemSingleA0SystemRuntimeIntrinsicsVector256AsA0SystemByteA0SystemSingleA0A0SystemRuntimeIntrinsicsVector2561A0SystemByte', ID = '5436'
Method 'A0A0SystemRuntimeIntrinsicsVector2561A0SystemDoubleA0SystemRuntimeIntrinsicsVector256AsA0SystemByteA0SystemDoubleA0A0SystemRuntimeIntrinsicsVector2561A0SystemByte', ID = '5439'
Method 'A0A0SystemRuntimeIntrinsicsVector2561A0SystemByteA0SystemRuntimeIntrinsicsVector256AsA0SystemByteA0SystemByteA0A0SystemRuntimeIntrinsicsVector2561A0SystemByte', ID = '5440'
Method 'A0A0SystemRuntimeIntrinsicsVector1281A0SystemInt32A0InternalRuntimeCompilerServicesUnsafeAsRefA0A0SystemRuntimeIntrinsicsVector1281A0SystemInt32A0SystemVoidpointer', ID = '5442'
Method 'A0A0SystemRuntimeIntrinsicsVector1281A0SystemSingleA0SystemRuntimeIntrinsicsVector128AsA0SystemInt32A0SystemSingleA0A0SystemRuntimeIntrinsicsVector1281A0SystemInt32', ID = '5443'
Method 'A0SystemVoidA0SystemThrowHelperThrowForUnsupportedIntrinsicsVectorBaseTypeA0SystemSingle', ID = '5444'
Method 'A0SystemSingleA0InternalRuntimeCompilerServicesUnsafeAsA0A0SystemRuntimeIntrinsicsVector1281A0SystemSingleA0SystemSingleA0A0SystemRuntimeIntrinsicsVector1281A0SystemSingle', ID = '5445'
Method 'A0A0SystemRuntimeIntrinsicsVector1281A0SystemInt64A0InternalRuntimeCompilerServicesUnsafeAsRefA0A0SystemRuntimeIntrinsicsVector1281A0SystemInt64A0SystemVoidpointer', ID = '5446'
Method 'A0A0SystemRuntimeIntrinsicsVector1281A0SystemDoubleA0SystemRuntimeIntrinsicsVector128AsA0SystemInt64A0SystemDoubleA0A0SystemRuntimeIntrinsicsVector1281A0SystemInt64', ID = '5447'
Method 'SystemVoidA0SystemUIntPtrctorA0SystemUInt64', ID = '5448'
Method 'A0SystemBooleanA0A0SystemNumericsVector1A0SystemUInt64op_EqualityA0A0SystemNumericsVector1A0SystemUInt64A0A0SystemNumericsVector1A0SystemUInt64', ID = '5449'
Method 'A0A0SystemRuntimeIntrinsicsVector1281A0SystemSingleA0SystemRuntimeIntrinsicsVector128AsA0SystemUInt16A0SystemSingleA0A0SystemRuntimeIntrinsicsVector1281A0SystemUInt16', ID = '5450'
Method 'A0A0SystemRuntimeIntrinsicsVector1281A0SystemDoubleA0SystemRuntimeIntrinsicsVector128AsA0SystemUInt16A0SystemDoubleA0A0SystemRuntimeIntrinsicsVector1281A0SystemUInt16', ID = '5451'
Method 'A0A0SystemRuntimeIntrinsicsVector2561A0SystemSingleA0SystemRuntimeIntrinsicsVector256AsA0SystemUInt16A0SystemSingleA0A0SystemRuntimeIntrinsicsVector2561A0SystemUInt16', ID = '5453'
Method 'A0A0SystemRuntimeIntrinsicsVector2561A0SystemDoubleA0SystemRuntimeIntrinsicsVector256AsA0SystemUInt16A0SystemDoubleA0A0SystemRuntimeIntrinsicsVector2561A0SystemUInt16', ID = '5454'
Method 'SystemVoidA0A0SystemCollectionsGenericEqualityComparer1A0SystemInt32cctor', ID = '5455'
Method 'SystemVoidA0A0SystemCollectionsGenericEqualityComparer1A0SystemInt64cctor', ID = '5456'
Method 'SystemVoidA2CosmosCore_PlugsSystemCollectionsGenericComparerHelpersImplcctor', ID = '5458'
Method 'SystemVoidA0A0SystemCollectionsGenericEqualityComparer1A0SystemBytector', ID = '5460'
Method 'SystemVoidA0A0SystemCollectionsGenericEqualityComparer1A0SystemSBytector', ID = '5462'
Method 'SystemVoidA0A0SystemCollectionsGenericEqualityComparer1A0SystemStringctor', ID = '5464'
Method 'SystemVoidA0A0SystemCollectionsGenericEqualityComparer1A0SystemInt32ctor', ID = '5466'
Method 'SystemVoidA0A0SystemCollectionsGenericEqualityComparer1A0SystemUInt32ctor', ID = '5468'
Method 'SystemVoidA0A0SystemCollectionsGenericEqualityComparer1A0SystemInt64ctor', ID = '5470'
Method 'SystemVoidA0A0SystemCollectionsGenericEqualityComparer1A0SystemUInt64ctor', ID = '5472'
Method 'SystemVoidA0A0SystemCollectionsGenericEqualityComparer1A0SystemCharctor', ID = '5474'
Method 'SystemVoidA0A0SystemCollectionsGenericEqualityComparer1A0SystemInt16ctor', ID = '5476'
Method 'SystemVoidA0A0SystemCollectionsGenericEqualityComparer1A0SystemUInt16ctor', ID = '5478'
Method 'SystemVoidA0A0SystemCollectionsGenericEqualityComparer1A0SystemGuidctor', ID = '5480'
Method 'SystemVoidA0A0SystemCollectionsGenericEqualityComparer1A0SystemObjectctor', ID = '5482'
Method 'A0A0A0SystemCollectionsGenericDictionary2EntryA0SystemStringA0SystemBooleanarrayA0InternalRuntimeCompilerServicesUnsafeAsA0A0A0SystemCollectionsGenericDictionary2EntryA32A75F96B19503E29A48BF932A1BA961', ID = '5487'
Method 'SystemVoidA0A0SystemSZGenericArrayEnumerator1A0A0SystemCollectionsGenericDictionary2EntryA0SystemStringA0SystemBooleanctorA0A0A0SystemCollectionsGenericDictionary2Entry780E41AB82CF43D1666A55925E54AAD5', ID = '5488'
Method 'A0SystemInt32A0SystemArrayIndexOfA0A0SystemCollectionsGenericDictionary2EntryA0SystemStringA0SystemBooleanA0A0A0SystemCollectionsGenericDictionary2EntryA0SystemStringA0743D120ACD5B8C16F53EF6A92A177DAF', ID = '5491'
Method 'A0A0SystemCollectionsGenericIEnumerator1A0A0SystemCollectionsGenericDictionary2EntryA0SystemStringA0SystemBooleanA8A8CosmosIL2CPUSZArrayImpl1A0A0SystemCollectionsGeneriD8B50412F03DA2202342F4B08E01B5BD', ID = '5492'
Method 'A0SystemVoidA8A8CosmosIL2CPUSZArrayImpl1A0A0SystemCollectionsGenericDictionary2EntryA0SystemStringA0SystemBooleanCopyToA0A0A0SystemCollectionsGenericDictionary2EntryA0S409A2E45DB6DA4EEDD79EF96CB820961', ID = '5493'
Method 'A0SystemInt32A8A8CosmosIL2CPUSZArrayImpl1A0A0SystemCollectionsGenericDictionary2EntryA0SystemStringA0SystemBooleanget_Count', ID = '5494'
Method 'A0A0SystemCollectionsGenericDictionary2EntryA0SystemStringA0SystemBooleanA8A8CosmosIL2CPUSZArrayImpl1A0A0SystemCollectionsGenericDictionary2EntryA0SystemStringA0SystemBooleanget_ItemA0SystemInt32', ID = '5495'
Method 'A0SystemVoidA8A8CosmosIL2CPUSZArrayImpl1A0A0SystemCollectionsGenericDictionary2EntryA0SystemStringA0SystemBooleanset_ItemA0SystemInt32A0A0SystemCollectionsGenericDictioFE6B2EFCAB239F20D1191D93A2A8EBCB', ID = '5496'
Method 'A0SystemVoidA8A8CosmosIL2CPUSZArrayImpl1A0A0SystemCollectionsGenericDictionary2EntryA0SystemStringA0SystemBooleanAddA0A0SystemCollectionsGenericDictionary2EntryA0SystemStringA0SystemBoolean', ID = '5497'
Method 'A0SystemBooleanA8A8CosmosIL2CPUSZArrayImpl1A0A0SystemCollectionsGenericDictionary2EntryA0SystemStringA0SystemBooleanContainsA0A0SystemCollectionsGenericDictionary2EntryA0SystemStringA0SystemBoolean', ID = '5498'
Method 'A0SystemBooleanA8A8CosmosIL2CPUSZArrayImpl1A0A0SystemCollectionsGenericDictionary2EntryA0SystemStringA0SystemBooleanget_IsReadOnly', ID = '5499'
Method 'A0SystemVoidA8A8CosmosIL2CPUSZArrayImpl1A0A0SystemCollectionsGenericDictionary2EntryA0SystemStringA0SystemBooleanClear', ID = '5500'
Method 'A0SystemInt32A8A8CosmosIL2CPUSZArrayImpl1A0A0SystemCollectionsGenericDictionary2EntryA0SystemStringA0SystemBooleanIndexOfA0A0SystemCollectionsGenericDictionary2EntryA0SystemStringA0SystemBoolean', ID = '5501'
Method 'A0SystemVoidA8A8CosmosIL2CPUSZArrayImpl1A0A0SystemCollectionsGenericDictionary2EntryA0SystemStringA0SystemBooleanInsertA0SystemInt32A0A0SystemCollectionsGenericDictiona272954DC75809FFC848840273AA1FAE7', ID = '5502'
Method 'A0SystemVoidA8A8CosmosIL2CPUSZArrayImpl1A0A0SystemCollectionsGenericDictionary2EntryA0SystemStringA0SystemBooleanRemoveAtA0SystemInt32', ID = '5503'
Method 'A0SystemBooleanA8A8CosmosIL2CPUSZArrayImpl1A0A0SystemCollectionsGenericDictionary2EntryA0SystemStringA0SystemBooleanget_IsFixedSize', ID = '5504'
Method 'A0SystemVoidA8A8CosmosIL2CPUSZArrayImpl1A0A0SystemCollectionsGenericDictionary2EntryA0SystemStringA0SystemBooleanRemoveA0A0SystemCollectionsGenericDictionary2EntryA0SystemStringA0SystemBoolean', ID = '5505'
Method 'A0SystemObjectA8A8CosmosIL2CPUSZArrayImpl1A0A0SystemCollectionsGenericDictionary2EntryA0SystemStringA0SystemBooleanget_SyncRoot', ID = '5506'
Method 'A0SystemBooleanA8A8CosmosIL2CPUSZArrayImpl1A0A0SystemCollectionsGenericDictionary2EntryA0SystemStringA0SystemBooleanget_IsSynchronized', ID = '5507'
Method 'A0A0SystemCollectionsGenericIEnumerator1A0A0SystemCollectionsGenericKeyValuePair2A0SystemStringA0SystemBooleanA0SystemSZArrayHelperGetEnumeratorA0A0SystemCollectionsGen156CF5E60CB92171DE812F071215A3D7', ID = '5509'
Method 'A0SystemVoidA0SystemSZArrayHelperCopyToA0A0SystemCollectionsGenericKeyValuePair2A0SystemStringA0SystemBooleanA0A0A0SystemCollectionsGenericKeyValuePair2A0SystemStringA0SystemBooleanarrayA0SystemInt32', ID = '5510'
Method 'A0SystemInt32A0SystemSZArrayHelperget_CountA0A0SystemCollectionsGenericKeyValuePair2A0SystemStringA0SystemBoolean', ID = '5511'
Method 'A0A0SystemCollectionsGenericKeyValuePair2A0SystemStringA0SystemBooleanA0SystemSZArrayHelperget_ItemA0A0SystemCollectionsGenericKeyValuePair2A0SystemStringA0SystemBooleanA0SystemInt32', ID = '5512'
Method 'A0SystemVoidA0SystemSZArrayHelperset_ItemA0A0SystemCollectionsGenericKeyValuePair2A0SystemStringA0SystemBooleanA0SystemInt32A0A0SystemCollectionsGenericKeyValuePair2A0SystemStringA0SystemBoolean', ID = '5513'
Method 'A0SystemVoidA0SystemSZArrayHelperAddA0A0SystemCollectionsGenericKeyValuePair2A0SystemStringA0SystemBooleanA0A0SystemCollectionsGenericKeyValuePair2A0SystemStringA0SystemBoolean', ID = '5514'
Method 'A0SystemBooleanA0SystemSZArrayHelperContainsA0A0SystemCollectionsGenericKeyValuePair2A0SystemStringA0SystemBooleanA0A0SystemCollectionsGenericKeyValuePair2A0SystemStringA0SystemBoolean', ID = '5515'
Method 'A0SystemBooleanA0SystemSZArrayHelperget_IsReadOnlyA0A0SystemCollectionsGenericKeyValuePair2A0SystemStringA0SystemBoolean', ID = '5516'
Method 'A0SystemVoidA0SystemSZArrayHelperClearA0A0SystemCollectionsGenericKeyValuePair2A0SystemStringA0SystemBoolean', ID = '5517'
Method 'A0SystemInt32A0SystemSZArrayHelperIndexOfA0A0SystemCollectionsGenericKeyValuePair2A0SystemStringA0SystemBooleanA0A0SystemCollectionsGenericKeyValuePair2A0SystemStringA0SystemBoolean', ID = '5518'
Method 'A0SystemVoidA0SystemSZArrayHelperInsertA0A0SystemCollectionsGenericKeyValuePair2A0SystemStringA0SystemBooleanA0SystemInt32A0A0SystemCollectionsGenericKeyValuePair2A0SystemStringA0SystemBoolean', ID = '5519'
Method 'A0SystemBooleanA0SystemSZArrayHelperRemoveA0A0SystemCollectionsGenericKeyValuePair2A0SystemStringA0SystemBooleanA0A0SystemCollectionsGenericKeyValuePair2A0SystemStringA0SystemBoolean', ID = '5520'
Method 'A0SystemVoidA0SystemSZArrayHelperRemoveAtA0A0SystemCollectionsGenericKeyValuePair2A0SystemStringA0SystemBooleanA0SystemInt32', ID = '5521'
Method 'A0SystemInt32A0SystemCollectionsGenericNonRandomizedStringEqualityComparerOrdinalComparerGetHashCodeA0SystemString', ID = '5525'
Method 'A0SystemInt32A0SystemCollectionsGenericNonRandomizedStringEqualityComparerOrdinalIgnoreCaseComparerGetHashCodeA0SystemString', ID = '5526'
Method 'A0SystemInt32A0SystemStringGetHashCodeOrdinalIgnoreCase', ID = '5528'
Method 'A0SystemInt32A2CosmosCore_PlugsSystemCollectionsGenericStringEqualityComparerGetHashCodeA0SystemString', ID = '5529'
Method 'A0SystemBooleanA0SystemCollectionsGenericNonRandomizedStringEqualityComparerOrdinalComparerEqualsA0SystemStringA0SystemString', ID = '5530'
Method 'A0SystemBooleanA0SystemCollectionsGenericNonRandomizedStringEqualityComparerOrdinalIgnoreCaseComparerEqualsA0SystemStringA0SystemString', ID = '5531'
Method 'A0SystemBooleanA0SystemGlobalizationOrdinalEqualsIgnoreCaseA0SystemCharA0SystemCharA0SystemInt32', ID = '5532'
Method 'A0A0SystemCollectionsGenericIEnumerator1A0A0SystemCollectionsGenericDictionary2EntryA0SystemStringA0SystemObjectA0SystemSZArrayHelperGetEnumeratorA0A0SystemCollectionsG7664F3B74F32494CBFB211E69FA99D6F', ID = '5533'
Method 'A0SystemVoidA0SystemSZArrayHelperCopyToA0A0SystemCollectionsGenericDictionary2EntryA0SystemStringA0SystemObjectA0A0A0SystemCollectionsGenericDictionary2EntryA0SystemStr20FD2C06E7FB3BB2DB271312AED6128C', ID = '5534'
Method 'A0SystemInt32A0SystemSZArrayHelperget_CountA0A0SystemCollectionsGenericDictionary2EntryA0SystemStringA0SystemObject', ID = '5535'
Method 'A0A0SystemCollectionsGenericDictionary2EntryA0SystemStringA0SystemObjectA0SystemSZArrayHelperget_ItemA0A0SystemCollectionsGenericDictionary2EntryA0SystemStringA0SystemObjectA0SystemInt32', ID = '5536'
Method 'A0SystemVoidA0SystemSZArrayHelperset_ItemA0A0SystemCollectionsGenericDictionary2EntryA0SystemStringA0SystemObjectA0SystemInt32A0A0SystemCollectionsGenericDictionary2EntryA0SystemStringA0SystemObject', ID = '5537'
Method 'A0SystemVoidA0SystemSZArrayHelperAddA0A0SystemCollectionsGenericDictionary2EntryA0SystemStringA0SystemObjectA0A0SystemCollectionsGenericDictionary2EntryA0SystemStringA0SystemObject', ID = '5538'
Method 'A0SystemBooleanA0SystemSZArrayHelperContainsA0A0SystemCollectionsGenericDictionary2EntryA0SystemStringA0SystemObjectA0A0SystemCollectionsGenericDictionary2EntryA0SystemStringA0SystemObject', ID = '5539'
Method 'A0SystemBooleanA0SystemSZArrayHelperget_IsReadOnlyA0A0SystemCollectionsGenericDictionary2EntryA0SystemStringA0SystemObject', ID = '5540'
Method 'A0SystemVoidA0SystemSZArrayHelperClearA0A0SystemCollectionsGenericDictionary2EntryA0SystemStringA0SystemObject', ID = '5541'
Method 'A0SystemInt32A0SystemSZArrayHelperIndexOfA0A0SystemCollectionsGenericDictionary2EntryA0SystemStringA0SystemObjectA0A0SystemCollectionsGenericDictionary2EntryA0SystemStringA0SystemObject', ID = '5542'
Method 'A0SystemVoidA0SystemSZArrayHelperInsertA0A0SystemCollectionsGenericDictionary2EntryA0SystemStringA0SystemObjectA0SystemInt32A0A0SystemCollectionsGenericDictionary2EntryA0SystemStringA0SystemObject', ID = '5543'
Method 'A0SystemBooleanA0SystemSZArrayHelperRemoveA0A0SystemCollectionsGenericDictionary2EntryA0SystemStringA0SystemObjectA0A0SystemCollectionsGenericDictionary2EntryA0SystemStringA0SystemObject', ID = '5544'
Method 'A0SystemVoidA0SystemSZArrayHelperRemoveAtA0A0SystemCollectionsGenericDictionary2EntryA0SystemStringA0SystemObjectA0SystemInt32', ID = '5545'
Method 'A0SystemInt32A0SystemDateTimeGetDatePartA0SystemInt32', ID = '5554'
Method 'A0SystemUInt64A0SystemDateTimeget_UTicks', ID = '5555'
Method 'A0SystemVoidA2CosmosCore_PlugsSystemThreadingMonitorImplObjPulseAllA0SystemObject', ID = '5556'
Method 'SystemVoidA0A0SystemThreadingTasksTask1A0SystemBooleanctorA0SystemBooleanA0SystemBooleanA0SystemThreadingTasksTaskCreationOptionsA0SystemThreadingCancellationToken', ID = '5562'
Method 'SystemVoidA0SystemThreadingExecutionContextctor', ID = '5564'
Method 'A0A0SystemCollectionsGenericIEnumerator1A0SystemThreadingIAsyncLocalA0SystemSZArrayHelperGetEnumeratorA0SystemThreadingIAsyncLocal', ID = '5566'
Method 'A0SystemVoidA0SystemSZArrayHelperCopyToA0SystemThreadingIAsyncLocalA0A0SystemThreadingIAsyncLocalarrayA0SystemInt32', ID = '5567'
Method 'A0SystemInt32A0SystemSZArrayHelperget_CountA0SystemThreadingIAsyncLocal', ID = '5568'
Method 'A0SystemThreadingIAsyncLocalA0SystemSZArrayHelperget_ItemA0SystemThreadingIAsyncLocalA0SystemInt32', ID = '5569'
Method 'A0SystemVoidA0SystemSZArrayHelperset_ItemA0SystemThreadingIAsyncLocalA0SystemInt32A0SystemThreadingIAsyncLocal', ID = '5570'
Method 'A0SystemVoidA0SystemSZArrayHelperAddA0SystemThreadingIAsyncLocalA0SystemThreadingIAsyncLocal', ID = '5571'
Method 'A0SystemBooleanA0SystemSZArrayHelperContainsA0SystemThreadingIAsyncLocalA0SystemThreadingIAsyncLocal', ID = '5572'
Method 'A0SystemBooleanA0SystemSZArrayHelperget_IsReadOnlyA0SystemThreadingIAsyncLocal', ID = '5573'
Method 'A0SystemVoidA0SystemSZArrayHelperClearA0SystemThreadingIAsyncLocal', ID = '5574'
Method 'A0SystemInt32A0SystemSZArrayHelperIndexOfA0SystemThreadingIAsyncLocalA0SystemThreadingIAsyncLocal', ID = '5575'
Method 'A0SystemVoidA0SystemSZArrayHelperInsertA0SystemThreadingIAsyncLocalA0SystemInt32A0SystemThreadingIAsyncLocal', ID = '5576'
Method 'A0SystemBooleanA0SystemSZArrayHelperRemoveA0SystemThreadingIAsyncLocalA0SystemThreadingIAsyncLocal', ID = '5577'
Method 'A0SystemVoidA0SystemSZArrayHelperRemoveAtA0SystemThreadingIAsyncLocalA0SystemInt32', ID = '5578'
Method 'A0SystemVoidA0SystemThreadingManualResetEventSlimCancellationTokenCallbackA0SystemObject', ID = '5585'
Method 'A0SystemVoidA0SystemThreadingManualResetEventSlimDisposeA0SystemBoolean', ID = '5587'
Method 'SystemVoidA0A0SystemCollectionsGenericList1A0SystemRuntimeExceptionServicesExceptionDispatchInfocctor', ID = '5588'
Method 'SystemVoidA0SystemThreadingCancellationTokenSourcecctor', ID = '5596'
Method 'A0SystemBooleanA0SystemThreadingCancellationTokenEqualsA0SystemThreadingCancellationToken', ID = '5600'
Method 'A0SystemBooleanA0SystemThreadingCancellationTokenRegistrationEqualsA0SystemObject', ID = '5603'
Method 'A0SystemInt32A0SystemThreadingCancellationTokenRegistrationGetHashCode', ID = '5604'
Method 'A0SystemVoidA0SystemThreadingCancellationTokenRegistrationDispose', ID = '5605'
Method 'A0A0SystemCollectionsGenericIEnumerator1A0SystemThreadingTasksTaskA0SystemSZArrayHelperGetEnumeratorA0SystemThreadingTasksTask', ID = '5608'
Method 'A0SystemVoidA0SystemSZArrayHelperCopyToA0SystemThreadingTasksTaskA0A0SystemThreadingTasksTaskarrayA0SystemInt32', ID = '5609'
Method 'A0SystemInt32A0SystemSZArrayHelperget_CountA0SystemThreadingTasksTask', ID = '5610'
Method 'A0SystemThreadingTasksTaskA0SystemSZArrayHelperget_ItemA0SystemThreadingTasksTaskA0SystemInt32', ID = '5611'
Method 'A0SystemVoidA0SystemSZArrayHelperset_ItemA0SystemThreadingTasksTaskA0SystemInt32A0SystemThreadingTasksTask', ID = '5612'
Method 'A0SystemVoidA0SystemSZArrayHelperAddA0SystemThreadingTasksTaskA0SystemThreadingTasksTask', ID = '5613'
Method 'A0SystemBooleanA0SystemSZArrayHelperContainsA0SystemThreadingTasksTaskA0SystemThreadingTasksTask', ID = '5614'
Method 'A0SystemBooleanA0SystemSZArrayHelperget_IsReadOnlyA0SystemThreadingTasksTask', ID = '5615'
Method 'A0SystemVoidA0SystemSZArrayHelperClearA0SystemThreadingTasksTask', ID = '5616'
Method 'A0SystemInt32A0SystemSZArrayHelperIndexOfA0SystemThreadingTasksTaskA0SystemThreadingTasksTask', ID = '5617'
Method 'A0SystemVoidA0SystemSZArrayHelperInsertA0SystemThreadingTasksTaskA0SystemInt32A0SystemThreadingTasksTask', ID = '5618'
Method 'A0SystemBooleanA0SystemSZArrayHelperRemoveA0SystemThreadingTasksTaskA0SystemThreadingTasksTask', ID = '5619'
Method 'A0SystemVoidA0SystemSZArrayHelperRemoveAtA0SystemThreadingTasksTaskA0SystemInt32', ID = '5620'
Method 'A0SystemVoidA1CosmosCoreMemoryOperationsFillA0SystemUInt16pointerA0SystemUInt16A0SystemInt32', ID = '5623'
Method 'A0SystemVoidA8A8CosmosIL2CPUSZArrayImpl1GetEnumeratord__0A6CosmosHALPCIDeviceSystemIDisposableDispose', ID = '5628'
Method 'A0SystemBooleanA8A8CosmosIL2CPUSZArrayImpl1GetEnumeratord__0A6CosmosHALPCIDeviceMoveNext', ID = '5629'
Method 'A0A0SystemUInt16arrayA0InternalRuntimeCompilerServicesUnsafeAsA0A0SystemUInt16arrayA0SystemObject', ID = '5631'
Method 'SystemVoidA0A0SystemSZGenericArrayEnumerator1A0SystemUInt16ctorA0A0SystemUInt16array', ID = '5632'
Method 'A0SystemInt32A0SystemArrayIndexOfA0SystemUInt16A0A0SystemUInt16arrayA0SystemUInt16A0SystemInt32A0SystemInt32', ID = '5635'
Method 'A0A0SystemCollectionsGenericIEnumerator1A0SystemUInt16A8A8CosmosIL2CPUSZArrayImpl1A0SystemUInt16GetEnumerator', ID = '5636'
Method 'A0SystemVoidA8A8CosmosIL2CPUSZArrayImpl1A0SystemUInt16CopyToA0A0SystemUInt16arrayA0SystemInt32', ID = '5637'
Method 'A0SystemInt32A8A8CosmosIL2CPUSZArrayImpl1A0SystemUInt16get_Count', ID = '5638'
Method 'A0SystemUInt16A8A8CosmosIL2CPUSZArrayImpl1A0SystemUInt16get_ItemA0SystemInt32', ID = '5639'
Method 'A0SystemVoidA8A8CosmosIL2CPUSZArrayImpl1A0SystemUInt16set_ItemA0SystemInt32A0SystemUInt16', ID = '5640'
Method 'A0SystemVoidA8A8CosmosIL2CPUSZArrayImpl1A0SystemUInt16AddA0SystemUInt16', ID = '5641'
Method 'A0SystemBooleanA8A8CosmosIL2CPUSZArrayImpl1A0SystemUInt16ContainsA0SystemUInt16', ID = '5642'
Method 'A0SystemBooleanA8A8CosmosIL2CPUSZArrayImpl1A0SystemUInt16get_IsReadOnly', ID = '5643'
Method 'A0SystemVoidA8A8CosmosIL2CPUSZArrayImpl1A0SystemUInt16Clear', ID = '5644'
Method 'A0SystemInt32A8A8CosmosIL2CPUSZArrayImpl1A0SystemUInt16IndexOfA0SystemUInt16', ID = '5645'
Method 'A0SystemVoidA8A8CosmosIL2CPUSZArrayImpl1A0SystemUInt16InsertA0SystemInt32A0SystemUInt16', ID = '5646'
Method 'A0SystemVoidA8A8CosmosIL2CPUSZArrayImpl1A0SystemUInt16RemoveAtA0SystemInt32', ID = '5647'
Method 'A0SystemBooleanA8A8CosmosIL2CPUSZArrayImpl1A0SystemUInt16get_IsFixedSize', ID = '5648'
Method 'A0SystemVoidA8A8CosmosIL2CPUSZArrayImpl1A0SystemUInt16RemoveA0SystemUInt16', ID = '5649'
Method 'A0SystemObjectA8A8CosmosIL2CPUSZArrayImpl1A0SystemUInt16get_SyncRoot', ID = '5650'
Method 'A0SystemBooleanA8A8CosmosIL2CPUSZArrayImpl1A0SystemUInt16get_IsSynchronized', ID = '5651'
Method 'A0SystemStringA0SystemTextUTF8EncodingUTF8EncodingSealedGetStringForSmallInputA0A0SystemBytearray', ID = '5652'
Method 'A0SystemStringA0SystemTextASCIIEncodingGetStringA0A0SystemBytearrayA0SystemInt32A0SystemInt32', ID = '5653'
Method 'A0SystemStringA0SystemTextUTF8EncodingGetStringA0A0SystemBytearrayA0SystemInt32A0SystemInt32', ID = '5654'
Method 'A0SystemStringA4CosmosSystemConsoleConsoleEncodingGetStringA0A0SystemBytearrayA0SystemInt32A0SystemInt32', ID = '5655'
Method 'A0A0SystemChararrayA0SystemTextEncodingGetCharsA0A0SystemBytearrayA0SystemInt32A0SystemInt32', ID = '5656'
Method 'A0SystemStringA0SystemSRget_Arg_GuidArrayCtor', ID = '5657'
Method 'A0SystemGuidA0SystemRuntimeInteropServicesMemoryMarshalReadA0SystemGuidA0A0SystemReadOnlySpan1A0SystemByte', ID = '5658'
Method 'A0SystemVoidA0A0SystemCollectionsGenericList1A6CosmosHALBlockDeviceGPTGPartInfoGrowA0SystemInt32', ID = '5659'
Method 'A6A6CosmosHALBlockDeviceGPTGPartInfoarrayA0InternalRuntimeCompilerServicesUnsafeAsA6A6CosmosHALBlockDeviceGPTGPartInfoarrayA0SystemObject', ID = '5660'
Method 'SystemVoidA0A0SystemSZGenericArrayEnumerator1A6CosmosHALBlockDeviceGPTGPartInfoctorA6A6CosmosHALBlockDeviceGPTGPartInfoarray', ID = '5661'
Method 'A0SystemInt32A0SystemArrayIndexOfA6CosmosHALBlockDeviceGPTGPartInfoA6A6CosmosHALBlockDeviceGPTGPartInfoarrayA6CosmosHALBlockDeviceGPTGPartInfoA0SystemInt32A0SystemInt32', ID = '5664'
Method 'A0A0SystemCollectionsGenericIEnumerator1A6CosmosHALBlockDeviceGPTGPartInfoA8A8CosmosIL2CPUSZArrayImpl1A6CosmosHALBlockDeviceGPTGPartInfoGetEnumerator', ID = '5665'
Method 'A0SystemVoidA8A8CosmosIL2CPUSZArrayImpl1A6CosmosHALBlockDeviceGPTGPartInfoCopyToA6A6CosmosHALBlockDeviceGPTGPartInfoarrayA0SystemInt32', ID = '5666'
Method 'A0SystemInt32A8A8CosmosIL2CPUSZArrayImpl1A6CosmosHALBlockDeviceGPTGPartInfoget_Count', ID = '5667'
Method 'A6CosmosHALBlockDeviceGPTGPartInfoA8A8CosmosIL2CPUSZArrayImpl1A6CosmosHALBlockDeviceGPTGPartInfoget_ItemA0SystemInt32', ID = '5668'
Method 'A0SystemVoidA8A8CosmosIL2CPUSZArrayImpl1A6CosmosHALBlockDeviceGPTGPartInfoset_ItemA0SystemInt32A6CosmosHALBlockDeviceGPTGPartInfo', ID = '5669'
Method 'A0SystemVoidA8A8CosmosIL2CPUSZArrayImpl1A6CosmosHALBlockDeviceGPTGPartInfoAddA6CosmosHALBlockDeviceGPTGPartInfo', ID = '5670'
Method 'A0SystemBooleanA8A8CosmosIL2CPUSZArrayImpl1A6CosmosHALBlockDeviceGPTGPartInfoContainsA6CosmosHALBlockDeviceGPTGPartInfo', ID = '5671'
Method 'A0SystemBooleanA8A8CosmosIL2CPUSZArrayImpl1A6CosmosHALBlockDeviceGPTGPartInfoget_IsReadOnly', ID = '5672'
Method 'A0SystemVoidA8A8CosmosIL2CPUSZArrayImpl1A6CosmosHALBlockDeviceGPTGPartInfoClear', ID = '5673'
Method 'A0SystemInt32A8A8CosmosIL2CPUSZArrayImpl1A6CosmosHALBlockDeviceGPTGPartInfoIndexOfA6CosmosHALBlockDeviceGPTGPartInfo', ID = '5674'
Method 'A0SystemVoidA8A8CosmosIL2CPUSZArrayImpl1A6CosmosHALBlockDeviceGPTGPartInfoInsertA0SystemInt32A6CosmosHALBlockDeviceGPTGPartInfo', ID = '5675'
Method 'A0SystemVoidA8A8CosmosIL2CPUSZArrayImpl1A6CosmosHALBlockDeviceGPTGPartInfoRemoveAtA0SystemInt32', ID = '5676'
Method 'A0SystemBooleanA8A8CosmosIL2CPUSZArrayImpl1A6CosmosHALBlockDeviceGPTGPartInfoget_IsFixedSize', ID = '5677'
Method 'A0SystemVoidA8A8CosmosIL2CPUSZArrayImpl1A6CosmosHALBlockDeviceGPTGPartInfoRemoveA6CosmosHALBlockDeviceGPTGPartInfo', ID = '5678'
Method 'A0SystemObjectA8A8CosmosIL2CPUSZArrayImpl1A6CosmosHALBlockDeviceGPTGPartInfoget_SyncRoot', ID = '5679'
Method 'A0SystemBooleanA8A8CosmosIL2CPUSZArrayImpl1A6CosmosHALBlockDeviceGPTGPartInfoget_IsSynchronized', ID = '5680'
Method 'A0SystemVoidA0A0SystemCollectionsGenericList1A6CosmosHALBlockDeviceMBRPartInfoGrowA0SystemInt32', ID = '5681'
Method 'A6A6CosmosHALBlockDeviceMBRPartInfoarrayA0InternalRuntimeCompilerServicesUnsafeAsA6A6CosmosHALBlockDeviceMBRPartInfoarrayA0SystemObject', ID = '5682'
Method 'SystemVoidA0A0SystemSZGenericArrayEnumerator1A6CosmosHALBlockDeviceMBRPartInfoctorA6A6CosmosHALBlockDeviceMBRPartInfoarray', ID = '5683'
Method 'A0SystemInt32A0SystemArrayIndexOfA6CosmosHALBlockDeviceMBRPartInfoA6A6CosmosHALBlockDeviceMBRPartInfoarrayA6CosmosHALBlockDeviceMBRPartInfoA0SystemInt32A0SystemInt32', ID = '5686'
Method 'A0A0SystemCollectionsGenericIEnumerator1A6CosmosHALBlockDeviceMBRPartInfoA8A8CosmosIL2CPUSZArrayImpl1A6CosmosHALBlockDeviceMBRPartInfoGetEnumerator', ID = '5687'
Method 'A0SystemVoidA8A8CosmosIL2CPUSZArrayImpl1A6CosmosHALBlockDeviceMBRPartInfoCopyToA6A6CosmosHALBlockDeviceMBRPartInfoarrayA0SystemInt32', ID = '5688'
Method 'A0SystemInt32A8A8CosmosIL2CPUSZArrayImpl1A6CosmosHALBlockDeviceMBRPartInfoget_Count', ID = '5689'
Method 'A6CosmosHALBlockDeviceMBRPartInfoA8A8CosmosIL2CPUSZArrayImpl1A6CosmosHALBlockDeviceMBRPartInfoget_ItemA0SystemInt32', ID = '5690'
Method 'A0SystemVoidA8A8CosmosIL2CPUSZArrayImpl1A6CosmosHALBlockDeviceMBRPartInfoset_ItemA0SystemInt32A6CosmosHALBlockDeviceMBRPartInfo', ID = '5691'
Method 'A0SystemVoidA8A8CosmosIL2CPUSZArrayImpl1A6CosmosHALBlockDeviceMBRPartInfoAddA6CosmosHALBlockDeviceMBRPartInfo', ID = '5692'
Method 'A0SystemBooleanA8A8CosmosIL2CPUSZArrayImpl1A6CosmosHALBlockDeviceMBRPartInfoContainsA6CosmosHALBlockDeviceMBRPartInfo', ID = '5693'
Method 'A0SystemBooleanA8A8CosmosIL2CPUSZArrayImpl1A6CosmosHALBlockDeviceMBRPartInfoget_IsReadOnly', ID = '5694'
Method 'A0SystemVoidA8A8CosmosIL2CPUSZArrayImpl1A6CosmosHALBlockDeviceMBRPartInfoClear', ID = '5695'
Method 'A0SystemInt32A8A8CosmosIL2CPUSZArrayImpl1A6CosmosHALBlockDeviceMBRPartInfoIndexOfA6CosmosHALBlockDeviceMBRPartInfo', ID = '5696'
Method 'A0SystemVoidA8A8CosmosIL2CPUSZArrayImpl1A6CosmosHALBlockDeviceMBRPartInfoInsertA0SystemInt32A6CosmosHALBlockDeviceMBRPartInfo', ID = '5697'
Method 'A0SystemVoidA8A8CosmosIL2CPUSZArrayImpl1A6CosmosHALBlockDeviceMBRPartInfoRemoveAtA0SystemInt32', ID = '5698'
Method 'A0SystemBooleanA8A8CosmosIL2CPUSZArrayImpl1A6CosmosHALBlockDeviceMBRPartInfoget_IsFixedSize', ID = '5699'
Method 'A0SystemVoidA8A8CosmosIL2CPUSZArrayImpl1A6CosmosHALBlockDeviceMBRPartInfoRemoveA6CosmosHALBlockDeviceMBRPartInfo', ID = '5700'
Method 'A0SystemObjectA8A8CosmosIL2CPUSZArrayImpl1A6CosmosHALBlockDeviceMBRPartInfoget_SyncRoot', ID = '5701'
Method 'A0SystemBooleanA8A8CosmosIL2CPUSZArrayImpl1A6CosmosHALBlockDeviceMBRPartInfoget_IsSynchronized', ID = '5702'
Method 'A0SystemInt16A0SystemBitConverterToInt16A0A0SystemBytearrayA0SystemInt32', ID = '5703'
Method 'A0SystemVoidA0A0SystemCollectionsGenericList1A6CosmosHALBlockDeviceEBRPartInfoGrowA0SystemInt32', ID = '5704'
Method 'A6A6CosmosHALBlockDeviceEBRPartInfoarrayA0InternalRuntimeCompilerServicesUnsafeAsA6A6CosmosHALBlockDeviceEBRPartInfoarrayA0SystemObject', ID = '5706'
Method 'SystemVoidA0A0SystemSZGenericArrayEnumerator1A6CosmosHALBlockDeviceEBRPartInfoctorA6A6CosmosHALBlockDeviceEBRPartInfoarray', ID = '5707'
Method 'A0SystemInt32A0SystemArrayIndexOfA6CosmosHALBlockDeviceEBRPartInfoA6A6CosmosHALBlockDeviceEBRPartInfoarrayA6CosmosHALBlockDeviceEBRPartInfoA0SystemInt32A0SystemInt32', ID = '5710'
Method 'A0A0SystemCollectionsGenericIEnumerator1A6CosmosHALBlockDeviceEBRPartInfoA8A8CosmosIL2CPUSZArrayImpl1A6CosmosHALBlockDeviceEBRPartInfoGetEnumerator', ID = '5711'
Method 'A0SystemVoidA8A8CosmosIL2CPUSZArrayImpl1A6CosmosHALBlockDeviceEBRPartInfoCopyToA6A6CosmosHALBlockDeviceEBRPartInfoarrayA0SystemInt32', ID = '5712'
Method 'A0SystemInt32A8A8CosmosIL2CPUSZArrayImpl1A6CosmosHALBlockDeviceEBRPartInfoget_Count', ID = '5713'
Method 'A6CosmosHALBlockDeviceEBRPartInfoA8A8CosmosIL2CPUSZArrayImpl1A6CosmosHALBlockDeviceEBRPartInfoget_ItemA0SystemInt32', ID = '5714'
Method 'A0SystemVoidA8A8CosmosIL2CPUSZArrayImpl1A6CosmosHALBlockDeviceEBRPartInfoset_ItemA0SystemInt32A6CosmosHALBlockDeviceEBRPartInfo', ID = '5715'
Method 'A0SystemVoidA8A8CosmosIL2CPUSZArrayImpl1A6CosmosHALBlockDeviceEBRPartInfoAddA6CosmosHALBlockDeviceEBRPartInfo', ID = '5716'
Method 'A0SystemBooleanA8A8CosmosIL2CPUSZArrayImpl1A6CosmosHALBlockDeviceEBRPartInfoContainsA6CosmosHALBlockDeviceEBRPartInfo', ID = '5717'
Method 'A0SystemBooleanA8A8CosmosIL2CPUSZArrayImpl1A6CosmosHALBlockDeviceEBRPartInfoget_IsReadOnly', ID = '5718'
Method 'A0SystemVoidA8A8CosmosIL2CPUSZArrayImpl1A6CosmosHALBlockDeviceEBRPartInfoClear', ID = '5719'
Method 'A0SystemInt32A8A8CosmosIL2CPUSZArrayImpl1A6CosmosHALBlockDeviceEBRPartInfoIndexOfA6CosmosHALBlockDeviceEBRPartInfo', ID = '5720'
Method 'A0SystemVoidA8A8CosmosIL2CPUSZArrayImpl1A6CosmosHALBlockDeviceEBRPartInfoInsertA0SystemInt32A6CosmosHALBlockDeviceEBRPartInfo', ID = '5721'
Method 'A0SystemVoidA8A8CosmosIL2CPUSZArrayImpl1A6CosmosHALBlockDeviceEBRPartInfoRemoveAtA0SystemInt32', ID = '5722'
Method 'A0SystemBooleanA8A8CosmosIL2CPUSZArrayImpl1A6CosmosHALBlockDeviceEBRPartInfoget_IsFixedSize', ID = '5723'
Method 'A0SystemVoidA8A8CosmosIL2CPUSZArrayImpl1A6CosmosHALBlockDeviceEBRPartInfoRemoveA6CosmosHALBlockDeviceEBRPartInfo', ID = '5724'
Method 'A0SystemObjectA8A8CosmosIL2CPUSZArrayImpl1A6CosmosHALBlockDeviceEBRPartInfoget_SyncRoot', ID = '5725'
Method 'A0SystemBooleanA8A8CosmosIL2CPUSZArrayImpl1A6CosmosHALBlockDeviceEBRPartInfoget_IsSynchronized', ID = '5726'
Method 'A0SystemVoidA8A8CosmosIL2CPUSZArrayImpl1GetEnumeratord__0A6CosmosHALBlockDeviceBlockDeviceSystemIDisposableDispose', ID = '5731'
Method 'A0SystemBooleanA8A8CosmosIL2CPUSZArrayImpl1GetEnumeratord__0A6CosmosHALBlockDeviceBlockDeviceMoveNext', ID = '5732'
Method 'A0SystemVoidA8A8CosmosIL2CPUSZArrayImpl1GetEnumeratord__0A6CosmosHALBlockDevicePartitionSystemIDisposableDispose', ID = '5737'
Method 'A0SystemBooleanA8A8CosmosIL2CPUSZArrayImpl1GetEnumeratord__0A6CosmosHALBlockDevicePartitionMoveNext', ID = '5738'
Method 'SystemVoidA0A0SystemSZGenericArrayEnumerator1A6CosmosHALBlockDevicePortsStoragePortcctor', ID = '5739'
Method 'A0SystemVoidA0A0SystemSZGenericArrayEnumerator1A6CosmosHALBlockDevicePortsStoragePortDispose', ID = '5740'
Method 'A0SystemBooleanA0A0SystemSZGenericArrayEnumerator1A6CosmosHALBlockDevicePortsStoragePortMoveNext', ID = '5741'
Method 'A0SystemBooleanA0SystemRuntimeCompilerServicesRuntimeHelpersIsBitwiseEquatableA6CosmosHALBlockDevicePortsStoragePort', ID = '5742'
Method 'A0SystemInt32A0InternalRuntimeCompilerServicesUnsafeSizeOfA6CosmosHALBlockDevicePortsStoragePort', ID = '5743'
Method 'A0SystemByteA0InternalRuntimeCompilerServicesUnsafeAsA6CosmosHALBlockDevicePortsStoragePortA0SystemByteA6CosmosHALBlockDevicePortsStoragePort', ID = '5744'
Method 'A0SystemCharA0InternalRuntimeCompilerServicesUnsafeAsA6CosmosHALBlockDevicePortsStoragePortA0SystemCharA6CosmosHALBlockDevicePortsStoragePort', ID = '5745'
Method 'A0SystemInt32A0InternalRuntimeCompilerServicesUnsafeAsA6CosmosHALBlockDevicePortsStoragePortA0SystemInt32A6CosmosHALBlockDevicePortsStoragePort', ID = '5746'
Method 'A0SystemInt64A0InternalRuntimeCompilerServicesUnsafeAsA6CosmosHALBlockDevicePortsStoragePortA0SystemInt64A6CosmosHALBlockDevicePortsStoragePort', ID = '5747'
Method 'A0A0SystemCollectionsGenericEqualityComparer1A6CosmosHALBlockDevicePortsStoragePortA0A0SystemCollectionsGenericEqualityComparer1A6CosmosHALBlockDevicePortsStoragePortget_Default', ID = '5748'
Method 'A0SystemInt32A0A0SystemCollectionsGenericEqualityComparer1A6CosmosHALBlockDevicePortsStoragePortIndexOfA6A6CosmosHALBlockDevicePortsStoragePortarrayA6CosmosHALBlockDevi220E23ACD4F23AD2C0CFB68553253C7B', ID = '5749'
Method 'SystemVoidA8A8CosmosIL2CPUSZArrayImpl1GetEnumeratord__0A6CosmosHALBlockDevicePortsStoragePortctorA0SystemInt32', ID = '5750'
Method 'A6A6CosmosHALBlockDeviceRegistersHBACommandHeaderarrayA0InternalRuntimeCompilerServicesUnsafeAsA6A6CosmosHALBlockDeviceRegistersHBACommandHeaderarrayA0SystemObject', ID = '5753'
Method 'SystemVoidA0A0SystemSZGenericArrayEnumerator1A6CosmosHALBlockDeviceRegistersHBACommandHeaderctorA6A6CosmosHALBlockDeviceRegistersHBACommandHeaderarray', ID = '5754'
Method 'A0SystemInt32A0SystemArrayIndexOfA6CosmosHALBlockDeviceRegistersHBACommandHeaderA6A6CosmosHALBlockDeviceRegistersHBACommandHeaderarrayA6CosmosHALBlockDeviceRegistersHBA68A0D19173694B28A328288BD8A498AB', ID = '5757'
Method 'A0A0SystemCollectionsGenericIEnumerator1A6CosmosHALBlockDeviceRegistersHBACommandHeaderA8A8CosmosIL2CPUSZArrayImpl1A6CosmosHALBlockDeviceRegistersHBACommandHeaderGetEnumerator', ID = '5758'
Method 'A0SystemVoidA8A8CosmosIL2CPUSZArrayImpl1A6CosmosHALBlockDeviceRegistersHBACommandHeaderCopyToA6A6CosmosHALBlockDeviceRegistersHBACommandHeaderarrayA0SystemInt32', ID = '5759'
Method 'A0SystemInt32A8A8CosmosIL2CPUSZArrayImpl1A6CosmosHALBlockDeviceRegistersHBACommandHeaderget_Count', ID = '5760'
Method 'A6CosmosHALBlockDeviceRegistersHBACommandHeaderA8A8CosmosIL2CPUSZArrayImpl1A6CosmosHALBlockDeviceRegistersHBACommandHeaderget_ItemA0SystemInt32', ID = '5761'
Method 'A0SystemVoidA8A8CosmosIL2CPUSZArrayImpl1A6CosmosHALBlockDeviceRegistersHBACommandHeaderset_ItemA0SystemInt32A6CosmosHALBlockDeviceRegistersHBACommandHeader', ID = '5762'
Method 'A0SystemVoidA8A8CosmosIL2CPUSZArrayImpl1A6CosmosHALBlockDeviceRegistersHBACommandHeaderAddA6CosmosHALBlockDeviceRegistersHBACommandHeader', ID = '5763'
Method 'A0SystemBooleanA8A8CosmosIL2CPUSZArrayImpl1A6CosmosHALBlockDeviceRegistersHBACommandHeaderContainsA6CosmosHALBlockDeviceRegistersHBACommandHeader', ID = '5764'
Method 'A0SystemBooleanA8A8CosmosIL2CPUSZArrayImpl1A6CosmosHALBlockDeviceRegistersHBACommandHeaderget_IsReadOnly', ID = '5765'
Method 'A0SystemVoidA8A8CosmosIL2CPUSZArrayImpl1A6CosmosHALBlockDeviceRegistersHBACommandHeaderClear', ID = '5766'
Method 'A0SystemInt32A8A8CosmosIL2CPUSZArrayImpl1A6CosmosHALBlockDeviceRegistersHBACommandHeaderIndexOfA6CosmosHALBlockDeviceRegistersHBACommandHeader', ID = '5767'
Method 'A0SystemVoidA8A8CosmosIL2CPUSZArrayImpl1A6CosmosHALBlockDeviceRegistersHBACommandHeaderInsertA0SystemInt32A6CosmosHALBlockDeviceRegistersHBACommandHeader', ID = '5768'
Method 'A0SystemVoidA8A8CosmosIL2CPUSZArrayImpl1A6CosmosHALBlockDeviceRegistersHBACommandHeaderRemoveAtA0SystemInt32', ID = '5769'
Method 'A0SystemBooleanA8A8CosmosIL2CPUSZArrayImpl1A6CosmosHALBlockDeviceRegistersHBACommandHeaderget_IsFixedSize', ID = '5770'
Method 'A0SystemVoidA8A8CosmosIL2CPUSZArrayImpl1A6CosmosHALBlockDeviceRegistersHBACommandHeaderRemoveA6CosmosHALBlockDeviceRegistersHBACommandHeader', ID = '5771'
Method 'A0SystemObjectA8A8CosmosIL2CPUSZArrayImpl1A6CosmosHALBlockDeviceRegistersHBACommandHeaderget_SyncRoot', ID = '5772'
Method 'A0SystemBooleanA8A8CosmosIL2CPUSZArrayImpl1A6CosmosHALBlockDeviceRegistersHBACommandHeaderget_IsSynchronized', ID = '5773'
Method 'A0SystemVoidA6CosmosHALBlockDeviceRegistersFISRegisterH2Dset_LBA3A0SystemByte', ID = '5774'
Method 'A0SystemVoidA6CosmosHALBlockDeviceRegistersFISRegisterH2Dset_LBA4A0SystemByte', ID = '5775'
Method 'A0SystemVoidA6CosmosHALBlockDeviceRegistersFISRegisterH2Dset_LBA5A0SystemByte', ID = '5776'
Method 'A0SystemVoidA6CosmosHALBlockDeviceRegistersFISRegisterH2Dset_CountHA0SystemByte', ID = '5777'
Method 'A0A0SystemCollectionsGenericIEnumerator1A6CosmosHALBlockDeviceRegistersHBAPRDTEntryA0SystemSZArrayHelperGetEnumeratorA6CosmosHALBlockDeviceRegistersHBAPRDTEntry', ID = '5778'
Method 'A0SystemVoidA0SystemSZArrayHelperCopyToA6CosmosHALBlockDeviceRegistersHBAPRDTEntryA6A6CosmosHALBlockDeviceRegistersHBAPRDTEntryarrayA0SystemInt32', ID = '5779'
Method 'A0SystemInt32A0SystemSZArrayHelperget_CountA6CosmosHALBlockDeviceRegistersHBAPRDTEntry', ID = '5780'
Method 'A6CosmosHALBlockDeviceRegistersHBAPRDTEntryA0SystemSZArrayHelperget_ItemA6CosmosHALBlockDeviceRegistersHBAPRDTEntryA0SystemInt32', ID = '5781'
Method 'A0SystemVoidA0SystemSZArrayHelperset_ItemA6CosmosHALBlockDeviceRegistersHBAPRDTEntryA0SystemInt32A6CosmosHALBlockDeviceRegistersHBAPRDTEntry', ID = '5782'
Method 'A0SystemVoidA0SystemSZArrayHelperAddA6CosmosHALBlockDeviceRegistersHBAPRDTEntryA6CosmosHALBlockDeviceRegistersHBAPRDTEntry', ID = '5783'
Method 'A0SystemBooleanA0SystemSZArrayHelperContainsA6CosmosHALBlockDeviceRegistersHBAPRDTEntryA6CosmosHALBlockDeviceRegistersHBAPRDTEntry', ID = '5784'
Method 'A0SystemBooleanA0SystemSZArrayHelperget_IsReadOnlyA6CosmosHALBlockDeviceRegistersHBAPRDTEntry', ID = '5785'
Method 'A0SystemVoidA0SystemSZArrayHelperClearA6CosmosHALBlockDeviceRegistersHBAPRDTEntry', ID = '5786'
Method 'A0SystemInt32A0SystemSZArrayHelperIndexOfA6CosmosHALBlockDeviceRegistersHBAPRDTEntryA6CosmosHALBlockDeviceRegistersHBAPRDTEntry', ID = '5787'
Method 'A0SystemVoidA0SystemSZArrayHelperInsertA6CosmosHALBlockDeviceRegistersHBAPRDTEntryA0SystemInt32A6CosmosHALBlockDeviceRegistersHBAPRDTEntry', ID = '5788'
Method 'A0SystemBooleanA0SystemSZArrayHelperRemoveA6CosmosHALBlockDeviceRegistersHBAPRDTEntryA6CosmosHALBlockDeviceRegistersHBAPRDTEntry', ID = '5789'
Method 'A0SystemVoidA0SystemSZArrayHelperRemoveAtA6CosmosHALBlockDeviceRegistersHBAPRDTEntryA0SystemInt32', ID = '5790'
Method 'SystemVoidA0A0SystemCollectionsGenericEqualityComparer1A6CosmosHALPCIBaseAddressBarcctor', ID = '5797'
Method 'SystemVoidA0A0SystemSZGenericArrayEnumerator1A1CosmosCoreManagedMemoryBlockcctor', ID = '5799'
Method 'A0SystemVoidA0A0SystemSZGenericArrayEnumerator1A1CosmosCoreManagedMemoryBlockDispose', ID = '5800'
Method 'A0SystemBooleanA0A0SystemSZGenericArrayEnumerator1A1CosmosCoreManagedMemoryBlockMoveNext', ID = '5801'
Method 'A0SystemBooleanA0SystemRuntimeCompilerServicesRuntimeHelpersIsBitwiseEquatableA1CosmosCoreManagedMemoryBlock', ID = '5802'
Method 'A0SystemInt32A0InternalRuntimeCompilerServicesUnsafeSizeOfA1CosmosCoreManagedMemoryBlock', ID = '5803'
Method 'A0SystemByteA0InternalRuntimeCompilerServicesUnsafeAsA1CosmosCoreManagedMemoryBlockA0SystemByteA1CosmosCoreManagedMemoryBlock', ID = '5804'
Method 'A0SystemCharA0InternalRuntimeCompilerServicesUnsafeAsA1CosmosCoreManagedMemoryBlockA0SystemCharA1CosmosCoreManagedMemoryBlock', ID = '5805'
Method 'A0SystemInt32A0InternalRuntimeCompilerServicesUnsafeAsA1CosmosCoreManagedMemoryBlockA0SystemInt32A1CosmosCoreManagedMemoryBlock', ID = '5806'
Method 'A0SystemInt64A0InternalRuntimeCompilerServicesUnsafeAsA1CosmosCoreManagedMemoryBlockA0SystemInt64A1CosmosCoreManagedMemoryBlock', ID = '5807'
Method 'A0A0SystemCollectionsGenericEqualityComparer1A1CosmosCoreManagedMemoryBlockA0A0SystemCollectionsGenericEqualityComparer1A1CosmosCoreManagedMemoryBlockget_Default', ID = '5808'
Method 'A0SystemInt32A0A0SystemCollectionsGenericEqualityComparer1A1CosmosCoreManagedMemoryBlockIndexOfA1A1CosmosCoreManagedMemoryBlockarrayA1CosmosCoreManagedMemoryBlockA0SystemInt32A0SystemInt32', ID = '5809'
Method 'SystemVoidA8A8CosmosIL2CPUSZArrayImpl1GetEnumeratord__0A1CosmosCoreManagedMemoryBlockctorA0SystemInt32', ID = '5810'
Method 'SystemVoidA0A0SystemSZGenericArrayEnumerator1A0A0SystemBytearraycctor', ID = '5812'
Method 'A0SystemVoidA0A0SystemSZGenericArrayEnumerator1A0A0SystemBytearrayDispose', ID = '5813'
Method 'A0SystemBooleanA0A0SystemSZGenericArrayEnumerator1A0A0SystemBytearrayMoveNext', ID = '5814'
Method 'A0SystemBooleanA0SystemRuntimeCompilerServicesRuntimeHelpersIsBitwiseEquatableA0A0SystemBytearray', ID = '5815'
Method 'A0SystemInt32A0InternalRuntimeCompilerServicesUnsafeSizeOfA0A0SystemBytearray', ID = '5816'
Method 'A0SystemByteA0InternalRuntimeCompilerServicesUnsafeAsA0A0SystemBytearrayA0SystemByteA0A0SystemBytearray', ID = '5817'
Method 'A0SystemCharA0InternalRuntimeCompilerServicesUnsafeAsA0A0SystemBytearrayA0SystemCharA0A0SystemBytearray', ID = '5818'
Method 'A0SystemInt32A0InternalRuntimeCompilerServicesUnsafeAsA0A0SystemBytearrayA0SystemInt32A0A0SystemBytearray', ID = '5819'
Method 'A0SystemInt64A0InternalRuntimeCompilerServicesUnsafeAsA0A0SystemBytearrayA0SystemInt64A0A0SystemBytearray', ID = '5820'
Method 'A0A0SystemCollectionsGenericEqualityComparer1A0A0SystemBytearrayA0A0SystemCollectionsGenericEqualityComparer1A0A0SystemBytearrayget_Default', ID = '5821'
Method 'A0SystemInt32A0A0SystemCollectionsGenericEqualityComparer1A0A0SystemBytearrayIndexOfA0A0A0SystemBytearrayarrayA0A0SystemBytearrayA0SystemInt32A0SystemInt32', ID = '5822'
Method 'SystemVoidA8A8CosmosIL2CPUSZArrayImpl1GetEnumeratord__0A0A0SystemBytearrayctorA0SystemInt32', ID = '5823'
Method 'A0SystemStringA0SystemRuntimeTypeget_FullName', ID = '5825'
Method 'A0SystemStringA2CosmosCoreCosmosRuntimeTypeget_FullName', ID = '5826'
Method 'A0SystemReflectionAssemblyA0SystemRuntimeTypeget_Assembly', ID = '5827'
Method 'A0SystemReflectionAssemblyA2CosmosCoreCosmosRuntimeTypeget_Assembly', ID = '5828'
Method 'A0SystemVoidA8A8CosmosIL2CPUSZArrayImpl1GetEnumeratord__0A6CosmosHALNetworkDeviceSystemIDisposableDispose', ID = '5833'
Method 'A0SystemBooleanA8A8CosmosIL2CPUSZArrayImpl1GetEnumeratord__0A6CosmosHALNetworkDeviceMoveNext', ID = '5834'
Method 'SystemVoidA0A0SystemCollectionsGenericEqualityComparer1A0A0SystemCollectionsGenericDictionary2EntryA0SystemUInt32A6CosmosHALNetworkDevicecctor', ID = '5835'
Method 'A0SystemUInt32A0A0SystemCollectionsGenericKeyValuePair2A0SystemUInt32A6CosmosHALNetworkDeviceget_Key', ID = '5837'
Method 'A6CosmosHALNetworkDeviceA0A0SystemCollectionsGenericKeyValuePair2A0SystemUInt32A6CosmosHALNetworkDeviceget_Value', ID = '5838'
Method 'A0SystemStringA0SystemCollectionsGenericKeyValuePairPairToStringA0SystemObjectA0SystemObject', ID = '5839'
Method 'A0SystemVoidA8A8CosmosIL2CPUSZArrayImpl1GetEnumeratord__0A0A0SystemCollectionsGenericKeyValuePair2A0SystemUInt32A6CosmosHALNetworkDeviceSystemIDisposableDispose', ID = '5844'
Method 'A0SystemBooleanA8A8CosmosIL2CPUSZArrayImpl1GetEnumeratord__0A0A0SystemCollectionsGenericKeyValuePair2A0SystemUInt32A6CosmosHALNetworkDeviceMoveNext', ID = '5845'
Method 'A0SystemInt32A3CosmosSystem_PlugsSystemMathImplHighWordA0SystemDouble', ID = '5846'
Method 'A0SystemInt32A3CosmosSystem_PlugsSystemMathImplLowWordA0SystemDouble', ID = '5847'
Method 'A0A0SystemBytearrayA0SystemBitConverterGetBytesA0SystemInt64', ID = '5848'
Method 'A0A0SystemBytearrayA0SystemBitConverterGetBytesA0SystemInt32', ID = '5849'
Method 'A0A0SystemBytearrayA0SystemBitConverterGetBytesA0SystemUInt32', ID = '5850'
Method 'A0SystemDoubleA0SystemBitConverterToDoubleA0A0SystemBytearrayA0SystemInt32', ID = '5851'
Method 'SystemVoidA0SystemOrdinalComparerctorA0SystemBoolean', ID = '5852'
Method 'A6A6CosmosHALKeyboardBasearrayA0InternalRuntimeCompilerServicesUnsafeAsA6A6CosmosHALKeyboardBasearrayA0SystemObject', ID = '5853'
Method 'SystemVoidA0A0SystemSZGenericArrayEnumerator1A6CosmosHALKeyboardBasectorA6A6CosmosHALKeyboardBasearray', ID = '5854'
Method 'A0SystemInt32A0SystemArrayIndexOfA6CosmosHALKeyboardBaseA6A6CosmosHALKeyboardBasearrayA6CosmosHALKeyboardBaseA0SystemInt32A0SystemInt32', ID = '5857'
Method 'A0A0SystemCollectionsGenericIEnumerator1A6CosmosHALKeyboardBaseA8A8CosmosIL2CPUSZArrayImpl1A6CosmosHALKeyboardBaseGetEnumerator', ID = '5858'
Method 'A0SystemVoidA8A8CosmosIL2CPUSZArrayImpl1A6CosmosHALKeyboardBaseCopyToA6A6CosmosHALKeyboardBasearrayA0SystemInt32', ID = '5859'
Method 'A0SystemInt32A8A8CosmosIL2CPUSZArrayImpl1A6CosmosHALKeyboardBaseget_Count', ID = '5860'
Method 'A6CosmosHALKeyboardBaseA8A8CosmosIL2CPUSZArrayImpl1A6CosmosHALKeyboardBaseget_ItemA0SystemInt32', ID = '5861'
Method 'A0SystemVoidA8A8CosmosIL2CPUSZArrayImpl1A6CosmosHALKeyboardBaseset_ItemA0SystemInt32A6CosmosHALKeyboardBase', ID = '5862'
Method 'A0SystemVoidA8A8CosmosIL2CPUSZArrayImpl1A6CosmosHALKeyboardBaseAddA6CosmosHALKeyboardBase', ID = '5863'
Method 'A0SystemBooleanA8A8CosmosIL2CPUSZArrayImpl1A6CosmosHALKeyboardBaseContainsA6CosmosHALKeyboardBase', ID = '5864'
Method 'A0SystemBooleanA8A8CosmosIL2CPUSZArrayImpl1A6CosmosHALKeyboardBaseget_IsReadOnly', ID = '5865'
Method 'A0SystemVoidA8A8CosmosIL2CPUSZArrayImpl1A6CosmosHALKeyboardBaseClear', ID = '5866'
Method 'A0SystemInt32A8A8CosmosIL2CPUSZArrayImpl1A6CosmosHALKeyboardBaseIndexOfA6CosmosHALKeyboardBase', ID = '5867'
Method 'A0SystemVoidA8A8CosmosIL2CPUSZArrayImpl1A6CosmosHALKeyboardBaseInsertA0SystemInt32A6CosmosHALKeyboardBase', ID = '5868'
Method 'A0SystemVoidA8A8CosmosIL2CPUSZArrayImpl1A6CosmosHALKeyboardBaseRemoveAtA0SystemInt32', ID = '5869'
Method 'A0SystemBooleanA8A8CosmosIL2CPUSZArrayImpl1A6CosmosHALKeyboardBaseget_IsFixedSize', ID = '5870'
Method 'A0SystemVoidA8A8CosmosIL2CPUSZArrayImpl1A6CosmosHALKeyboardBaseRemoveA6CosmosHALKeyboardBase', ID = '5871'
Method 'A0SystemObjectA8A8CosmosIL2CPUSZArrayImpl1A6CosmosHALKeyboardBaseget_SyncRoot', ID = '5872'
Method 'A0SystemBooleanA8A8CosmosIL2CPUSZArrayImpl1A6CosmosHALKeyboardBaseget_IsSynchronized', ID = '5873'
Method 'A4A4CosmosSystemKeyEventarrayA0InternalRuntimeCompilerServicesUnsafeAsA4A4CosmosSystemKeyEventarrayA0SystemObject', ID = '5875'
Method 'SystemVoidA0A0SystemSZGenericArrayEnumerator1A4CosmosSystemKeyEventctorA4A4CosmosSystemKeyEventarray', ID = '5876'
Method 'A0SystemInt32A0SystemArrayIndexOfA4CosmosSystemKeyEventA4A4CosmosSystemKeyEventarrayA4CosmosSystemKeyEventA0SystemInt32A0SystemInt32', ID = '5879'
Method 'A0A0SystemCollectionsGenericIEnumerator1A4CosmosSystemKeyEventA8A8CosmosIL2CPUSZArrayImpl1A4CosmosSystemKeyEventGetEnumerator', ID = '5880'
Method 'A0SystemVoidA8A8CosmosIL2CPUSZArrayImpl1A4CosmosSystemKeyEventCopyToA4A4CosmosSystemKeyEventarrayA0SystemInt32', ID = '5881'
Method 'A0SystemInt32A8A8CosmosIL2CPUSZArrayImpl1A4CosmosSystemKeyEventget_Count', ID = '5882'
Method 'A4CosmosSystemKeyEventA8A8CosmosIL2CPUSZArrayImpl1A4CosmosSystemKeyEventget_ItemA0SystemInt32', ID = '5883'
Method 'A0SystemVoidA8A8CosmosIL2CPUSZArrayImpl1A4CosmosSystemKeyEventset_ItemA0SystemInt32A4CosmosSystemKeyEvent', ID = '5884'
Method 'A0SystemVoidA8A8CosmosIL2CPUSZArrayImpl1A4CosmosSystemKeyEventAddA4CosmosSystemKeyEvent', ID = '5885'
Method 'A0SystemBooleanA8A8CosmosIL2CPUSZArrayImpl1A4CosmosSystemKeyEventContainsA4CosmosSystemKeyEvent', ID = '5886'
Method 'A0SystemBooleanA8A8CosmosIL2CPUSZArrayImpl1A4CosmosSystemKeyEventget_IsReadOnly', ID = '5887'
Method 'A0SystemVoidA8A8CosmosIL2CPUSZArrayImpl1A4CosmosSystemKeyEventClear', ID = '5888'
Method 'A0SystemInt32A8A8CosmosIL2CPUSZArrayImpl1A4CosmosSystemKeyEventIndexOfA4CosmosSystemKeyEvent', ID = '5889'
Method 'A0SystemVoidA8A8CosmosIL2CPUSZArrayImpl1A4CosmosSystemKeyEventInsertA0SystemInt32A4CosmosSystemKeyEvent', ID = '5890'
Method 'A0SystemVoidA8A8CosmosIL2CPUSZArrayImpl1A4CosmosSystemKeyEventRemoveAtA0SystemInt32', ID = '5891'
Method 'A0SystemBooleanA8A8CosmosIL2CPUSZArrayImpl1A4CosmosSystemKeyEventget_IsFixedSize', ID = '5892'
Method 'A0SystemVoidA8A8CosmosIL2CPUSZArrayImpl1A4CosmosSystemKeyEventRemoveA4CosmosSystemKeyEvent', ID = '5893'
Method 'A0SystemObjectA8A8CosmosIL2CPUSZArrayImpl1A4CosmosSystemKeyEventget_SyncRoot', ID = '5894'
Method 'A0SystemBooleanA8A8CosmosIL2CPUSZArrayImpl1A4CosmosSystemKeyEventget_IsSynchronized', ID = '5895'
Method 'A0A0SystemCollectionsGenericIEnumerator1A4CosmosSystemKeyMappingA0SystemSZArrayHelperGetEnumeratorA4CosmosSystemKeyMapping', ID = '5897'
Method 'A0SystemVoidA0SystemSZArrayHelperCopyToA4CosmosSystemKeyMappingA4A4CosmosSystemKeyMappingarrayA0SystemInt32', ID = '5898'
Method 'A0SystemInt32A0SystemSZArrayHelperget_CountA4CosmosSystemKeyMapping', ID = '5899'
Method 'A4CosmosSystemKeyMappingA0SystemSZArrayHelperget_ItemA4CosmosSystemKeyMappingA0SystemInt32', ID = '5900'
Method 'A0SystemVoidA0SystemSZArrayHelperset_ItemA4CosmosSystemKeyMappingA0SystemInt32A4CosmosSystemKeyMapping', ID = '5901'
Method 'A0SystemVoidA0SystemSZArrayHelperAddA4CosmosSystemKeyMappingA4CosmosSystemKeyMapping', ID = '5902'
Method 'A0SystemBooleanA0SystemSZArrayHelperContainsA4CosmosSystemKeyMappingA4CosmosSystemKeyMapping', ID = '5903'
Method 'A0SystemBooleanA0SystemSZArrayHelperget_IsReadOnlyA4CosmosSystemKeyMapping', ID = '5904'
Method 'A0SystemVoidA0SystemSZArrayHelperClearA4CosmosSystemKeyMapping', ID = '5905'
Method 'A0SystemInt32A0SystemSZArrayHelperIndexOfA4CosmosSystemKeyMappingA4CosmosSystemKeyMapping', ID = '5906'
Method 'A0SystemVoidA0SystemSZArrayHelperInsertA4CosmosSystemKeyMappingA0SystemInt32A4CosmosSystemKeyMapping', ID = '5907'
Method 'A0SystemBooleanA0SystemSZArrayHelperRemoveA4CosmosSystemKeyMappingA4CosmosSystemKeyMapping', ID = '5908'
Method 'A0SystemVoidA0SystemSZArrayHelperRemoveAtA4CosmosSystemKeyMappingA0SystemInt32', ID = '5909'
Method 'SystemVoidA0A0SystemCollectionsGenericList1A4CosmosSystemKeyMappingctorA0SystemInt32', ID = '5911'
Method 'SystemVoidA4CosmosSystemKeyMappingctorA0SystemByteA4CosmosSystemConsoleKeyEx', ID = '5912'
Method 'A0SystemVoidA0A0SystemCollectionsGenericList1A4CosmosSystemKeyMappingAddA4CosmosSystemKeyMapping', ID = '5913'
Method 'SystemVoidA4CosmosSystemKeyMappingctorA0SystemByteA0SystemCharA0SystemCharA0SystemCharA0SystemCharA0SystemCharA0SystemCharA4CosmosSystemConsoleKeyEx', ID = '5914'
Method 'SystemVoidA4CosmosSystemKeyMappingctorA0SystemByteA0SystemCharA4CosmosSystemConsoleKeyEx', ID = '5915'
Method 'SystemVoidA4CosmosSystemKeyMappingctorA0SystemByteA0SystemCharA0SystemCharA0SystemCharA0SystemCharA0SystemCharA0SystemCharA4CosmosSystemConsoleKeyExA4CosmosSystemConsoleKeyEx', ID = '5916'
Method 'A0SystemVoidA0A0SystemCollectionsGenericList1A6CosmosHALKeyboardBaseset_CapacityA0SystemInt32', ID = '5917'
Method 'A0SystemBooleanA0A0SystemCollectionsGenericList1EnumeratorA6CosmosHALKeyboardBaseMoveNextRare', ID = '5918'
Method 'SystemVoidA4CosmosSystemKeyEventctor', ID = '5919'
Method 'A7SystemConsoleModifiersA4CosmosSystemKeyEventget_Modifiers', ID = '5920'
Method 'A0SystemVoidA4CosmosSystemKeyEventset_ModifiersA7SystemConsoleModifiers', ID = '5921'
Method 'A0SystemVoidA4CosmosSystemKeyEventset_TypeA4CosmosSystemKeyEventKeyEventType', ID = '5922'
Method 'A0SystemVoidA4CosmosSystemKeyEventset_KeyCharA0SystemChar', ID = '5923'
Method 'A0SystemVoidA4CosmosSystemKeyEventset_KeyA4CosmosSystemConsoleKeyEx', ID = '5924'
Method 'A0SystemVoidA0A0SystemCollectionsGenericQueue1A4CosmosSystemKeyEventGrowA0SystemInt32', ID = '5927'
Method 'A0SystemVoidA0A0SystemCollectionsGenericQueue1A4CosmosSystemKeyEventMoveNextA0SystemInt32', ID = '5928'
Method 'A0A0A0SystemCollectionsGenericDictionary2EntryA0SystemInt32A0SystemUInt32arrayA0InternalRuntimeCompilerServicesUnsafeAsA0A0A0SystemCollectionsGenericDictionary2EntryA0S92AA4779CDABB9C4A69869D78948AD75', ID = '5930'
Method 'SystemVoidA0A0SystemSZGenericArrayEnumerator1A0A0SystemCollectionsGenericDictionary2EntryA0SystemInt32A0SystemUInt32ctorA0A0A0SystemCollectionsGenericDictionary2EntryA0SystemInt32A0SystemUInt32array', ID = '5931'
Method 'A0SystemInt32A0SystemArrayIndexOfA0A0SystemCollectionsGenericDictionary2EntryA0SystemInt32A0SystemUInt32A0A0A0SystemCollectionsGenericDictionary2EntryA0SystemInt32A0Sys950BBBA69A9C88FDAC328D683D5F38B2', ID = '5934'
Method 'A0A0SystemCollectionsGenericIEnumerator1A0A0SystemCollectionsGenericDictionary2EntryA0SystemInt32A0SystemUInt32A8A8CosmosIL2CPUSZArrayImpl1A0A0SystemCollectionsGenericD7B0484BACCC44FE1FFE892EA033A6C80', ID = '5935'
Method 'A0SystemVoidA8A8CosmosIL2CPUSZArrayImpl1A0A0SystemCollectionsGenericDictionary2EntryA0SystemInt32A0SystemUInt32CopyToA0A0A0SystemCollectionsGenericDictionary2EntryA0SysF41362E24F63D0CDF08D5C779A701F96', ID = '5936'
Method 'A0SystemInt32A8A8CosmosIL2CPUSZArrayImpl1A0A0SystemCollectionsGenericDictionary2EntryA0SystemInt32A0SystemUInt32get_Count', ID = '5937'
Method 'A0A0SystemCollectionsGenericDictionary2EntryA0SystemInt32A0SystemUInt32A8A8CosmosIL2CPUSZArrayImpl1A0A0SystemCollectionsGenericDictionary2EntryA0SystemInt32A0SystemUInt32get_ItemA0SystemInt32', ID = '5938'
Method 'A0SystemVoidA8A8CosmosIL2CPUSZArrayImpl1A0A0SystemCollectionsGenericDictionary2EntryA0SystemInt32A0SystemUInt32set_ItemA0SystemInt32A0A0SystemCollectionsGenericDictionaF451E2CCB5BA6D84F952B24614773E0E', ID = '5939'
Method 'A0SystemVoidA8A8CosmosIL2CPUSZArrayImpl1A0A0SystemCollectionsGenericDictionary2EntryA0SystemInt32A0SystemUInt32AddA0A0SystemCollectionsGenericDictionary2EntryA0SystemInt32A0SystemUInt32', ID = '5940'
Method 'A0SystemBooleanA8A8CosmosIL2CPUSZArrayImpl1A0A0SystemCollectionsGenericDictionary2EntryA0SystemInt32A0SystemUInt32ContainsA0A0SystemCollectionsGenericDictionary2EntryA0SystemInt32A0SystemUInt32', ID = '5941'
Method 'A0SystemBooleanA8A8CosmosIL2CPUSZArrayImpl1A0A0SystemCollectionsGenericDictionary2EntryA0SystemInt32A0SystemUInt32get_IsReadOnly', ID = '5942'
Method 'A0SystemVoidA8A8CosmosIL2CPUSZArrayImpl1A0A0SystemCollectionsGenericDictionary2EntryA0SystemInt32A0SystemUInt32Clear', ID = '5943'
Method 'A0SystemInt32A8A8CosmosIL2CPUSZArrayImpl1A0A0SystemCollectionsGenericDictionary2EntryA0SystemInt32A0SystemUInt32IndexOfA0A0SystemCollectionsGenericDictionary2EntryA0SystemInt32A0SystemUInt32', ID = '5944'
Method 'A0SystemVoidA8A8CosmosIL2CPUSZArrayImpl1A0A0SystemCollectionsGenericDictionary2EntryA0SystemInt32A0SystemUInt32InsertA0SystemInt32A0A0SystemCollectionsGenericDictionaryA9890A765D5FE6D3A6ABA66D240AD06C', ID = '5945'
Method 'A0SystemVoidA8A8CosmosIL2CPUSZArrayImpl1A0A0SystemCollectionsGenericDictionary2EntryA0SystemInt32A0SystemUInt32RemoveAtA0SystemInt32', ID = '5946'
Method 'A0SystemBooleanA8A8CosmosIL2CPUSZArrayImpl1A0A0SystemCollectionsGenericDictionary2EntryA0SystemInt32A0SystemUInt32get_IsFixedSize', ID = '5947'
Method 'A0SystemVoidA8A8CosmosIL2CPUSZArrayImpl1A0A0SystemCollectionsGenericDictionary2EntryA0SystemInt32A0SystemUInt32RemoveA0A0SystemCollectionsGenericDictionary2EntryA0SystemInt32A0SystemUInt32', ID = '5948'
Method 'A0SystemObjectA8A8CosmosIL2CPUSZArrayImpl1A0A0SystemCollectionsGenericDictionary2EntryA0SystemInt32A0SystemUInt32get_SyncRoot', ID = '5949'
Method 'A0SystemBooleanA8A8CosmosIL2CPUSZArrayImpl1A0A0SystemCollectionsGenericDictionary2EntryA0SystemInt32A0SystemUInt32get_IsSynchronized', ID = '5950'
Method 'A0A0SystemCollectionsGenericIEnumerator1A0A0SystemCollectionsGenericKeyValuePair2A0SystemInt32A0SystemUInt32A0SystemSZArrayHelperGetEnumeratorA0A0SystemCollectionsGener111987BFC842987397A11703F6CBFD6F', ID = '5951'
Method 'A0SystemVoidA0SystemSZArrayHelperCopyToA0A0SystemCollectionsGenericKeyValuePair2A0SystemInt32A0SystemUInt32A0A0A0SystemCollectionsGenericKeyValuePair2A0SystemInt32A0SystemUInt32arrayA0SystemInt32', ID = '5952'
Method 'A0SystemInt32A0SystemSZArrayHelperget_CountA0A0SystemCollectionsGenericKeyValuePair2A0SystemInt32A0SystemUInt32', ID = '5953'
Method 'A0A0SystemCollectionsGenericKeyValuePair2A0SystemInt32A0SystemUInt32A0SystemSZArrayHelperget_ItemA0A0SystemCollectionsGenericKeyValuePair2A0SystemInt32A0SystemUInt32A0SystemInt32', ID = '5954'
Method 'A0SystemVoidA0SystemSZArrayHelperset_ItemA0A0SystemCollectionsGenericKeyValuePair2A0SystemInt32A0SystemUInt32A0SystemInt32A0A0SystemCollectionsGenericKeyValuePair2A0SystemInt32A0SystemUInt32', ID = '5955'
Method 'A0SystemVoidA0SystemSZArrayHelperAddA0A0SystemCollectionsGenericKeyValuePair2A0SystemInt32A0SystemUInt32A0A0SystemCollectionsGenericKeyValuePair2A0SystemInt32A0SystemUInt32', ID = '5956'
Method 'A0SystemBooleanA0SystemSZArrayHelperContainsA0A0SystemCollectionsGenericKeyValuePair2A0SystemInt32A0SystemUInt32A0A0SystemCollectionsGenericKeyValuePair2A0SystemInt32A0SystemUInt32', ID = '5957'
Method 'A0SystemBooleanA0SystemSZArrayHelperget_IsReadOnlyA0A0SystemCollectionsGenericKeyValuePair2A0SystemInt32A0SystemUInt32', ID = '5958'
Method 'A0SystemVoidA0SystemSZArrayHelperClearA0A0SystemCollectionsGenericKeyValuePair2A0SystemInt32A0SystemUInt32', ID = '5959'
Method 'A0SystemInt32A0SystemSZArrayHelperIndexOfA0A0SystemCollectionsGenericKeyValuePair2A0SystemInt32A0SystemUInt32A0A0SystemCollectionsGenericKeyValuePair2A0SystemInt32A0SystemUInt32', ID = '5960'
Method 'A0SystemVoidA0SystemSZArrayHelperInsertA0A0SystemCollectionsGenericKeyValuePair2A0SystemInt32A0SystemUInt32A0SystemInt32A0A0SystemCollectionsGenericKeyValuePair2A0SystemInt32A0SystemUInt32', ID = '5961'
Method 'A0SystemBooleanA0SystemSZArrayHelperRemoveA0A0SystemCollectionsGenericKeyValuePair2A0SystemInt32A0SystemUInt32A0A0SystemCollectionsGenericKeyValuePair2A0SystemInt32A0SystemUInt32', ID = '5962'
Method 'A0SystemVoidA0SystemSZArrayHelperRemoveAtA0A0SystemCollectionsGenericKeyValuePair2A0SystemInt32A0SystemUInt32A0SystemInt32', ID = '5963'
Method 'SystemVoidA0A0SystemCollectionsGenericEqualityComparer1A13SystemDrawingColorcctor', ID = '5967'
Method 'A0SystemBooleanA3CosmosSystem_PlugsSystemDrawingColorImplop_EqualityA13SystemDrawingColorA13SystemDrawingColor', ID = '5969'
Method 'A0SystemStringA13SystemSRget_InvalidEx2BoundArgument', ID = '5970'
Method 'A0SystemStringA13SystemSRFormatA0SystemStringA0A0SystemObjectarray', ID = '5971'
Method 'A0SystemVoidA0SystemTextASCIIEncodingSetDefaultFallbacks', ID = '5972'
Method 'A0SystemVoidA0SystemTextUTF8EncodingSetDefaultFallbacks', ID = '5973'
Method 'A0SystemTextEncoderFallbackA0SystemTextEncoderFallbackget_ReplacementFallback', ID = '5974'
Method 'A0SystemTextDecoderFallbackA0SystemTextDecoderFallbackget_ReplacementFallback', ID = '5975'
Method 'SystemVoidA4CosmosSystemExtendedASCIISingleByteEncodingcctor', ID = '5976'
Method 'A0SystemVoidA8A8CosmosIL2CPUSZArrayImpl1GetEnumeratord__0A6CosmosHALPITPITTimerSystemIDisposableDispose', ID = '5981'
Method 'A0SystemBooleanA8A8CosmosIL2CPUSZArrayImpl1GetEnumeratord__0A6CosmosHALPITPITTimerMoveNext', ID = '5982'
Method 'A0SystemStringA4CosmosSystemIOStdInReaderReadLine', ID = '5984'
Method 'A0SystemInt32A4CosmosSystemIOStdInReaderRead', ID = '5985'
Method 'A0SystemInt32A4CosmosSystemIOStdInReaderPeek', ID = '5986'
Method 'A0SystemIntPtrA0SystemRuntimeTypeHandleget_Value', ID = '5988'
Method 'A0SystemStringA0A0SystemRuntimeIntrinsicsVector1281A0SystemUInt64ToString', ID = '5991'
Method 'A0SystemBooleanA0A0SystemRuntimeIntrinsicsVector1281A0SystemUInt64EqualsA0SystemObject', ID = '5992'
Method 'A0SystemInt32A0A0SystemRuntimeIntrinsicsVector1281A0SystemUInt64GetHashCode', ID = '5993'
Method 'A0SystemVoidA0SystemThrowHelperThrowForUnsupportedIntrinsicsVectorBaseTypeA0SystemUInt64', ID = '5995'
Method 'A0A0SystemRuntimeIntrinsicsVector1281A0SystemUInt64A0InternalRuntimeCompilerServicesUnsafeAsA0A0SystemRuntimeIntrinsicsVector1281A0SystemUInt16A0A0SystemRuntimeIntrinsi96A48400B1C359332A8D971328A315F3', ID = '5996'
Method 'A0A0SystemRuntimeIntrinsicsVector1281A0SystemByteA0InternalRuntimeCompilerServicesUnsafeAsA0A0SystemRuntimeIntrinsicsVector1281A0SystemUInt64A0A0SystemRuntimeIntrinsics393372E57AED00FA3CF13961A2FCF905', ID = '5997'
Method 'A0SystemStringA0A0SystemRuntimeIntrinsicsVector1281A0SystemUInt32ToString', ID = '5998'
Method 'A0SystemBooleanA0A0SystemRuntimeIntrinsicsVector1281A0SystemUInt32EqualsA0SystemObject', ID = '5999'
Method 'A0SystemInt32A0A0SystemRuntimeIntrinsicsVector1281A0SystemUInt32GetHashCode', ID = '6000'
Method 'A0SystemVoidA0SystemThrowHelperThrowForUnsupportedIntrinsicsVectorBaseTypeA0SystemUInt32', ID = '6002'
Method 'A0A0SystemRuntimeIntrinsicsVector1281A0SystemUInt32A0InternalRuntimeCompilerServicesUnsafeAsA0A0SystemRuntimeIntrinsicsVector1281A0SystemByteA0A0SystemRuntimeIntrinsics304FE020868A0D05BD41DD3F4431E1C2', ID = '6003'
Method 'A0A0SystemRuntimeIntrinsicsVector1281A0SystemUInt64A0InternalRuntimeCompilerServicesUnsafeAsA0A0SystemRuntimeIntrinsicsVector1281A0SystemByteA0A0SystemRuntimeIntrinsics51A263ABF37EF9E9DD28AF30DE31D62A', ID = '6004'
Method 'SystemVoidA2A2CosmosCore_PlugsSystemBuffersArrayPoolImpl1CosmosArrayPoolA0SystemInt32ctor', ID = '6005'
Method 'A0SystemIOStreamA3CosmosSystem_PlugsSystemIOFileStreamImplInitializeStreamA0SystemStringA0SystemIOFileMode', ID = '6006'
Method 'A0SystemGlobalizationTimeSpanFormatFormatLiteralsA0SystemGlobalizationTimeSpanFormatFormatLiteralsInitInvariantA0SystemBoolean', ID = '6007'
Method 'SystemVoidA0A0SystemValueTuple2A0SystemUInt64A0SystemUInt64ctorA0SystemUInt64A0SystemUInt64', ID = '6010'
Method 'A0SystemStringA0A0SystemValueTuple2A0SystemUInt64A0SystemUInt64ToString', ID = '6011'
Method 'A0SystemBooleanA0A0SystemValueTuple2A0SystemUInt64A0SystemUInt64EqualsA0SystemObject', ID = '6012'
Method 'A0SystemInt32A0A0SystemValueTuple2A0SystemUInt64A0SystemUInt64GetHashCode', ID = '6013'
Method 'A0SystemTextStringBuilderA0SystemTextStringBuilderClear', ID = '6017'
Method 'SystemVoidA0SystemTextStringBuilderctorA0SystemInt32', ID = '6018'
Method 'SystemVoidA0SystemDateTimeFormatcctor', ID = '6021'
Method 'A0SystemStringA0SystemSRget_Format_BadQuote', ID = '6022'
Method 'A0SystemBooleanA2CosmosCore_PlugsSystemRuntimeTypeHandleImplIsInterfaceA0SystemObject', ID = '6023'
Method 'A0SystemReflectionTypeAttributesA0SystemRuntimeTypeGetAttributeFlagsImpl', ID = '6025'
Method 'A0SystemReflectionTypeAttributesA2CosmosCoreCosmosRuntimeTypeGetAttributeFlagsImpl', ID = '6026'
Method 'A0A0SystemCollectionsGenericIEnumerator1A0SystemTypeA0SystemSZArrayHelperGetEnumeratorA0SystemType', ID = '6028'
Method 'A0SystemVoidA0SystemSZArrayHelperCopyToA0SystemTypeA0A0SystemTypearrayA0SystemInt32', ID = '6029'
Method 'A0SystemInt32A0SystemSZArrayHelperget_CountA0SystemType', ID = '6030'
Method 'A0SystemTypeA0SystemSZArrayHelperget_ItemA0SystemTypeA0SystemInt32', ID = '6031'
Method 'A0SystemVoidA0SystemSZArrayHelperset_ItemA0SystemTypeA0SystemInt32A0SystemType', ID = '6032'
Method 'A0SystemVoidA0SystemSZArrayHelperAddA0SystemTypeA0SystemType', ID = '6033'
Method 'A0SystemBooleanA0SystemSZArrayHelperContainsA0SystemTypeA0SystemType', ID = '6034'
Method 'A0SystemBooleanA0SystemSZArrayHelperget_IsReadOnlyA0SystemType', ID = '6035'
Method 'A0SystemVoidA0SystemSZArrayHelperClearA0SystemType', ID = '6036'
Method 'A0SystemInt32A0SystemSZArrayHelperIndexOfA0SystemTypeA0SystemType', ID = '6037'
Method 'A0SystemVoidA0SystemSZArrayHelperInsertA0SystemTypeA0SystemInt32A0SystemType', ID = '6038'
Method 'A0SystemBooleanA0SystemSZArrayHelperRemoveA0SystemTypeA0SystemType', ID = '6039'
Method 'A0SystemVoidA0SystemSZArrayHelperRemoveAtA0SystemTypeA0SystemInt32', ID = '6040'
Method 'A0A0SystemTypearrayA0SystemRuntimeTypeHandleGetConstraints', ID = '6047'
Method 'A0SystemReflectionMetadataImportA0SystemRuntimeTypeHandleGetMetadataImportA0SystemRuntimeType', ID = '6049'
Method 'A0SystemInt32A0SystemReflectionMemberInfoget_MetadataToken', ID = '6050'
Method 'A0SystemVoidA0SystemReflectionMetadataImportGetGenericParamPropsA0SystemInt32A0SystemReflectionGenericParameterAttributes', ID = '6051'
Method 'A0SystemRuntimeTypeHandleA0SystemRuntimeTypeHandleGetNativeHandle', ID = '6064'
Method 'SystemVoidA0SystemRuntimeCompilerServicesQCallTypeHandlectorA0SystemRuntimeTypeHandle', ID = '6065'
Method 'SystemVoidA0SystemRuntimeCompilerServicesStringHandleOnStackctorA0SystemString', ID = '6066'
Method 'A0SystemTypeA0SystemRuntimeTypeGetElementType', ID = '6068'
Method 'A0SystemTypeA2CosmosCoreCosmosRuntimeTypeGetElementType', ID = '6069'
Method 'A0SystemRuntimeTypeHandleA0SystemTypeGetTypeHandleInternal', ID = '6072'
Method 'A0SystemBooleanA0SystemRuntimeTypeget_IsGenericType', ID = '6074'
Method 'A0A0SystemTypearrayA0SystemRuntimeTypeGetGenericArguments', ID = '6075'
Method 'A0SystemStringA0SystemSRget_NotSupported_SubclassOverride', ID = '6076'
Method 'A0SystemObjectA0SystemParamsArrayGetAtSlowA0SystemInt32', ID = '6078'
Method 'A0A0SystemBytearrayA0SystemBitConverterGetBytesA0SystemSingle', ID = '6079'
Method 'A0SystemBooleanA0SystemSingleIsFiniteA0SystemSingle', ID = '6080'
Method 'A0SystemBooleanA0SystemSingleIsNegativeA0SystemSingle', ID = '6081'
Method 'A0SystemBooleanA0SystemNumberGrisu3TryRunSingleA0SystemSingleA0SystemInt32A0SystemNumberNumberBuffer', ID = '6082'
Method 'A0SystemVoidA0SystemNumberDragon4SingleA0SystemSingleA0SystemInt32A0SystemBooleanA0SystemNumberNumberBuffer', ID = '6083'
Method 'SystemVoidA0SystemGlobalizationCalendarDatacctor', ID = '6084'
Method 'A0SystemBooleanA0SystemGlobalizationCultureDataget_UseUserOverride', ID = '6085'
Method 'A0SystemVoidA3CosmosSystem_PlugsSystemGlobalizationCompareInfoImplCtorA0SystemGlobalizationCompareInfoA0SystemGlobalizationCultureInfo', ID = '6086'
Method 'A0SystemGlobalizationCultureInfoA2CosmosCore_PlugsSystemGlobalizationCultureInfoImplGetCultureInfoA0SystemString', ID = '6087'
Method 'A0SystemBooleanA0SystemGlobalizationSortVersionop_EqualityA0SystemGlobalizationSortVersionA0SystemGlobalizationSortVersion', ID = '6088'
Method 'A0SystemBooleanA0SystemGuidop_EqualityA0SystemGuidA0SystemGuid', ID = '6089'
Method 'A0SystemStringA0SystemGlobalizationCultureDataget_TextInfoName', ID = '6090'
Method 'A0SystemIntPtrA0SystemGlobalizationCompareInfoNlsGetSortHandleA0SystemString', ID = '6091'
Method 'SystemVoidA0A0SystemSZGenericArrayEnumerator1A0SystemGlobalizationCalendarIdcctor', ID = '6092'
Method 'A0SystemVoidA0A0SystemSZGenericArrayEnumerator1A0SystemGlobalizationCalendarIdDispose', ID = '6093'
Method 'A0SystemBooleanA0A0SystemSZGenericArrayEnumerator1A0SystemGlobalizationCalendarIdMoveNext', ID = '6094'
Method 'A0SystemBooleanA0SystemRuntimeCompilerServicesRuntimeHelpersIsBitwiseEquatableA0SystemGlobalizationCalendarId', ID = '6095'
Method 'A0SystemInt32A0InternalRuntimeCompilerServicesUnsafeSizeOfA0SystemGlobalizationCalendarId', ID = '6096'
Method 'A0SystemByteA0InternalRuntimeCompilerServicesUnsafeAsA0SystemGlobalizationCalendarIdA0SystemByteA0SystemGlobalizationCalendarId', ID = '6097'
Method 'A0SystemCharA0InternalRuntimeCompilerServicesUnsafeAsA0SystemGlobalizationCalendarIdA0SystemCharA0SystemGlobalizationCalendarId', ID = '6098'
Method 'A0SystemInt32A0InternalRuntimeCompilerServicesUnsafeAsA0SystemGlobalizationCalendarIdA0SystemInt32A0SystemGlobalizationCalendarId', ID = '6099'
Method 'A0SystemInt64A0InternalRuntimeCompilerServicesUnsafeAsA0SystemGlobalizationCalendarIdA0SystemInt64A0SystemGlobalizationCalendarId', ID = '6100'
Method 'A0A0SystemCollectionsGenericEqualityComparer1A0SystemGlobalizationCalendarIdA0A0SystemCollectionsGenericEqualityComparer1A0SystemGlobalizationCalendarIdget_Default', ID = '6101'
Method 'A0SystemInt32A0A0SystemCollectionsGenericEqualityComparer1A0SystemGlobalizationCalendarIdIndexOfA0A0SystemGlobalizationCalendarIdarrayA0SystemGlobalizationCalendarIdA0SystemInt32A0SystemInt32', ID = '6102'
Method 'SystemVoidA8A8CosmosIL2CPUSZArrayImpl1GetEnumeratord__0A0SystemGlobalizationCalendarIdctorA0SystemInt32', ID = '6103'
Method 'SystemVoidA0A0SystemSZGenericArrayEnumerator1A0SystemGlobalizationDateTimeFormatInfoTokenHashValuecctor', ID = '6105'
Method 'A0SystemVoidA0A0SystemSZGenericArrayEnumerator1A0SystemGlobalizationDateTimeFormatInfoTokenHashValueDispose', ID = '6106'
Method 'A0SystemBooleanA0A0SystemSZGenericArrayEnumerator1A0SystemGlobalizationDateTimeFormatInfoTokenHashValueMoveNext', ID = '6107'
Method 'A0SystemBooleanA0SystemRuntimeCompilerServicesRuntimeHelpersIsBitwiseEquatableA0SystemGlobalizationDateTimeFormatInfoTokenHashValue', ID = '6109'
Method 'A0SystemInt32A0InternalRuntimeCompilerServicesUnsafeSizeOfA0SystemGlobalizationDateTimeFormatInfoTokenHashValue', ID = '6110'
Method 'A0SystemByteA0InternalRuntimeCompilerServicesUnsafeAsA0SystemGlobalizationDateTimeFormatInfoTokenHashValueA0SystemByteA0SystemGlobalizationDateTimeFormatInfoTokenHashValue', ID = '6111'
Method 'A0SystemCharA0InternalRuntimeCompilerServicesUnsafeAsA0SystemGlobalizationDateTimeFormatInfoTokenHashValueA0SystemCharA0SystemGlobalizationDateTimeFormatInfoTokenHashValue', ID = '6112'
Method 'A0SystemInt32A0InternalRuntimeCompilerServicesUnsafeAsA0SystemGlobalizationDateTimeFormatInfoTokenHashValueA0SystemInt32A0SystemGlobalizationDateTimeFormatInfoTokenHashValue', ID = '6113'
Method 'A0SystemInt64A0InternalRuntimeCompilerServicesUnsafeAsA0SystemGlobalizationDateTimeFormatInfoTokenHashValueA0SystemInt64A0SystemGlobalizationDateTimeFormatInfoTokenHashValue', ID = '6114'
Method 'A0A0SystemCollectionsGenericEqualityComparer1A0SystemGlobalizationDateTimeFormatInfoTokenHashValueA0A0SystemCollectionsGenericEqualityComparer1A0SystemGlobalizationDate2094260F42DFB75310EDB3FD68D5C663', ID = '6115'
Method 'A0SystemInt32A0A0SystemCollectionsGenericEqualityComparer1A0SystemGlobalizationDateTimeFormatInfoTokenHashValueIndexOfA0A0SystemGlobalizationDateTimeFormatInfoTokenHashF31FD8207FD1B33C2385A740B115B4DC', ID = '6116'
Method 'SystemVoidA8A8CosmosIL2CPUSZArrayImpl1GetEnumeratord__0A0SystemGlobalizationDateTimeFormatInfoTokenHashValuectorA0SystemInt32', ID = '6117'
Method 'SystemVoidA0A0SystemSZGenericArrayEnumerator1A0SystemGlobalizationCalendarDatacctor', ID = '6119'
Method 'A0SystemVoidA0A0SystemSZGenericArrayEnumerator1A0SystemGlobalizationCalendarDataDispose', ID = '6120'
Method 'A0SystemBooleanA0A0SystemSZGenericArrayEnumerator1A0SystemGlobalizationCalendarDataMoveNext', ID = '6121'
Method 'A0SystemBooleanA0SystemRuntimeCompilerServicesRuntimeHelpersIsBitwiseEquatableA0SystemGlobalizationCalendarData', ID = '6122'
Method 'A0SystemInt32A0InternalRuntimeCompilerServicesUnsafeSizeOfA0SystemGlobalizationCalendarData', ID = '6123'
Method 'A0SystemByteA0InternalRuntimeCompilerServicesUnsafeAsA0SystemGlobalizationCalendarDataA0SystemByteA0SystemGlobalizationCalendarData', ID = '6124'
Method 'A0SystemCharA0InternalRuntimeCompilerServicesUnsafeAsA0SystemGlobalizationCalendarDataA0SystemCharA0SystemGlobalizationCalendarData', ID = '6125'
Method 'A0SystemInt32A0InternalRuntimeCompilerServicesUnsafeAsA0SystemGlobalizationCalendarDataA0SystemInt32A0SystemGlobalizationCalendarData', ID = '6126'
Method 'A0SystemInt64A0InternalRuntimeCompilerServicesUnsafeAsA0SystemGlobalizationCalendarDataA0SystemInt64A0SystemGlobalizationCalendarData', ID = '6127'
Method 'A0A0SystemCollectionsGenericEqualityComparer1A0SystemGlobalizationCalendarDataA0A0SystemCollectionsGenericEqualityComparer1A0SystemGlobalizationCalendarDataget_Default', ID = '6128'
Method 'A0SystemInt32A0A0SystemCollectionsGenericEqualityComparer1A0SystemGlobalizationCalendarDataIndexOfA0A0SystemGlobalizationCalendarDataarrayA0SystemGlobalizationCalendarDataA0SystemInt32A0SystemInt32', ID = '6129'
Method 'SystemVoidA8A8CosmosIL2CPUSZArrayImpl1GetEnumeratord__0A0SystemGlobalizationCalendarDatactorA0SystemInt32', ID = '6130'
Method 'SystemVoidA0SystemGlobalizationGlobalizationModecctor', ID = '6132'
Method 'A0SystemInt32A0SystemGlobalizationIcuLocaleDataSearchCultureNameA0SystemString', ID = '6140'
Method 'A0A0SystemReadOnlySpan1A0SystemByteA0SystemGlobalizationIcuLocaleDataget_NameIndexToNumericData', ID = '6141'
Method 'A0A0SystemReadOnlySpan1A0SystemByteA0A0SystemReadOnlySpan1A0SystemByteSliceA0SystemInt32A0SystemInt32', ID = '6142'
Method 'A0SystemInt32A0SystemGlobalizationIcuLocaleDataGetLocaleDataNumericPartg__ResolveDigitListSeparatorsLine25_1A0SystemInt32', ID = '6143'
Method 'A0SystemInt32A0SystemGlobalizationIcuLocaleDataGetLocaleDataNumericPartg__ResolveIndexsLine25_0A0SystemInt32', ID = '6144'
Method 'A0SystemInt32A3CosmosSystem_PlugsSystemGlobalizationCultureDataImplGetLocaleInfoExIntA0SystemStringA0SystemUInt32', ID = '6145'
Method 'SystemVoidA0SystemGlobalizationGregorianCalendarctor', ID = '6146'
Method 'A0SystemInt32A3CosmosSystem_PlugsSystemGlobalizationCultureDataImplget_FirstDayOfWeek', ID = '6147'
Method 'A0SystemInt32A3CosmosSystem_PlugsSystemGlobalizationCultureDataImplget_CalendarWeekRule', ID = '6148'
Method 'A0SystemStringA3CosmosSystem_PlugsSystemGlobalizationCultureDataImplget_AMDesignator', ID = '6149'
Method 'A0SystemStringA3CosmosSystem_PlugsSystemGlobalizationCultureDataImplget_PMDesignator', ID = '6150'
Method 'A0SystemStringA3CosmosSystem_PlugsSystemGlobalizationCultureDataImplget_TimeSeparator', ID = '6151'
Method 'A0SystemBooleanA0SystemLocalAppContextSwitchesget_EnforceLegacyJapaneseDateParsing', ID = '6152'
Method 'A0SystemStringA0SystemGlobalizationCultureDataGetDateSeparatorA0SystemString', ID = '6153'
Method 'A0A0SystemStringarrayA3CosmosSystem_PlugsSystemGlobalizationCultureDataImplget_LongTimes', ID = '6154'
Method 'A0A0SystemStringarrayA3CosmosSystem_PlugsSystemGlobalizationCultureDataImplget_ShortTimes', ID = '6155'
Method 'A0A0SystemStringarrayA3CosmosSystem_PlugsSystemGlobalizationCultureDataImplLongDatesA0SystemUInt16', ID = '6156'
Method 'A0A0SystemStringarrayA3CosmosSystem_PlugsSystemGlobalizationCultureDataImplShortDatesA0SystemUInt16', ID = '6157'
Method 'A0A0SystemStringarrayA3CosmosSystem_PlugsSystemGlobalizationCultureDataImplYearMonthsA0SystemUInt16', ID = '6158'
Method 'A0SystemVoidA0SystemSpanHelpersClearWithoutReferencesA0SystemByteA0SystemUIntPtr', ID = '6163'
Method 'SystemVoidA3CosmosSystem_PlugsSystemMathImplcctor', ID = '6164'
Method 'A0SystemStringA0A0SystemNumericsVector1A0SystemUInt32ToString', ID = '6166'
Method 'A0SystemStringA0A0SystemNumericsVector1A0SystemUInt32ToStringA0SystemStringA0SystemIFormatProvider', ID = '6167'
Method 'A0SystemBooleanA0A0SystemNumericsVector1A0SystemUInt32EqualsA0SystemObject', ID = '6168'
Method 'A0SystemInt32A0A0SystemNumericsVector1A0SystemUInt32GetHashCode', ID = '6169'
Method 'A0A0SystemNumericsVector1A0SystemUInt32A0InternalRuntimeCompilerServicesUnsafeAsRefA0A0SystemNumericsVector1A0SystemUInt32A0A0SystemNumericsVector1A0SystemUInt32', ID = '6172'
Method 'A0SystemUInt32A0InternalRuntimeCompilerServicesUnsafeAsA0A0SystemNumericsVector1A0SystemUInt32A0SystemUInt32A0A0SystemNumericsVector1A0SystemUInt32', ID = '6173'
Method 'A0SystemUInt32A0InternalRuntimeCompilerServicesUnsafeAddA0SystemUInt32A0SystemUInt32A0SystemIntPtr', ID = '6174'
Method 'A0SystemInt32A0InternalRuntimeCompilerServicesUnsafeSizeOfA0A0SystemNumericsVector1A0SystemUInt32', ID = '6175'
Method 'A0SystemStringA0A0SystemNumericsVector1A0SystemSingleToString', ID = '6176'
Method 'A0SystemStringA0A0SystemNumericsVector1A0SystemSingleToStringA0SystemStringA0SystemIFormatProvider', ID = '6177'
Method 'A0SystemBooleanA0A0SystemNumericsVector1A0SystemSingleEqualsA0SystemObject', ID = '6178'
Method 'A0SystemInt32A0A0SystemNumericsVector1A0SystemSingleGetHashCode', ID = '6179'
Method 'A0A0SystemNumericsVector1A0SystemSingleA0InternalRuntimeCompilerServicesUnsafeAsRefA0A0SystemNumericsVector1A0SystemSingleA0A0SystemNumericsVector1A0SystemSingle', ID = '6182'
Method 'A0SystemSingleA0InternalRuntimeCompilerServicesUnsafeAsA0A0SystemNumericsVector1A0SystemSingleA0SystemSingleA0A0SystemNumericsVector1A0SystemSingle', ID = '6183'
Method 'A0SystemSingleA0InternalRuntimeCompilerServicesUnsafeAddA0SystemSingleA0SystemSingleA0SystemIntPtr', ID = '6184'
Method 'A0SystemInt32A0InternalRuntimeCompilerServicesUnsafeSizeOfA0A0SystemNumericsVector1A0SystemSingle', ID = '6185'
Method 'A0SystemInt32A0InternalRuntimeCompilerServicesUnsafeSizeOfA0SystemSingle', ID = '6186'
Method 'A0SystemStringA0A0SystemNumericsVector1A0SystemDoubleToString', ID = '6187'
Method 'A0SystemStringA0A0SystemNumericsVector1A0SystemDoubleToStringA0SystemStringA0SystemIFormatProvider', ID = '6188'
Method 'A0SystemBooleanA0A0SystemNumericsVector1A0SystemDoubleEqualsA0SystemObject', ID = '6189'
Method 'A0SystemInt32A0A0SystemNumericsVector1A0SystemDoubleGetHashCode', ID = '6190'
Method 'A0A0SystemNumericsVector1A0SystemDoubleA0InternalRuntimeCompilerServicesUnsafeAsRefA0A0SystemNumericsVector1A0SystemDoubleA0A0SystemNumericsVector1A0SystemDouble', ID = '6193'
Method 'A0SystemDoubleA0InternalRuntimeCompilerServicesUnsafeAsA0A0SystemNumericsVector1A0SystemDoubleA0SystemDoubleA0A0SystemNumericsVector1A0SystemDouble', ID = '6194'
Method 'A0SystemDoubleA0InternalRuntimeCompilerServicesUnsafeAddA0SystemDoubleA0SystemDoubleA0SystemIntPtr', ID = '6195'
Method 'A0SystemInt32A0InternalRuntimeCompilerServicesUnsafeSizeOfA0A0SystemNumericsVector1A0SystemDouble', ID = '6196'
Method 'A0A0SystemRuntimeIntrinsicsVector2561A0SystemByteA0SystemRuntimeIntrinsicsX86Avx2InsertVector128A0A0SystemRuntimeIntrinsicsVector2561A0SystemByteA0A0SystemRuntimeIntrin8B9DE22599018B86B786AB2B77FA8B8C', ID = '6197'
Method 'A0A0SystemRuntimeIntrinsicsVector2561A0SystemSingleA0SystemRuntimeIntrinsicsX86AvxInsertVector128A0A0SystemRuntimeIntrinsicsVector2561A0SystemSingleA0A0SystemRuntimeInt12367F35EBB750522AFF46B20CFB0D35', ID = '6198'
Method 'A0A0SystemRuntimeIntrinsicsVector2561A0SystemByteA0SystemRuntimeIntrinsicsVector256AsA0SystemSingleA0SystemByteA0A0SystemRuntimeIntrinsicsVector2561A0SystemSingle', ID = '6199'
Method 'A0A0SystemRuntimeIntrinsicsVector2561A0SystemByteA0SystemRuntimeIntrinsicsVector256WithUpperg__SoftwareFallbacksLine69_0A0SystemByteA0A0SystemRuntimeIntrinsicsVector25685DCF928C1AA083160769C797F7B7612', ID = '6200'
Method 'A0A0SystemRuntimeIntrinsicsVector2561A0SystemByteA0A0SystemRuntimeIntrinsicsVector2561A0SystemByteget_Zero', ID = '6201'
Method 'A0A0SystemRuntimeIntrinsicsVector1281A0SystemByteA0InternalRuntimeCompilerServicesUnsafeAsA0A0SystemRuntimeIntrinsicsVector2561A0SystemByteA0A0SystemRuntimeIntrinsicsVe66794983388F8A45324A785CB72654BB', ID = '6202'
Method 'A0A0SystemRuntimeIntrinsicsVector1281A0SystemByteA0InternalRuntimeCompilerServicesUnsafeAddA0A0SystemRuntimeIntrinsicsVector1281A0SystemByteA0A0SystemRuntimeIntrinsicsVEB90403C264FD1FF79B83C952EC2FBCA', ID = '6203'
Method 'A0SystemVoidA2CosmosCore_PlugsSystemInternalEnvironmentImplCCtor', ID = '6204'
Method 'SystemVoidA0A0SystemArrayEmptyArray1A0SystemBytecctor', ID = '6205'
Method 'A0SystemVoidA0SystemTextEncoderNLSReset', ID = '6206'
Method 'A0A0SystemChararrayA0SystemArrayEmptyA0SystemChar', ID = '6207'
Method 'A0SystemVoidA0SystemTextEncoderFallbackBufferReset', ID = '6209'
Method 'A0SystemBooleanA0A0SystemReadOnlySpan1A0SystemByteop_EqualityA0A0SystemReadOnlySpan1A0SystemByteA0A0SystemReadOnlySpan1A0SystemByte', ID = '6211'
Method 'A0SystemVoidA4CosmosSystemConsoleDoLineFeed', ID = '6212'
Method 'A0SystemVoidA4CosmosSystemConsoleDoCarriageReturn', ID = '6213'
Method 'A0SystemVoidA4CosmosSystemConsoleDoTab', ID = '6214'
Method 'A0SystemVoidA4CosmosSystemConsoleWriteA0SystemByte', ID = '6215'
Method 'SystemVoidA0A0SystemBuffersArrayPool1A0SystemBytecctor', ID = '6216'
Method 'A0SystemVoidA3CosmosSystem_PlugsSystemIOFileStreamImplWriteA0A0SystemBytearrayA0SystemInt32A0SystemInt32A0SystemIOStream', ID = '6219'
Method 'A0SystemVoidA4CosmosSystemIOConsoleStreamValidateWriteA0A0SystemBytearrayA0SystemInt32A0SystemInt32', ID = '6220'
Method 'SystemVoidA0A0SystemReadOnlySpan1A0SystemBytectorA0A0SystemBytearrayA0SystemInt32A0SystemInt32', ID = '6221'
Method 'A0SystemInt32A0SystemTextEncodingGetBytesA0SystemCharpointerA0SystemInt32A0SystemBytepointerA0SystemInt32', ID = '6222'
Method 'A0SystemInt32A0SystemTextEncodingGetBytesA0SystemCharpointerA0SystemInt32A0SystemBytepointerA0SystemInt32A0SystemTextEncoderNLS', ID = '6223'
Method 'A0SystemInt32A0SystemTextEncodingDefaultEncoderGetBytesA0A0SystemChararrayA0SystemInt32A0SystemInt32A0A0SystemBytearrayA0SystemInt32A0SystemBoolean', ID = '6224'
Method 'A0SystemInt32A0SystemTextEncoderNLSGetBytesA0A0SystemChararrayA0SystemInt32A0SystemInt32A0A0SystemBytearrayA0SystemInt32A0SystemBoolean', ID = '6225'
Method 'A0A0SystemRuntimeIntrinsicsVector1281A0SystemSingleA0SystemRuntimeIntrinsicsVector128AsA0SystemDoubleA0SystemSingleA0A0SystemRuntimeIntrinsicsVector1281A0SystemDouble', ID = '6226'
Method 'A0A0SystemRuntimeIntrinsicsVector1281A0SystemDoubleA0SystemRuntimeIntrinsicsVector128AsA0SystemDoubleA0SystemDoubleA0A0SystemRuntimeIntrinsicsVector1281A0SystemDouble', ID = '6227'
Method 'A0A0SystemRuntimeIntrinsicsVector1281A0SystemByteA0SystemRuntimeIntrinsicsVector128AsA0SystemDoubleA0SystemByteA0A0SystemRuntimeIntrinsicsVector1281A0SystemDouble', ID = '6228'
Method 'A0A0SystemRuntimeIntrinsicsVector1281A0SystemSingleA0SystemRuntimeIntrinsicsVector128AsA0SystemInt64A0SystemSingleA0A0SystemRuntimeIntrinsicsVector1281A0SystemInt64', ID = '6230'
Method 'A0A0SystemRuntimeIntrinsicsVector1281A0SystemByteA0SystemRuntimeIntrinsicsVector128AsA0SystemInt64A0SystemByteA0A0SystemRuntimeIntrinsicsVector1281A0SystemInt64', ID = '6231'
Method 'SystemVoidA0SystemReflectionInvalidFilterCriteriaExceptionctorA0SystemStringA0SystemException', ID = '6234'
Method 'A0SystemVoidA0SystemStringCheckStringComparisonA0SystemStringComparison', ID = '6235'
Method 'A0SystemGlobalizationCompareOptionsA0SystemStringGetCaseCompareOfComparisonCultureA0SystemStringComparison', ID = '6236'
Method 'A0SystemBooleanA0SystemGlobalizationCompareInfoIsPrefixA0A0SystemReadOnlySpan1A0SystemCharA0A0SystemReadOnlySpan1A0SystemCharA0SystemGlobalizationCompareOptions', ID = '6237'
Method 'A0SystemBooleanA0SystemMemoryExtensionsStartsWithOrdinalIgnoreCaseA0A0SystemReadOnlySpan1A0SystemCharA0A0SystemReadOnlySpan1A0SystemChar', ID = '6238'
Method 'A0SystemBooleanA2CosmosCore_PlugsSystemStringImplEqualsA0SystemStringA0SystemStringComparison', ID = '6239'
Method 'A0A0SystemCollectionsGenericIEnumerator1A0A0SystemCollectionsGenericDictionary2EntryA0SystemStringA0SystemReflectionAssemblyA0SystemSZArrayHelperGetEnumeratorA0A0System9C81C66A0EED5EEC239C2D89BCA936ED', ID = '6240'
Method 'A0SystemVoidA0SystemSZArrayHelperCopyToA0A0SystemCollectionsGenericDictionary2EntryA0SystemStringA0SystemReflectionAssemblyA0A0A0SystemCollectionsGenericDictionary2EntrBBB96ACDFC4E364280013C6E0549F6F2', ID = '6241'
Method 'A0SystemInt32A0SystemSZArrayHelperget_CountA0A0SystemCollectionsGenericDictionary2EntryA0SystemStringA0SystemReflectionAssembly', ID = '6242'
Method 'A0A0SystemCollectionsGenericDictionary2EntryA0SystemStringA0SystemReflectionAssemblyA0SystemSZArrayHelperget_ItemA0A0SystemCollectionsGenericDictionary2EntryA0SystemStr2709DCB2C31D39707D48B212390C5789', ID = '6243'
Method 'A0SystemVoidA0SystemSZArrayHelperset_ItemA0A0SystemCollectionsGenericDictionary2EntryA0SystemStringA0SystemReflectionAssemblyA0SystemInt32A0A0SystemCollectionsGenericDi45FEE2994E22C4BAB14F6853E6E6EBD3', ID = '6244'
Method 'A0SystemVoidA0SystemSZArrayHelperAddA0A0SystemCollectionsGenericDictionary2EntryA0SystemStringA0SystemReflectionAssemblyA0A0SystemCollectionsGenericDictionary2EntryA0Sy5838A9EADD3657EE5D3EFE0B65B19D33', ID = '6245'
Method 'A0SystemBooleanA0SystemSZArrayHelperContainsA0A0SystemCollectionsGenericDictionary2EntryA0SystemStringA0SystemReflectionAssemblyA0A0SystemCollectionsGenericDictionary2EF22B28FD6C590C5B00C0982105FE6B4F', ID = '6246'
Method 'A0SystemBooleanA0SystemSZArrayHelperget_IsReadOnlyA0A0SystemCollectionsGenericDictionary2EntryA0SystemStringA0SystemReflectionAssembly', ID = '6247'
Method 'A0SystemVoidA0SystemSZArrayHelperClearA0A0SystemCollectionsGenericDictionary2EntryA0SystemStringA0SystemReflectionAssembly', ID = '6248'
Method 'A0SystemInt32A0SystemSZArrayHelperIndexOfA0A0SystemCollectionsGenericDictionary2EntryA0SystemStringA0SystemReflectionAssemblyA0A0SystemCollectionsGenericDictionary2Entr1E78982428D4BA0676749074EB6A7209', ID = '6249'
Method 'A0SystemVoidA0SystemSZArrayHelperInsertA0A0SystemCollectionsGenericDictionary2EntryA0SystemStringA0SystemReflectionAssemblyA0SystemInt32A0A0SystemCollectionsGenericDictFD1D7855495F55DE8B26619614AC1C6A', ID = '6250'
Method 'A0SystemBooleanA0SystemSZArrayHelperRemoveA0A0SystemCollectionsGenericDictionary2EntryA0SystemStringA0SystemReflectionAssemblyA0A0SystemCollectionsGenericDictionary2EntD3D52794E1A154A930E0835B883AF4F4', ID = '6251'
Method 'A0SystemVoidA0SystemSZArrayHelperRemoveAtA0A0SystemCollectionsGenericDictionary2EntryA0SystemStringA0SystemReflectionAssemblyA0SystemInt32', ID = '6252'
Method 'A0SystemStringA0A0SystemRuntimeIntrinsicsVector1281A0SystemSingleToString', ID = '6264'
Method 'A0SystemBooleanA0A0SystemRuntimeIntrinsicsVector1281A0SystemSingleEqualsA0SystemObject', ID = '6265'
Method 'A0SystemInt32A0A0SystemRuntimeIntrinsicsVector1281A0SystemSingleGetHashCode', ID = '6266'
Method 'A0A0SystemRuntimeIntrinsicsVector1281A0SystemSingleA0InternalRuntimeCompilerServicesUnsafeAsA0A0SystemRuntimeIntrinsicsVector1281A0SystemByteA0A0SystemRuntimeIntrinsics6C392775EBB213E6E8D480DEC7115712', ID = '6268'
Method 'A0A0SystemRuntimeIntrinsicsVector1281A0SystemDoubleA0InternalRuntimeCompilerServicesUnsafeAsA0A0SystemRuntimeIntrinsicsVector1281A0SystemByteA0A0SystemRuntimeIntrinsics8807F250350D728FB38F445E13B584AA', ID = '6269'
Method 'A0A0SystemRuntimeIntrinsicsVector1281A0SystemByteA0InternalRuntimeCompilerServicesUnsafeAsA0A0SystemRuntimeIntrinsicsVector1281A0SystemByteA0A0SystemRuntimeIntrinsicsVeC27858DB6B4DFA8A66557A9029AE5E4A', ID = '6270'
Method 'A0SystemBooleanA0SystemByteEqualsA0SystemByte', ID = '6271'
Method 'A0SystemUInt32A3CosmosSystem_PlugsSystemHashCodeImplGenerateGlobalSeed', ID = '6272'
Method 'A0SystemStringA0A0SystemRuntimeIntrinsicsVector2561A0SystemSingleToString', ID = '6273'
Method 'A0SystemBooleanA0A0SystemRuntimeIntrinsicsVector2561A0SystemSingleEqualsA0SystemObject', ID = '6274'
Method 'A0SystemInt32A0A0SystemRuntimeIntrinsicsVector2561A0SystemSingleGetHashCode', ID = '6275'
Method 'A0A0SystemRuntimeIntrinsicsVector2561A0SystemSingleA0InternalRuntimeCompilerServicesUnsafeAsA0A0SystemRuntimeIntrinsicsVector2561A0SystemByteA0A0SystemRuntimeIntrinsicsEA71ECF5C870A2E26122E46C4AC06D7B', ID = '6277'
Method 'A0SystemStringA0A0SystemRuntimeIntrinsicsVector2561A0SystemDoubleToString', ID = '6278'
Method 'A0SystemBooleanA0A0SystemRuntimeIntrinsicsVector2561A0SystemDoubleEqualsA0SystemObject', ID = '6279'
Method 'A0SystemInt32A0A0SystemRuntimeIntrinsicsVector2561A0SystemDoubleGetHashCode', ID = '6280'
Method 'A0A0SystemRuntimeIntrinsicsVector2561A0SystemDoubleA0InternalRuntimeCompilerServicesUnsafeAsA0A0SystemRuntimeIntrinsicsVector2561A0SystemByteA0A0SystemRuntimeIntrinsics54BA7A59F1653385F63861712ACB6400', ID = '6282'
Method 'A0A0SystemRuntimeIntrinsicsVector2561A0SystemByteA0InternalRuntimeCompilerServicesUnsafeAsA0A0SystemRuntimeIntrinsicsVector2561A0SystemByteA0A0SystemRuntimeIntrinsicsVe603252EBAC7AB41CAA5EEF38C067188B', ID = '6283'
Method 'A0SystemStringA0A0SystemRuntimeIntrinsicsVector1281A0SystemInt32ToString', ID = '6284'
Method 'A0SystemBooleanA0A0SystemRuntimeIntrinsicsVector1281A0SystemInt32EqualsA0SystemObject', ID = '6285'
Method 'A0SystemInt32A0A0SystemRuntimeIntrinsicsVector1281A0SystemInt32GetHashCode', ID = '6286'
Method 'A0SystemVoidA0SystemThrowHelperThrowForUnsupportedIntrinsicsVectorBaseTypeA0SystemInt32', ID = '6289'
Method 'A0A0SystemRuntimeIntrinsicsVector1281A0SystemSingleA0InternalRuntimeCompilerServicesUnsafeAsA0A0SystemRuntimeIntrinsicsVector1281A0SystemInt32A0A0SystemRuntimeIntrinsic3D3299C9AF226A70017A0E19365BBD7D', ID = '6290'
Method 'A0A0SystemRuntimeIntrinsicsVector1281A0SystemDoubleA0InternalRuntimeCompilerServicesUnsafeAsA0A0SystemRuntimeIntrinsicsVector1281A0SystemInt64A0A0SystemRuntimeIntrinsicBC28413AF7D498B5F70F55C2ED6412BF', ID = '6292'
Method 'A0SystemBooleanA0A0SystemNumericsVector1A0SystemUInt64ScalarEqualsA0SystemUInt64A0SystemUInt64', ID = '6293'
Method 'A0A0SystemRuntimeIntrinsicsVector1281A0SystemSingleA0InternalRuntimeCompilerServicesUnsafeAsA0A0SystemRuntimeIntrinsicsVector1281A0SystemUInt16A0A0SystemRuntimeIntrinsi1A5D030F75D76E40EB2634F574B6E695', ID = '6294'
Method 'A0A0SystemRuntimeIntrinsicsVector1281A0SystemDoubleA0InternalRuntimeCompilerServicesUnsafeAsA0A0SystemRuntimeIntrinsicsVector1281A0SystemUInt16A0A0SystemRuntimeIntrinsi6490F19FEAE82C434140E7321C914822', ID = '6295'
Method 'A0SystemBooleanA0SystemUInt16EqualsA0SystemUInt16', ID = '6296'
Method 'A0A0SystemRuntimeIntrinsicsVector2561A0SystemSingleA0InternalRuntimeCompilerServicesUnsafeAsA0A0SystemRuntimeIntrinsicsVector2561A0SystemUInt16A0A0SystemRuntimeIntrinsi8BBDC6898C4AC3465119A3E6CC30A0BE', ID = '6297'
Method 'A0A0SystemRuntimeIntrinsicsVector2561A0SystemDoubleA0InternalRuntimeCompilerServicesUnsafeAsA0A0SystemRuntimeIntrinsicsVector2561A0SystemUInt16A0A0SystemRuntimeIntrinsiA3032414045BF6DF1809588B1761F416', ID = '6298'
Method 'A0SystemBooleanA2CosmosCore_PlugsSystemCollectionsGenericByteEqualityComparerEqualsA0SystemByteA0SystemByte', ID = '6300'
Method 'A0SystemBooleanA2CosmosCore_PlugsSystemCollectionsGenericStringEqualityComparerEqualsA0SystemStringA0SystemString', ID = '6303'
Method 'A0SystemBooleanA2CosmosCore_PlugsSystemCollectionsGenericInt32EqualityComparerEqualsA0SystemInt32A0SystemInt32', ID = '6304'
Method 'A0SystemBooleanA2CosmosCore_PlugsSystemCollectionsGenericUInt32EqualityComparerEqualsA0SystemUInt32A0SystemUInt32', ID = '6305'
Method 'A0SystemBooleanA2CosmosCore_PlugsSystemCollectionsGenericInt64EqualityComparerEqualsA0SystemInt64A0SystemInt64', ID = '6306'
Method 'A0SystemBooleanA2CosmosCore_PlugsSystemCollectionsGenericCharEqualityComparerEqualsA0SystemCharA0SystemChar', ID = '6309'
Method 'A0SystemBooleanA2CosmosCore_PlugsSystemCollectionsGenericObjectEqualityComparerEqualsA0SystemObjectA0SystemObject', ID = '6316'
Method 'A0SystemVoidA3CosmosSystem_PlugsSystemRandomImplCtor', ID = '6318'
Method 'A0SystemVoidA3CosmosSystem_PlugsSystemRandomImplNextBytesA0A0SystemBytearray', ID = '6319'
Method 'SystemVoidA0A0SystemSZGenericArrayEnumerator1A0A0SystemCollectionsGenericDictionary2EntryA0SystemStringA0SystemBooleancctor', ID = '6320'
Method 'A0SystemVoidA0A0SystemSZGenericArrayEnumerator1A0A0SystemCollectionsGenericDictionary2EntryA0SystemStringA0SystemBooleanDispose', ID = '6321'
Method 'A0SystemBooleanA0A0SystemSZGenericArrayEnumerator1A0A0SystemCollectionsGenericDictionary2EntryA0SystemStringA0SystemBooleanMoveNext', ID = '6322'
Method 'A0SystemBooleanA0SystemRuntimeCompilerServicesRuntimeHelpersIsBitwiseEquatableA0A0SystemCollectionsGenericDictionary2EntryA0SystemStringA0SystemBoolean', ID = '6323'
Method 'A0SystemInt32A0InternalRuntimeCompilerServicesUnsafeSizeOfA0A0SystemCollectionsGenericDictionary2EntryA0SystemStringA0SystemBoolean', ID = '6324'
Method 'A0SystemByteA0InternalRuntimeCompilerServicesUnsafeAsA0A0SystemCollectionsGenericDictionary2EntryA0SystemStringA0SystemBooleanA0SystemByteA0A0SystemCollectionsGenericDiB7482B98E89B7F81B04B3C847F6CEFA8', ID = '6325'
Method 'A0SystemCharA0InternalRuntimeCompilerServicesUnsafeAsA0A0SystemCollectionsGenericDictionary2EntryA0SystemStringA0SystemBooleanA0SystemCharA0A0SystemCollectionsGenericDiE362B5AE92E298047DE62287881BC4A7', ID = '6326'
Method 'A0SystemInt32A0InternalRuntimeCompilerServicesUnsafeAsA0A0SystemCollectionsGenericDictionary2EntryA0SystemStringA0SystemBooleanA0SystemInt32A0A0SystemCollectionsGeneric2FE259ECA2407AFADE633FA6092FB46C', ID = '6327'
Method 'A0SystemInt64A0InternalRuntimeCompilerServicesUnsafeAsA0A0SystemCollectionsGenericDictionary2EntryA0SystemStringA0SystemBooleanA0SystemInt64A0A0SystemCollectionsGeneric74CFDD4CC18B6ACCFE3C2CC7BBF87013', ID = '6328'
Method 'A0A0SystemCollectionsGenericEqualityComparer1A0A0SystemCollectionsGenericDictionary2EntryA0SystemStringA0SystemBooleanA0A0SystemCollectionsGenericEqualityComparer1A0A0S0C2CB28EC6A21E2D9ADFA9617C8F2214', ID = '6329'
Method 'A0SystemInt32A0A0SystemCollectionsGenericEqualityComparer1A0A0SystemCollectionsGenericDictionary2EntryA0SystemStringA0SystemBooleanIndexOfA0A0A0SystemCollectionsGeneric7874F0D10E0778231DDA5C318948A0FF', ID = '6330'
Method 'SystemVoidA8A8CosmosIL2CPUSZArrayImpl1GetEnumeratord__0A0A0SystemCollectionsGenericDictionary2EntryA0SystemStringA0SystemBooleanctorA0SystemInt32', ID = '6331'
Method 'A0A0SystemCollectionsGenericIEnumerator1A0SystemBooleanA0SystemSZArrayHelperGetEnumeratorA0SystemBoolean', ID = '6333'
Method 'A0SystemVoidA0SystemSZArrayHelperCopyToA0SystemBooleanA0A0SystemBooleanarrayA0SystemInt32', ID = '6334'
Method 'A0SystemInt32A0SystemSZArrayHelperget_CountA0SystemBoolean', ID = '6335'
Method 'A0SystemBooleanA0SystemSZArrayHelperget_ItemA0SystemBooleanA0SystemInt32', ID = '6336'
Method 'A0SystemVoidA0SystemSZArrayHelperset_ItemA0SystemBooleanA0SystemInt32A0SystemBoolean', ID = '6337'
Method 'A0SystemVoidA0SystemSZArrayHelperAddA0SystemBooleanA0SystemBoolean', ID = '6338'
Method 'A0SystemBooleanA0SystemSZArrayHelperContainsA0SystemBooleanA0SystemBoolean', ID = '6339'
Method 'A0SystemBooleanA0SystemSZArrayHelperget_IsReadOnlyA0SystemBoolean', ID = '6340'
Method 'A0SystemVoidA0SystemSZArrayHelperClearA0SystemBoolean', ID = '6341'
Method 'A0SystemInt32A0SystemSZArrayHelperIndexOfA0SystemBooleanA0SystemBoolean', ID = '6342'
Method 'A0SystemVoidA0SystemSZArrayHelperInsertA0SystemBooleanA0SystemInt32A0SystemBoolean', ID = '6343'
Method 'A0SystemBooleanA0SystemSZArrayHelperRemoveA0SystemBooleanA0SystemBoolean', ID = '6344'
Method 'A0SystemVoidA0SystemSZArrayHelperRemoveAtA0SystemBooleanA0SystemInt32', ID = '6345'
Method 'A0A0A0SystemCollectionsGenericKeyValuePair2A0SystemStringA0SystemBooleanarrayA0InternalRuntimeCompilerServicesUnsafeAsA0A0A0SystemCollectionsGenericKeyValuePair2A0Syste4757D5E4D199F30CF365B14C4F365C29', ID = '6350'
Method 'SystemVoidA0A0SystemSZGenericArrayEnumerator1A0A0SystemCollectionsGenericKeyValuePair2A0SystemStringA0SystemBooleanctorA0A0A0SystemCollectionsGenericKeyValuePair2A0SystemStringA0SystemBooleanarray', ID = '6351'
Method 'A0SystemInt32A0SystemArrayIndexOfA0A0SystemCollectionsGenericKeyValuePair2A0SystemStringA0SystemBooleanA0A0A0SystemCollectionsGenericKeyValuePair2A0SystemStringA0System7B358226ADDDBB4E6E25957BAEA1938C', ID = '6355'
Method 'A0A0SystemCollectionsGenericIEnumerator1A0A0SystemCollectionsGenericKeyValuePair2A0SystemStringA0SystemBooleanA8A8CosmosIL2CPUSZArrayImpl1A0A0SystemCollectionsGenericKe01CEFA07D5E7DA02D92F1FEA2125B4F6', ID = '6356'
Method 'A0SystemVoidA8A8CosmosIL2CPUSZArrayImpl1A0A0SystemCollectionsGenericKeyValuePair2A0SystemStringA0SystemBooleanCopyToA0A0A0SystemCollectionsGenericKeyValuePair2A0SystemS8A87B08BEFA9EE8044B159D50FAE3848', ID = '6357'
Method 'A0SystemInt32A8A8CosmosIL2CPUSZArrayImpl1A0A0SystemCollectionsGenericKeyValuePair2A0SystemStringA0SystemBooleanget_Count', ID = '6358'
Method 'A0A0SystemCollectionsGenericKeyValuePair2A0SystemStringA0SystemBooleanA8A8CosmosIL2CPUSZArrayImpl1A0A0SystemCollectionsGenericKeyValuePair2A0SystemStringA0SystemBooleanget_ItemA0SystemInt32', ID = '6359'
Method 'A0SystemVoidA8A8CosmosIL2CPUSZArrayImpl1A0A0SystemCollectionsGenericKeyValuePair2A0SystemStringA0SystemBooleanset_ItemA0SystemInt32A0A0SystemCollectionsGenericKeyValueP5F4CA4AB312F89E430E5D08AE539B34B', ID = '6360'
Method 'A0SystemVoidA8A8CosmosIL2CPUSZArrayImpl1A0A0SystemCollectionsGenericKeyValuePair2A0SystemStringA0SystemBooleanAddA0A0SystemCollectionsGenericKeyValuePair2A0SystemStringA0SystemBoolean', ID = '6361'
Method 'A0SystemBooleanA8A8CosmosIL2CPUSZArrayImpl1A0A0SystemCollectionsGenericKeyValuePair2A0SystemStringA0SystemBooleanContainsA0A0SystemCollectionsGenericKeyValuePair2A0SystemStringA0SystemBoolean', ID = '6362'
Method 'A0SystemBooleanA8A8CosmosIL2CPUSZArrayImpl1A0A0SystemCollectionsGenericKeyValuePair2A0SystemStringA0SystemBooleanget_IsReadOnly', ID = '6363'
Method 'A0SystemVoidA8A8CosmosIL2CPUSZArrayImpl1A0A0SystemCollectionsGenericKeyValuePair2A0SystemStringA0SystemBooleanClear', ID = '6364'
Method 'A0SystemInt32A8A8CosmosIL2CPUSZArrayImpl1A0A0SystemCollectionsGenericKeyValuePair2A0SystemStringA0SystemBooleanIndexOfA0A0SystemCollectionsGenericKeyValuePair2A0SystemStringA0SystemBoolean', ID = '6365'
Method 'A0SystemVoidA8A8CosmosIL2CPUSZArrayImpl1A0A0SystemCollectionsGenericKeyValuePair2A0SystemStringA0SystemBooleanInsertA0SystemInt32A0A0SystemCollectionsGenericKeyValuePair2A0SystemStringA0SystemBoolean', ID = '6366'
Method 'A0SystemVoidA8A8CosmosIL2CPUSZArrayImpl1A0A0SystemCollectionsGenericKeyValuePair2A0SystemStringA0SystemBooleanRemoveAtA0SystemInt32', ID = '6367'
Method 'A0SystemBooleanA8A8CosmosIL2CPUSZArrayImpl1A0A0SystemCollectionsGenericKeyValuePair2A0SystemStringA0SystemBooleanget_IsFixedSize', ID = '6368'
Method 'A0SystemVoidA8A8CosmosIL2CPUSZArrayImpl1A0A0SystemCollectionsGenericKeyValuePair2A0SystemStringA0SystemBooleanRemoveA0A0SystemCollectionsGenericKeyValuePair2A0SystemStringA0SystemBoolean', ID = '6369'
Method 'A0SystemObjectA8A8CosmosIL2CPUSZArrayImpl1A0A0SystemCollectionsGenericKeyValuePair2A0SystemStringA0SystemBooleanget_SyncRoot', ID = '6370'
Method 'A0SystemBooleanA8A8CosmosIL2CPUSZArrayImpl1A0A0SystemCollectionsGenericKeyValuePair2A0SystemStringA0SystemBooleanget_IsSynchronized', ID = '6371'
Method 'A0SystemInt32A0SystemStringGetNonRandomizedHashCodeOrdinalIgnoreCase', ID = '6372'
Method 'A0SystemInt32A2CosmosCore_PlugsSystemStringImplGetNonRandomizedHashCodeA0SystemString', ID = '6373'
Method 'A0SystemInt32A0SystemMarvinComputeHash32OrdinalIgnoreCaseA0SystemCharA0SystemInt32A0SystemUInt32A0SystemUInt32', ID = '6374'
Method 'A0SystemBooleanA0SystemStringEqualsOrdinalIgnoreCaseA0SystemStringA0SystemString', ID = '6375'
Method 'A0SystemCharA0InternalRuntimeCompilerServicesUnsafeAddByteOffsetA0SystemCharA0SystemCharA0SystemIntPtr', ID = '6377'
Method 'A0SystemUInt64A0InternalRuntimeCompilerServicesUnsafeReadUnalignedA0SystemUInt64A0SystemByte', ID = '6378'
Method 'A0SystemBooleanA0SystemTextUnicodeUtf16UtilityAllCharsInUInt32AreAsciiA0SystemUInt32', ID = '6379'
Method 'A0SystemBooleanA0SystemTextUnicodeUtf16UtilityUInt64OrdinalIgnoreCaseAsciiA0SystemUInt64A0SystemUInt64', ID = '6380'
Method 'A0SystemIntPtrA0SystemIntPtrop_AdditionA0SystemIntPtrA0SystemInt32', ID = '6381'
Method 'A0SystemBooleanA0SystemTextUnicodeUtf16UtilityUInt32OrdinalIgnoreCaseAsciiA0SystemUInt32A0SystemUInt32', ID = '6382'
Method 'A0SystemInt32A0SystemGlobalizationOrdinalCompareStringIgnoreCaseA0SystemCharA0SystemInt32A0SystemCharA0SystemInt32', ID = '6383'
Method 'A0A0A0SystemCollectionsGenericDictionary2EntryA0SystemStringA0SystemObjectarrayA0InternalRuntimeCompilerServicesUnsafeAsA0A0A0SystemCollectionsGenericDictionary2EntryA08763BED5F46014A964299E401ED5DE18', ID = '6385'
Method 'SystemVoidA0A0SystemSZGenericArrayEnumerator1A0A0SystemCollectionsGenericDictionary2EntryA0SystemStringA0SystemObjectctorA0A0A0SystemCollectionsGenericDictionary2EntryA0SystemStringA0SystemObjectarray', ID = '6386'
Method 'A0SystemInt32A0SystemArrayIndexOfA0A0SystemCollectionsGenericDictionary2EntryA0SystemStringA0SystemObjectA0A0A0SystemCollectionsGenericDictionary2EntryA0SystemStringA0SD5D066813F9A17633B34C13C693E8578', ID = '6389'
Method 'A0A0SystemCollectionsGenericIEnumerator1A0A0SystemCollectionsGenericDictionary2EntryA0SystemStringA0SystemObjectA8A8CosmosIL2CPUSZArrayImpl1A0A0SystemCollectionsGeneric7DE294430B37A68C4C1F4404841196BA', ID = '6390'
Method 'A0SystemVoidA8A8CosmosIL2CPUSZArrayImpl1A0A0SystemCollectionsGenericDictionary2EntryA0SystemStringA0SystemObjectCopyToA0A0A0SystemCollectionsGenericDictionary2EntryA0SyE2E2F721F61AF0478EA8B908A963C531', ID = '6391'
Method 'A0SystemInt32A8A8CosmosIL2CPUSZArrayImpl1A0A0SystemCollectionsGenericDictionary2EntryA0SystemStringA0SystemObjectget_Count', ID = '6392'
Method 'A0A0SystemCollectionsGenericDictionary2EntryA0SystemStringA0SystemObjectA8A8CosmosIL2CPUSZArrayImpl1A0A0SystemCollectionsGenericDictionary2EntryA0SystemStringA0SystemObjectget_ItemA0SystemInt32', ID = '6393'
Method 'A0SystemVoidA8A8CosmosIL2CPUSZArrayImpl1A0A0SystemCollectionsGenericDictionary2EntryA0SystemStringA0SystemObjectset_ItemA0SystemInt32A0A0SystemCollectionsGenericDiction5A81632BE6BA91C734B8BF888B7A11D8', ID = '6394'
Method 'A0SystemVoidA8A8CosmosIL2CPUSZArrayImpl1A0A0SystemCollectionsGenericDictionary2EntryA0SystemStringA0SystemObjectAddA0A0SystemCollectionsGenericDictionary2EntryA0SystemStringA0SystemObject', ID = '6395'
Method 'A0SystemBooleanA8A8CosmosIL2CPUSZArrayImpl1A0A0SystemCollectionsGenericDictionary2EntryA0SystemStringA0SystemObjectContainsA0A0SystemCollectionsGenericDictionary2EntryA0SystemStringA0SystemObject', ID = '6396'
Method 'A0SystemBooleanA8A8CosmosIL2CPUSZArrayImpl1A0A0SystemCollectionsGenericDictionary2EntryA0SystemStringA0SystemObjectget_IsReadOnly', ID = '6397'
Method 'A0SystemVoidA8A8CosmosIL2CPUSZArrayImpl1A0A0SystemCollectionsGenericDictionary2EntryA0SystemStringA0SystemObjectClear', ID = '6398'
Method 'A0SystemInt32A8A8CosmosIL2CPUSZArrayImpl1A0A0SystemCollectionsGenericDictionary2EntryA0SystemStringA0SystemObjectIndexOfA0A0SystemCollectionsGenericDictionary2EntryA0SystemStringA0SystemObject', ID = '6399'
Method 'A0SystemVoidA8A8CosmosIL2CPUSZArrayImpl1A0A0SystemCollectionsGenericDictionary2EntryA0SystemStringA0SystemObjectInsertA0SystemInt32A0A0SystemCollectionsGenericDictionarECACD8FA1513495702F8D9AA8E08178F', ID = '6400'
Method 'A0SystemVoidA8A8CosmosIL2CPUSZArrayImpl1A0A0SystemCollectionsGenericDictionary2EntryA0SystemStringA0SystemObjectRemoveAtA0SystemInt32', ID = '6401'
Method 'A0SystemBooleanA8A8CosmosIL2CPUSZArrayImpl1A0A0SystemCollectionsGenericDictionary2EntryA0SystemStringA0SystemObjectget_IsFixedSize', ID = '6402'
Method 'A0SystemVoidA8A8CosmosIL2CPUSZArrayImpl1A0A0SystemCollectionsGenericDictionary2EntryA0SystemStringA0SystemObjectRemoveA0A0SystemCollectionsGenericDictionary2EntryA0SystemStringA0SystemObject', ID = '6403'
Method 'A0SystemObjectA8A8CosmosIL2CPUSZArrayImpl1A0A0SystemCollectionsGenericDictionary2EntryA0SystemStringA0SystemObjectget_SyncRoot', ID = '6404'
Method 'A0SystemBooleanA8A8CosmosIL2CPUSZArrayImpl1A0A0SystemCollectionsGenericDictionary2EntryA0SystemStringA0SystemObjectget_IsSynchronized', ID = '6405'
Method 'A0A0SystemCollectionsGenericIEnumerator1A0A0SystemCollectionsGenericKeyValuePair2A0SystemStringA0SystemObjectA0SystemSZArrayHelperGetEnumeratorA0A0SystemCollectionsGene8664565001D636EAB050A9FC84B27E2E', ID = '6406'
Method 'A0SystemVoidA0SystemSZArrayHelperCopyToA0A0SystemCollectionsGenericKeyValuePair2A0SystemStringA0SystemObjectA0A0A0SystemCollectionsGenericKeyValuePair2A0SystemStringA0SystemObjectarrayA0SystemInt32', ID = '6407'
Method 'A0SystemInt32A0SystemSZArrayHelperget_CountA0A0SystemCollectionsGenericKeyValuePair2A0SystemStringA0SystemObject', ID = '6408'
Method 'A0A0SystemCollectionsGenericKeyValuePair2A0SystemStringA0SystemObjectA0SystemSZArrayHelperget_ItemA0A0SystemCollectionsGenericKeyValuePair2A0SystemStringA0SystemObjectA0SystemInt32', ID = '6409'
Method 'A0SystemVoidA0SystemSZArrayHelperset_ItemA0A0SystemCollectionsGenericKeyValuePair2A0SystemStringA0SystemObjectA0SystemInt32A0A0SystemCollectionsGenericKeyValuePair2A0SystemStringA0SystemObject', ID = '6410'
Method 'A0SystemVoidA0SystemSZArrayHelperAddA0A0SystemCollectionsGenericKeyValuePair2A0SystemStringA0SystemObjectA0A0SystemCollectionsGenericKeyValuePair2A0SystemStringA0SystemObject', ID = '6411'
Method 'A0SystemBooleanA0SystemSZArrayHelperContainsA0A0SystemCollectionsGenericKeyValuePair2A0SystemStringA0SystemObjectA0A0SystemCollectionsGenericKeyValuePair2A0SystemStringA0SystemObject', ID = '6412'
Method 'A0SystemBooleanA0SystemSZArrayHelperget_IsReadOnlyA0A0SystemCollectionsGenericKeyValuePair2A0SystemStringA0SystemObject', ID = '6413'
Method 'A0SystemVoidA0SystemSZArrayHelperClearA0A0SystemCollectionsGenericKeyValuePair2A0SystemStringA0SystemObject', ID = '6414'
Method 'A0SystemInt32A0SystemSZArrayHelperIndexOfA0A0SystemCollectionsGenericKeyValuePair2A0SystemStringA0SystemObjectA0A0SystemCollectionsGenericKeyValuePair2A0SystemStringA0SystemObject', ID = '6415'
Method 'A0SystemVoidA0SystemSZArrayHelperInsertA0A0SystemCollectionsGenericKeyValuePair2A0SystemStringA0SystemObjectA0SystemInt32A0A0SystemCollectionsGenericKeyValuePair2A0SystemStringA0SystemObject', ID = '6416'
Method 'A0SystemBooleanA0SystemSZArrayHelperRemoveA0A0SystemCollectionsGenericKeyValuePair2A0SystemStringA0SystemObjectA0A0SystemCollectionsGenericKeyValuePair2A0SystemStringA0SystemObject', ID = '6417'
Method 'A0SystemVoidA0SystemSZArrayHelperRemoveAtA0A0SystemCollectionsGenericKeyValuePair2A0SystemStringA0SystemObjectA0SystemInt32', ID = '6418'
Method 'A0SystemVoidA3CosmosSystem_PlugsSystemRuntimeInteropServicesSafeHandleImplDispose', ID = '6422'
Method 'SystemVoidA0SystemThreadingTasksTaskCachecctor', ID = '6424'
Method 'SystemVoidA0SystemThreadingTasksTaskctorA0SystemBooleanA0SystemThreadingTasksTaskCreationOptionsA0SystemThreadingCancellationToken', ID = '6426'
Method 'A0A0SystemThreadingIAsyncLocalarrayA0InternalRuntimeCompilerServicesUnsafeAsA0A0SystemThreadingIAsyncLocalarrayA0SystemObject', ID = '6428'
Method 'SystemVoidA0A0SystemSZGenericArrayEnumerator1A0SystemThreadingIAsyncLocalctorA0A0SystemThreadingIAsyncLocalarray', ID = '6429'
Method 'A0SystemInt32A0SystemArrayIndexOfA0SystemThreadingIAsyncLocalA0A0SystemThreadingIAsyncLocalarrayA0SystemThreadingIAsyncLocalA0SystemInt32A0SystemInt32', ID = '6433'
Method 'A0A0SystemCollectionsGenericIEnumerator1A0SystemThreadingIAsyncLocalA8A8CosmosIL2CPUSZArrayImpl1A0SystemThreadingIAsyncLocalGetEnumerator', ID = '6434'
Method 'A0SystemVoidA8A8CosmosIL2CPUSZArrayImpl1A0SystemThreadingIAsyncLocalCopyToA0A0SystemThreadingIAsyncLocalarrayA0SystemInt32', ID = '6435'
Method 'A0SystemInt32A8A8CosmosIL2CPUSZArrayImpl1A0SystemThreadingIAsyncLocalget_Count', ID = '6436'
Method 'A0SystemThreadingIAsyncLocalA8A8CosmosIL2CPUSZArrayImpl1A0SystemThreadingIAsyncLocalget_ItemA0SystemInt32', ID = '6437'
Method 'A0SystemVoidA8A8CosmosIL2CPUSZArrayImpl1A0SystemThreadingIAsyncLocalset_ItemA0SystemInt32A0SystemThreadingIAsyncLocal', ID = '6438'
Method 'A0SystemVoidA8A8CosmosIL2CPUSZArrayImpl1A0SystemThreadingIAsyncLocalAddA0SystemThreadingIAsyncLocal', ID = '6439'
Method 'A0SystemBooleanA8A8CosmosIL2CPUSZArrayImpl1A0SystemThreadingIAsyncLocalContainsA0SystemThreadingIAsyncLocal', ID = '6440'
Method 'A0SystemBooleanA8A8CosmosIL2CPUSZArrayImpl1A0SystemThreadingIAsyncLocalget_IsReadOnly', ID = '6441'
Method 'A0SystemVoidA8A8CosmosIL2CPUSZArrayImpl1A0SystemThreadingIAsyncLocalClear', ID = '6442'
Method 'A0SystemInt32A8A8CosmosIL2CPUSZArrayImpl1A0SystemThreadingIAsyncLocalIndexOfA0SystemThreadingIAsyncLocal', ID = '6443'
Method 'A0SystemVoidA8A8CosmosIL2CPUSZArrayImpl1A0SystemThreadingIAsyncLocalInsertA0SystemInt32A0SystemThreadingIAsyncLocal', ID = '6444'
Method 'A0SystemVoidA8A8CosmosIL2CPUSZArrayImpl1A0SystemThreadingIAsyncLocalRemoveAtA0SystemInt32', ID = '6445'
Method 'A0SystemBooleanA8A8CosmosIL2CPUSZArrayImpl1A0SystemThreadingIAsyncLocalget_IsFixedSize', ID = '6446'
Method 'A0SystemVoidA8A8CosmosIL2CPUSZArrayImpl1A0SystemThreadingIAsyncLocalRemoveA0SystemThreadingIAsyncLocal', ID = '6447'
Method 'A0SystemObjectA8A8CosmosIL2CPUSZArrayImpl1A0SystemThreadingIAsyncLocalget_SyncRoot', ID = '6448'
Method 'A0SystemBooleanA8A8CosmosIL2CPUSZArrayImpl1A0SystemThreadingIAsyncLocalget_IsSynchronized', ID = '6449'
Method 'A0A0SystemCollectionsGenericIEnumerator1A0SystemRuntimeExceptionServicesExceptionDispatchInfoA0SystemSZArrayHelperGetEnumeratorA0SystemRuntimeExceptionServicesExceptionDispatchInfo', ID = '6451'
Method 'A0SystemVoidA0SystemSZArrayHelperCopyToA0SystemRuntimeExceptionServicesExceptionDispatchInfoA0A0SystemRuntimeExceptionServicesExceptionDispatchInfoarrayA0SystemInt32', ID = '6452'
Method 'A0SystemInt32A0SystemSZArrayHelperget_CountA0SystemRuntimeExceptionServicesExceptionDispatchInfo', ID = '6453'
Method 'A0SystemRuntimeExceptionServicesExceptionDispatchInfoA0SystemSZArrayHelperget_ItemA0SystemRuntimeExceptionServicesExceptionDispatchInfoA0SystemInt32', ID = '6454'
Method 'A0SystemVoidA0SystemSZArrayHelperset_ItemA0SystemRuntimeExceptionServicesExceptionDispatchInfoA0SystemInt32A0SystemRuntimeExceptionServicesExceptionDispatchInfo', ID = '6455'
Method 'A0SystemVoidA0SystemSZArrayHelperAddA0SystemRuntimeExceptionServicesExceptionDispatchInfoA0SystemRuntimeExceptionServicesExceptionDispatchInfo', ID = '6456'
Method 'A0SystemBooleanA0SystemSZArrayHelperContainsA0SystemRuntimeExceptionServicesExceptionDispatchInfoA0SystemRuntimeExceptionServicesExceptionDispatchInfo', ID = '6457'
Method 'A0SystemBooleanA0SystemSZArrayHelperget_IsReadOnlyA0SystemRuntimeExceptionServicesExceptionDispatchInfo', ID = '6458'
Method 'A0SystemVoidA0SystemSZArrayHelperClearA0SystemRuntimeExceptionServicesExceptionDispatchInfo', ID = '6459'
Method 'A0SystemInt32A0SystemSZArrayHelperIndexOfA0SystemRuntimeExceptionServicesExceptionDispatchInfoA0SystemRuntimeExceptionServicesExceptionDispatchInfo', ID = '6460'
Method 'A0SystemVoidA0SystemSZArrayHelperInsertA0SystemRuntimeExceptionServicesExceptionDispatchInfoA0SystemInt32A0SystemRuntimeExceptionServicesExceptionDispatchInfo', ID = '6461'
Method 'A0SystemBooleanA0SystemSZArrayHelperRemoveA0SystemRuntimeExceptionServicesExceptionDispatchInfoA0SystemRuntimeExceptionServicesExceptionDispatchInfo', ID = '6462'
Method 'A0SystemVoidA0SystemSZArrayHelperRemoveAtA0SystemRuntimeExceptionServicesExceptionDispatchInfoA0SystemInt32', ID = '6463'
Method 'SystemVoidA0SystemThreadingCancellationTokenSourcector', ID = '6465'
Method 'A0SystemVoidA0SystemThreadingCancellationTokenSourceTimerCallbackA0SystemObject', ID = '6467'
Method 'A0SystemVoidA12CosmosCore_AsmDelegateImplCtorA0SystemObjectA0SystemIntPtr', ID = '1892'
Method 'SystemVoidA0SystemThreadingTimerQueueTimercctor', ID = '6470'
Method 'A0SystemVoidA3CosmosSystem_PlugsSystemThreadingCancellationTokenSourceImplDispose', ID = '6474'
Method 'A0SystemBooleanA0SystemThreadingCancellationTokenRegistrationEqualsA0SystemThreadingCancellationTokenRegistration', ID = '6476'
Method 'A0SystemBooleanA0SystemThreadingCancellationTokenSourceRegistrationsUnregisterA0SystemInt64A0SystemThreadingCancellationTokenSourceCallbackNode', ID = '6477'
Method 'A0SystemVoidA0SystemThreadingCancellationTokenRegistrationDisposeg__WaitForCallbackIfNecessarysLine3_0A0SystemInt64A0SystemThreadingCancellationTokenSourceCallbackNode', ID = '6478'
Method 'A0A0SystemThreadingTasksTaskarrayA0InternalRuntimeCompilerServicesUnsafeAsA0A0SystemThreadingTasksTaskarrayA0SystemObject', ID = '6480'
Method 'SystemVoidA0A0SystemSZGenericArrayEnumerator1A0SystemThreadingTasksTaskctorA0A0SystemThreadingTasksTaskarray', ID = '6481'
Method 'A0SystemInt32A0SystemArrayIndexOfA0SystemThreadingTasksTaskA0A0SystemThreadingTasksTaskarrayA0SystemThreadingTasksTaskA0SystemInt32A0SystemInt32', ID = '6484'
Method 'A0A0SystemCollectionsGenericIEnumerator1A0SystemThreadingTasksTaskA8A8CosmosIL2CPUSZArrayImpl1A0SystemThreadingTasksTaskGetEnumerator', ID = '6485'
Method 'A0SystemVoidA8A8CosmosIL2CPUSZArrayImpl1A0SystemThreadingTasksTaskCopyToA0A0SystemThreadingTasksTaskarrayA0SystemInt32', ID = '6486'
Method 'A0SystemInt32A8A8CosmosIL2CPUSZArrayImpl1A0SystemThreadingTasksTaskget_Count', ID = '6487'
Method 'A0SystemThreadingTasksTaskA8A8CosmosIL2CPUSZArrayImpl1A0SystemThreadingTasksTaskget_ItemA0SystemInt32', ID = '6488'
Method 'A0SystemVoidA8A8CosmosIL2CPUSZArrayImpl1A0SystemThreadingTasksTaskset_ItemA0SystemInt32A0SystemThreadingTasksTask', ID = '6489'
Method 'A0SystemVoidA8A8CosmosIL2CPUSZArrayImpl1A0SystemThreadingTasksTaskAddA0SystemThreadingTasksTask', ID = '6490'
Method 'A0SystemBooleanA8A8CosmosIL2CPUSZArrayImpl1A0SystemThreadingTasksTaskContainsA0SystemThreadingTasksTask', ID = '6491'
Method 'A0SystemBooleanA8A8CosmosIL2CPUSZArrayImpl1A0SystemThreadingTasksTaskget_IsReadOnly', ID = '6492'
Method 'A0SystemVoidA8A8CosmosIL2CPUSZArrayImpl1A0SystemThreadingTasksTaskClear', ID = '6493'
Method 'A0SystemInt32A8A8CosmosIL2CPUSZArrayImpl1A0SystemThreadingTasksTaskIndexOfA0SystemThreadingTasksTask', ID = '6494'
Method 'A0SystemVoidA8A8CosmosIL2CPUSZArrayImpl1A0SystemThreadingTasksTaskInsertA0SystemInt32A0SystemThreadingTasksTask', ID = '6495'
Method 'A0SystemVoidA8A8CosmosIL2CPUSZArrayImpl1A0SystemThreadingTasksTaskRemoveAtA0SystemInt32', ID = '6496'
Method 'A0SystemBooleanA8A8CosmosIL2CPUSZArrayImpl1A0SystemThreadingTasksTaskget_IsFixedSize', ID = '6497'
Method 'A0SystemVoidA8A8CosmosIL2CPUSZArrayImpl1A0SystemThreadingTasksTaskRemoveA0SystemThreadingTasksTask', ID = '6498'
Method 'A0SystemObjectA8A8CosmosIL2CPUSZArrayImpl1A0SystemThreadingTasksTaskget_SyncRoot', ID = '6499'
Method 'A0SystemBooleanA8A8CosmosIL2CPUSZArrayImpl1A0SystemThreadingTasksTaskget_IsSynchronized', ID = '6500'
Method 'SystemVoidA0A0SystemCollectionsGenericEqualityComparer1A6CosmosHALPCIDevicecctor', ID = '6501'
Method 'SystemVoidA0A0SystemSZGenericArrayEnumerator1A0SystemUInt16cctor', ID = '6503'
Method 'A0SystemVoidA0A0SystemSZGenericArrayEnumerator1A0SystemUInt16Dispose', ID = '6504'
Method 'A0SystemBooleanA0A0SystemSZGenericArrayEnumerator1A0SystemUInt16MoveNext', ID = '6505'
Method 'A0SystemBooleanA0SystemRuntimeCompilerServicesRuntimeHelpersIsBitwiseEquatableA0SystemUInt16', ID = '6506'
Method 'A0SystemByteA0InternalRuntimeCompilerServicesUnsafeAsA0SystemUInt16A0SystemByteA0SystemUInt16', ID = '6507'
Method 'A0SystemCharA0InternalRuntimeCompilerServicesUnsafeAsA0SystemUInt16A0SystemCharA0SystemUInt16', ID = '6508'
Method 'A0SystemInt32A0InternalRuntimeCompilerServicesUnsafeAsA0SystemUInt16A0SystemInt32A0SystemUInt16', ID = '6509'
Method 'A0SystemInt64A0InternalRuntimeCompilerServicesUnsafeAsA0SystemUInt16A0SystemInt64A0SystemUInt16', ID = '6510'
Method 'A0A0SystemCollectionsGenericEqualityComparer1A0SystemUInt16A0A0SystemCollectionsGenericEqualityComparer1A0SystemUInt16get_Default', ID = '6511'
Method 'A0SystemInt32A0A0SystemCollectionsGenericEqualityComparer1A0SystemUInt16IndexOfA0A0SystemUInt16arrayA0SystemUInt16A0SystemInt32A0SystemInt32', ID = '6512'
Method 'SystemVoidA8A8CosmosIL2CPUSZArrayImpl1GetEnumeratord__0A0SystemUInt16ctorA0SystemInt32', ID = '6513'
Method 'A0SystemInt32A0SystemTextUTF8EncodingGetCharsCommonA0SystemBytepointerA0SystemInt32A0SystemCharpointerA0SystemInt32', ID = '6515'
Method 'A0SystemVoidA0SystemThrowHelperThrowArgumentNullExceptionA0SystemExceptionArgumentA0SystemExceptionResource', ID = '6516'
Method 'A0SystemStringA0SystemStringCreateStringFromEncodingA0SystemBytepointerA0SystemInt32A0SystemTextEncoding', ID = '6517'
Method 'A0A0SystemChararrayA4CosmosSystemConsoleConsoleEncodingGetCharsA0A0SystemBytearrayA0SystemInt32A0SystemInt32', ID = '6518'
Method 'A0SystemInt32A0InternalRuntimeCompilerServicesUnsafeSizeOfA0SystemGuid', ID = '6522'
Method 'A0SystemGuidA0InternalRuntimeCompilerServicesUnsafeReadUnalignedA0SystemGuidA0SystemByte', ID = '6523'
Method 'A0SystemVoidA0A0SystemCollectionsGenericList1A6CosmosHALBlockDeviceGPTGPartInfoset_CapacityA0SystemInt32', ID = '6524'
Method 'SystemVoidA0A0SystemSZGenericArrayEnumerator1A6CosmosHALBlockDeviceGPTGPartInfocctor', ID = '6525'
Method 'A0SystemVoidA0A0SystemSZGenericArrayEnumerator1A6CosmosHALBlockDeviceGPTGPartInfoDispose', ID = '6526'
Method 'A0SystemBooleanA0A0SystemSZGenericArrayEnumerator1A6CosmosHALBlockDeviceGPTGPartInfoMoveNext', ID = '6527'
Method 'A0SystemBooleanA0SystemRuntimeCompilerServicesRuntimeHelpersIsBitwiseEquatableA6CosmosHALBlockDeviceGPTGPartInfo', ID = '6528'
Method 'A0SystemInt32A0InternalRuntimeCompilerServicesUnsafeSizeOfA6CosmosHALBlockDeviceGPTGPartInfo', ID = '6529'
Method 'A0SystemByteA0InternalRuntimeCompilerServicesUnsafeAsA6CosmosHALBlockDeviceGPTGPartInfoA0SystemByteA6CosmosHALBlockDeviceGPTGPartInfo', ID = '6530'
Method 'A0SystemCharA0InternalRuntimeCompilerServicesUnsafeAsA6CosmosHALBlockDeviceGPTGPartInfoA0SystemCharA6CosmosHALBlockDeviceGPTGPartInfo', ID = '6531'
Method 'A0SystemInt32A0InternalRuntimeCompilerServicesUnsafeAsA6CosmosHALBlockDeviceGPTGPartInfoA0SystemInt32A6CosmosHALBlockDeviceGPTGPartInfo', ID = '6532'
Method 'A0SystemInt64A0InternalRuntimeCompilerServicesUnsafeAsA6CosmosHALBlockDeviceGPTGPartInfoA0SystemInt64A6CosmosHALBlockDeviceGPTGPartInfo', ID = '6533'
Method 'A0A0SystemCollectionsGenericEqualityComparer1A6CosmosHALBlockDeviceGPTGPartInfoA0A0SystemCollectionsGenericEqualityComparer1A6CosmosHALBlockDeviceGPTGPartInfoget_Default', ID = '6534'
Method 'A0SystemInt32A0A0SystemCollectionsGenericEqualityComparer1A6CosmosHALBlockDeviceGPTGPartInfoIndexOfA6A6CosmosHALBlockDeviceGPTGPartInfoarrayA6CosmosHALBlockDeviceGPTGPartInfoA0SystemInt32A0SystemInt32', ID = '6535'
Method 'SystemVoidA8A8CosmosIL2CPUSZArrayImpl1GetEnumeratord__0A6CosmosHALBlockDeviceGPTGPartInfoctorA0SystemInt32', ID = '6536'
Method 'A0SystemVoidA0A0SystemCollectionsGenericList1A6CosmosHALBlockDeviceMBRPartInfoset_CapacityA0SystemInt32', ID = '6538'
Method 'SystemVoidA0A0SystemSZGenericArrayEnumerator1A6CosmosHALBlockDeviceMBRPartInfocctor', ID = '6539'
Method 'A0SystemVoidA0A0SystemSZGenericArrayEnumerator1A6CosmosHALBlockDeviceMBRPartInfoDispose', ID = '6540'
Method 'A0SystemBooleanA0A0SystemSZGenericArrayEnumerator1A6CosmosHALBlockDeviceMBRPartInfoMoveNext', ID = '6541'
Method 'A0SystemBooleanA0SystemRuntimeCompilerServicesRuntimeHelpersIsBitwiseEquatableA6CosmosHALBlockDeviceMBRPartInfo', ID = '6542'
Method 'A0SystemInt32A0InternalRuntimeCompilerServicesUnsafeSizeOfA6CosmosHALBlockDeviceMBRPartInfo', ID = '6543'
Method 'A0SystemByteA0InternalRuntimeCompilerServicesUnsafeAsA6CosmosHALBlockDeviceMBRPartInfoA0SystemByteA6CosmosHALBlockDeviceMBRPartInfo', ID = '6544'
Method 'A0SystemCharA0InternalRuntimeCompilerServicesUnsafeAsA6CosmosHALBlockDeviceMBRPartInfoA0SystemCharA6CosmosHALBlockDeviceMBRPartInfo', ID = '6545'
Method 'A0SystemInt32A0InternalRuntimeCompilerServicesUnsafeAsA6CosmosHALBlockDeviceMBRPartInfoA0SystemInt32A6CosmosHALBlockDeviceMBRPartInfo', ID = '6546'
Method 'A0SystemInt64A0InternalRuntimeCompilerServicesUnsafeAsA6CosmosHALBlockDeviceMBRPartInfoA0SystemInt64A6CosmosHALBlockDeviceMBRPartInfo', ID = '6547'
Method 'A0A0SystemCollectionsGenericEqualityComparer1A6CosmosHALBlockDeviceMBRPartInfoA0A0SystemCollectionsGenericEqualityComparer1A6CosmosHALBlockDeviceMBRPartInfoget_Default', ID = '6548'
Method 'A0SystemInt32A0A0SystemCollectionsGenericEqualityComparer1A6CosmosHALBlockDeviceMBRPartInfoIndexOfA6A6CosmosHALBlockDeviceMBRPartInfoarrayA6CosmosHALBlockDeviceMBRPartInfoA0SystemInt32A0SystemInt32', ID = '6549'
Method 'SystemVoidA8A8CosmosIL2CPUSZArrayImpl1GetEnumeratord__0A6CosmosHALBlockDeviceMBRPartInfoctorA0SystemInt32', ID = '6550'
Method 'A0SystemInt16A0InternalRuntimeCompilerServicesUnsafeReadUnalignedA0SystemInt16A0SystemByte', ID = '6552'
Method 'A0SystemVoidA0A0SystemCollectionsGenericList1A6CosmosHALBlockDeviceEBRPartInfoset_CapacityA0SystemInt32', ID = '6553'
Method 'SystemVoidA0A0SystemSZGenericArrayEnumerator1A6CosmosHALBlockDeviceEBRPartInfocctor', ID = '6554'
Method 'A0SystemVoidA0A0SystemSZGenericArrayEnumerator1A6CosmosHALBlockDeviceEBRPartInfoDispose', ID = '6555'
Method 'A0SystemBooleanA0A0SystemSZGenericArrayEnumerator1A6CosmosHALBlockDeviceEBRPartInfoMoveNext', ID = '6556'
Method 'A0SystemBooleanA0SystemRuntimeCompilerServicesRuntimeHelpersIsBitwiseEquatableA6CosmosHALBlockDeviceEBRPartInfo', ID = '6557'
Method 'A0SystemInt32A0InternalRuntimeCompilerServicesUnsafeSizeOfA6CosmosHALBlockDeviceEBRPartInfo', ID = '6558'
Method 'A0SystemByteA0InternalRuntimeCompilerServicesUnsafeAsA6CosmosHALBlockDeviceEBRPartInfoA0SystemByteA6CosmosHALBlockDeviceEBRPartInfo', ID = '6559'
Method 'A0SystemCharA0InternalRuntimeCompilerServicesUnsafeAsA6CosmosHALBlockDeviceEBRPartInfoA0SystemCharA6CosmosHALBlockDeviceEBRPartInfo', ID = '6560'
Method 'A0SystemInt32A0InternalRuntimeCompilerServicesUnsafeAsA6CosmosHALBlockDeviceEBRPartInfoA0SystemInt32A6CosmosHALBlockDeviceEBRPartInfo', ID = '6561'
Method 'A0SystemInt64A0InternalRuntimeCompilerServicesUnsafeAsA6CosmosHALBlockDeviceEBRPartInfoA0SystemInt64A6CosmosHALBlockDeviceEBRPartInfo', ID = '6562'
Method 'A0A0SystemCollectionsGenericEqualityComparer1A6CosmosHALBlockDeviceEBRPartInfoA0A0SystemCollectionsGenericEqualityComparer1A6CosmosHALBlockDeviceEBRPartInfoget_Default', ID = '6563'
Method 'A0SystemInt32A0A0SystemCollectionsGenericEqualityComparer1A6CosmosHALBlockDeviceEBRPartInfoIndexOfA6A6CosmosHALBlockDeviceEBRPartInfoarrayA6CosmosHALBlockDeviceEBRPartInfoA0SystemInt32A0SystemInt32', ID = '6564'
Method 'SystemVoidA8A8CosmosIL2CPUSZArrayImpl1GetEnumeratord__0A6CosmosHALBlockDeviceEBRPartInfoctorA0SystemInt32', ID = '6565'
Method 'SystemVoidA0A0SystemCollectionsGenericEqualityComparer1A6CosmosHALBlockDeviceBlockDevicecctor', ID = '6567'
Method 'SystemVoidA0A0SystemCollectionsGenericEqualityComparer1A6CosmosHALBlockDevicePartitioncctor', ID = '6569'
Method 'A0SystemVoidA8A8CosmosIL2CPUSZArrayImpl1GetEnumeratord__0A6CosmosHALBlockDevicePortsStoragePortSystemIDisposableDispose', ID = '6575'
Method 'A0SystemBooleanA8A8CosmosIL2CPUSZArrayImpl1GetEnumeratord__0A6CosmosHALBlockDevicePortsStoragePortMoveNext', ID = '6576'
Method 'SystemVoidA0A0SystemSZGenericArrayEnumerator1A6CosmosHALBlockDeviceRegistersHBACommandHeadercctor', ID = '6577'
Method 'A0SystemVoidA0A0SystemSZGenericArrayEnumerator1A6CosmosHALBlockDeviceRegistersHBACommandHeaderDispose', ID = '6578'
Method 'A0SystemBooleanA0A0SystemSZGenericArrayEnumerator1A6CosmosHALBlockDeviceRegistersHBACommandHeaderMoveNext', ID = '6579'
Method 'A0SystemBooleanA0SystemRuntimeCompilerServicesRuntimeHelpersIsBitwiseEquatableA6CosmosHALBlockDeviceRegistersHBACommandHeader', ID = '6580'
Method 'A0SystemInt32A0InternalRuntimeCompilerServicesUnsafeSizeOfA6CosmosHALBlockDeviceRegistersHBACommandHeader', ID = '6581'
Method 'A0SystemByteA0InternalRuntimeCompilerServicesUnsafeAsA6CosmosHALBlockDeviceRegistersHBACommandHeaderA0SystemByteA6CosmosHALBlockDeviceRegistersHBACommandHeader', ID = '6582'
Method 'A0SystemCharA0InternalRuntimeCompilerServicesUnsafeAsA6CosmosHALBlockDeviceRegistersHBACommandHeaderA0SystemCharA6CosmosHALBlockDeviceRegistersHBACommandHeader', ID = '6583'
Method 'A0SystemInt32A0InternalRuntimeCompilerServicesUnsafeAsA6CosmosHALBlockDeviceRegistersHBACommandHeaderA0SystemInt32A6CosmosHALBlockDeviceRegistersHBACommandHeader', ID = '6584'
Method 'A0SystemInt64A0InternalRuntimeCompilerServicesUnsafeAsA6CosmosHALBlockDeviceRegistersHBACommandHeaderA0SystemInt64A6CosmosHALBlockDeviceRegistersHBACommandHeader', ID = '6585'
Method 'A0A0SystemCollectionsGenericEqualityComparer1A6CosmosHALBlockDeviceRegistersHBACommandHeaderA0A0SystemCollectionsGenericEqualityComparer1A6CosmosHALBlockDeviceRegistersHBACommandHeaderget_Default', ID = '6586'
Method 'A0SystemInt32A0A0SystemCollectionsGenericEqualityComparer1A6CosmosHALBlockDeviceRegistersHBACommandHeaderIndexOfA6A6CosmosHALBlockDeviceRegistersHBACommandHeaderarrayA6353092B50F772AF68CDF8DC942CCDC27', ID = '6587'
Method 'SystemVoidA8A8CosmosIL2CPUSZArrayImpl1GetEnumeratord__0A6CosmosHALBlockDeviceRegistersHBACommandHeaderctorA0SystemInt32', ID = '6588'
Method 'A6A6CosmosHALBlockDeviceRegistersHBAPRDTEntryarrayA0InternalRuntimeCompilerServicesUnsafeAsA6A6CosmosHALBlockDeviceRegistersHBAPRDTEntryarrayA0SystemObject', ID = '6591'
Method 'SystemVoidA0A0SystemSZGenericArrayEnumerator1A6CosmosHALBlockDeviceRegistersHBAPRDTEntryctorA6A6CosmosHALBlockDeviceRegistersHBAPRDTEntryarray', ID = '6592'
Method 'A0SystemInt32A0SystemArrayIndexOfA6CosmosHALBlockDeviceRegistersHBAPRDTEntryA6A6CosmosHALBlockDeviceRegistersHBAPRDTEntryarrayA6CosmosHALBlockDeviceRegistersHBAPRDTEntryA0SystemInt32A0SystemInt32', ID = '6595'
Method 'A0A0SystemCollectionsGenericIEnumerator1A6CosmosHALBlockDeviceRegistersHBAPRDTEntryA8A8CosmosIL2CPUSZArrayImpl1A6CosmosHALBlockDeviceRegistersHBAPRDTEntryGetEnumerator', ID = '6596'
Method 'A0SystemVoidA8A8CosmosIL2CPUSZArrayImpl1A6CosmosHALBlockDeviceRegistersHBAPRDTEntryCopyToA6A6CosmosHALBlockDeviceRegistersHBAPRDTEntryarrayA0SystemInt32', ID = '6597'
Method 'A0SystemInt32A8A8CosmosIL2CPUSZArrayImpl1A6CosmosHALBlockDeviceRegistersHBAPRDTEntryget_Count', ID = '6598'
Method 'A6CosmosHALBlockDeviceRegistersHBAPRDTEntryA8A8CosmosIL2CPUSZArrayImpl1A6CosmosHALBlockDeviceRegistersHBAPRDTEntryget_ItemA0SystemInt32', ID = '6599'
Method 'A0SystemVoidA8A8CosmosIL2CPUSZArrayImpl1A6CosmosHALBlockDeviceRegistersHBAPRDTEntryset_ItemA0SystemInt32A6CosmosHALBlockDeviceRegistersHBAPRDTEntry', ID = '6600'
Method 'A0SystemVoidA8A8CosmosIL2CPUSZArrayImpl1A6CosmosHALBlockDeviceRegistersHBAPRDTEntryAddA6CosmosHALBlockDeviceRegistersHBAPRDTEntry', ID = '6601'
Method 'A0SystemBooleanA8A8CosmosIL2CPUSZArrayImpl1A6CosmosHALBlockDeviceRegistersHBAPRDTEntryContainsA6CosmosHALBlockDeviceRegistersHBAPRDTEntry', ID = '6602'
Method 'A0SystemBooleanA8A8CosmosIL2CPUSZArrayImpl1A6CosmosHALBlockDeviceRegistersHBAPRDTEntryget_IsReadOnly', ID = '6603'
Method 'A0SystemVoidA8A8CosmosIL2CPUSZArrayImpl1A6CosmosHALBlockDeviceRegistersHBAPRDTEntryClear', ID = '6604'
Method 'A0SystemInt32A8A8CosmosIL2CPUSZArrayImpl1A6CosmosHALBlockDeviceRegistersHBAPRDTEntryIndexOfA6CosmosHALBlockDeviceRegistersHBAPRDTEntry', ID = '6605'
Method 'A0SystemVoidA8A8CosmosIL2CPUSZArrayImpl1A6CosmosHALBlockDeviceRegistersHBAPRDTEntryInsertA0SystemInt32A6CosmosHALBlockDeviceRegistersHBAPRDTEntry', ID = '6606'
Method 'A0SystemVoidA8A8CosmosIL2CPUSZArrayImpl1A6CosmosHALBlockDeviceRegistersHBAPRDTEntryRemoveAtA0SystemInt32', ID = '6607'
Method 'A0SystemBooleanA8A8CosmosIL2CPUSZArrayImpl1A6CosmosHALBlockDeviceRegistersHBAPRDTEntryget_IsFixedSize', ID = '6608'
Method 'A0SystemVoidA8A8CosmosIL2CPUSZArrayImpl1A6CosmosHALBlockDeviceRegistersHBAPRDTEntryRemoveA6CosmosHALBlockDeviceRegistersHBAPRDTEntry', ID = '6609'
Method 'A0SystemObjectA8A8CosmosIL2CPUSZArrayImpl1A6CosmosHALBlockDeviceRegistersHBAPRDTEntryget_SyncRoot', ID = '6610'
Method 'A0SystemBooleanA8A8CosmosIL2CPUSZArrayImpl1A6CosmosHALBlockDeviceRegistersHBAPRDTEntryget_IsSynchronized', ID = '6611'
Method 'A0SystemVoidA8A8CosmosIL2CPUSZArrayImpl1GetEnumeratord__0A1CosmosCoreManagedMemoryBlockSystemIDisposableDispose', ID = '6616'
Method 'A0SystemBooleanA8A8CosmosIL2CPUSZArrayImpl1GetEnumeratord__0A1CosmosCoreManagedMemoryBlockMoveNext', ID = '6617'
Method 'A0SystemVoidA8A8CosmosIL2CPUSZArrayImpl1GetEnumeratord__0A0A0SystemBytearraySystemIDisposableDispose', ID = '6621'
Method 'A0SystemBooleanA8A8CosmosIL2CPUSZArrayImpl1GetEnumeratord__0A0A0SystemBytearrayMoveNext', ID = '6622'
Method 'SystemVoidA0A0SystemCollectionsGenericEqualityComparer1A6CosmosHALNetworkDevicecctor', ID = '6624'
Method 'SystemVoidA0SystemRuntimeCompilerServicesDefaultInterpolatedStringHandlerctorA0SystemInt32A0SystemInt32A0SystemIFormatProviderA0A0SystemSpan1A0SystemChar', ID = '6627'
Method 'A0SystemVoidA0SystemRuntimeCompilerServicesDefaultInterpolatedStringHandlerAppendFormattedA0SystemObjectA0SystemObject', ID = '6628'
Method 'A0SystemStringA0SystemStringCreateA0SystemIFormatProviderA0A0SystemSpan1A0SystemCharA0SystemRuntimeCompilerServicesDefaultInterpolatedStringHandler', ID = '6629'
Method 'SystemVoidA0A0SystemCollectionsGenericEqualityComparer1A0A0SystemCollectionsGenericKeyValuePair2A0SystemUInt32A6CosmosHALNetworkDevicecctor', ID = '6630'
Method 'A0SystemUInt32A0InternalRuntimeCompilerServicesUnsafeAsA0SystemByteA0SystemUInt32A0SystemByte', ID = '6632'
Method 'SystemVoidA0SystemStringComparerctor', ID = '6633'
Method 'SystemVoidA0A0SystemSZGenericArrayEnumerator1A6CosmosHALKeyboardBasecctor', ID = '6634'
Method 'A0SystemVoidA0A0SystemSZGenericArrayEnumerator1A6CosmosHALKeyboardBaseDispose', ID = '6635'
Method 'A6CosmosHALKeyboardBaseA0A0SystemSZGenericArrayEnumerator1A6CosmosHALKeyboardBaseget_Current', ID = '6636'
Method 'A0SystemBooleanA0A0SystemSZGenericArrayEnumerator1A6CosmosHALKeyboardBaseMoveNext', ID = '6637'
Method 'A0SystemBooleanA0SystemRuntimeCompilerServicesRuntimeHelpersIsBitwiseEquatableA6CosmosHALKeyboardBase', ID = '6638'
Method 'A0SystemInt32A0InternalRuntimeCompilerServicesUnsafeSizeOfA6CosmosHALKeyboardBase', ID = '6639'
Method 'A0SystemByteA0InternalRuntimeCompilerServicesUnsafeAsA6CosmosHALKeyboardBaseA0SystemByteA6CosmosHALKeyboardBase', ID = '6640'
Method 'A0SystemCharA0InternalRuntimeCompilerServicesUnsafeAsA6CosmosHALKeyboardBaseA0SystemCharA6CosmosHALKeyboardBase', ID = '6641'
Method 'A0SystemInt32A0InternalRuntimeCompilerServicesUnsafeAsA6CosmosHALKeyboardBaseA0SystemInt32A6CosmosHALKeyboardBase', ID = '6642'
Method 'A0SystemInt64A0InternalRuntimeCompilerServicesUnsafeAsA6CosmosHALKeyboardBaseA0SystemInt64A6CosmosHALKeyboardBase', ID = '6643'
Method 'A0A0SystemCollectionsGenericEqualityComparer1A6CosmosHALKeyboardBaseA0A0SystemCollectionsGenericEqualityComparer1A6CosmosHALKeyboardBaseget_Default', ID = '6644'
Method 'A0SystemInt32A0A0SystemCollectionsGenericEqualityComparer1A6CosmosHALKeyboardBaseIndexOfA6A6CosmosHALKeyboardBasearrayA6CosmosHALKeyboardBaseA0SystemInt32A0SystemInt32', ID = '6645'
Method 'SystemVoidA8A8CosmosIL2CPUSZArrayImpl1GetEnumeratord__0A6CosmosHALKeyboardBasectorA0SystemInt32', ID = '6646'
Method 'SystemVoidA0A0SystemSZGenericArrayEnumerator1A4CosmosSystemKeyEventcctor', ID = '6648'
Method 'A0SystemVoidA0A0SystemSZGenericArrayEnumerator1A4CosmosSystemKeyEventDispose', ID = '6649'
Method 'A0SystemBooleanA0A0SystemSZGenericArrayEnumerator1A4CosmosSystemKeyEventMoveNext', ID = '6650'
Method 'A0SystemBooleanA0SystemRuntimeCompilerServicesRuntimeHelpersIsBitwiseEquatableA4CosmosSystemKeyEvent', ID = '6651'
Method 'A0SystemInt32A0InternalRuntimeCompilerServicesUnsafeSizeOfA4CosmosSystemKeyEvent', ID = '6652'
Method 'A0SystemByteA0InternalRuntimeCompilerServicesUnsafeAsA4CosmosSystemKeyEventA0SystemByteA4CosmosSystemKeyEvent', ID = '6653'
Method 'A0SystemCharA0InternalRuntimeCompilerServicesUnsafeAsA4CosmosSystemKeyEventA0SystemCharA4CosmosSystemKeyEvent', ID = '6654'
Method 'A0SystemInt32A0InternalRuntimeCompilerServicesUnsafeAsA4CosmosSystemKeyEventA0SystemInt32A4CosmosSystemKeyEvent', ID = '6655'
Method 'A0SystemInt64A0InternalRuntimeCompilerServicesUnsafeAsA4CosmosSystemKeyEventA0SystemInt64A4CosmosSystemKeyEvent', ID = '6656'
Method 'A0A0SystemCollectionsGenericEqualityComparer1A4CosmosSystemKeyEventA0A0SystemCollectionsGenericEqualityComparer1A4CosmosSystemKeyEventget_Default', ID = '6657'
Method 'A0SystemInt32A0A0SystemCollectionsGenericEqualityComparer1A4CosmosSystemKeyEventIndexOfA4A4CosmosSystemKeyEventarrayA4CosmosSystemKeyEventA0SystemInt32A0SystemInt32', ID = '6658'
Method 'SystemVoidA8A8CosmosIL2CPUSZArrayImpl1GetEnumeratord__0A4CosmosSystemKeyEventctorA0SystemInt32', ID = '6659'
Method 'A4A4CosmosSystemKeyMappingarrayA0InternalRuntimeCompilerServicesUnsafeAsA4A4CosmosSystemKeyMappingarrayA0SystemObject', ID = '6662'
Method 'SystemVoidA0A0SystemSZGenericArrayEnumerator1A4CosmosSystemKeyMappingctorA4A4CosmosSystemKeyMappingarray', ID = '6663'
Method 'A0SystemInt32A0SystemArrayIndexOfA4CosmosSystemKeyMappingA4A4CosmosSystemKeyMappingarrayA4CosmosSystemKeyMappingA0SystemInt32A0SystemInt32', ID = '6666'
Method 'A0A0SystemCollectionsGenericIEnumerator1A4CosmosSystemKeyMappingA8A8CosmosIL2CPUSZArrayImpl1A4CosmosSystemKeyMappingGetEnumerator', ID = '6667'
Method 'A0SystemVoidA8A8CosmosIL2CPUSZArrayImpl1A4CosmosSystemKeyMappingCopyToA4A4CosmosSystemKeyMappingarrayA0SystemInt32', ID = '6668'
Method 'A0SystemInt32A8A8CosmosIL2CPUSZArrayImpl1A4CosmosSystemKeyMappingget_Count', ID = '6669'
Method 'A4CosmosSystemKeyMappingA8A8CosmosIL2CPUSZArrayImpl1A4CosmosSystemKeyMappingget_ItemA0SystemInt32', ID = '6670'
Method 'A0SystemVoidA8A8CosmosIL2CPUSZArrayImpl1A4CosmosSystemKeyMappingset_ItemA0SystemInt32A4CosmosSystemKeyMapping', ID = '6671'
Method 'A0SystemVoidA8A8CosmosIL2CPUSZArrayImpl1A4CosmosSystemKeyMappingAddA4CosmosSystemKeyMapping', ID = '6672'
Method 'A0SystemBooleanA8A8CosmosIL2CPUSZArrayImpl1A4CosmosSystemKeyMappingContainsA4CosmosSystemKeyMapping', ID = '6673'
Method 'A0SystemBooleanA8A8CosmosIL2CPUSZArrayImpl1A4CosmosSystemKeyMappingget_IsReadOnly', ID = '6674'
Method 'A0SystemVoidA8A8CosmosIL2CPUSZArrayImpl1A4CosmosSystemKeyMappingClear', ID = '6675'
Method 'A0SystemInt32A8A8CosmosIL2CPUSZArrayImpl1A4CosmosSystemKeyMappingIndexOfA4CosmosSystemKeyMapping', ID = '6676'
Method 'A0SystemVoidA8A8CosmosIL2CPUSZArrayImpl1A4CosmosSystemKeyMappingInsertA0SystemInt32A4CosmosSystemKeyMapping', ID = '6677'
Method 'A0SystemVoidA8A8CosmosIL2CPUSZArrayImpl1A4CosmosSystemKeyMappingRemoveAtA0SystemInt32', ID = '6678'
Method 'A0SystemBooleanA8A8CosmosIL2CPUSZArrayImpl1A4CosmosSystemKeyMappingget_IsFixedSize', ID = '6679'
Method 'A0SystemVoidA8A8CosmosIL2CPUSZArrayImpl1A4CosmosSystemKeyMappingRemoveA4CosmosSystemKeyMapping', ID = '6680'
Method 'A0SystemObjectA8A8CosmosIL2CPUSZArrayImpl1A4CosmosSystemKeyMappingget_SyncRoot', ID = '6681'
Method 'A0SystemBooleanA8A8CosmosIL2CPUSZArrayImpl1A4CosmosSystemKeyMappingget_IsSynchronized', ID = '6682'
Method 'A0SystemVoidA0A0SystemCollectionsGenericList1A4CosmosSystemKeyMappingAddWithResizeA4CosmosSystemKeyMapping', ID = '6683'
Method 'SystemVoidA4CosmosSystemKeyMappingctorA0SystemByteA0SystemCharA0SystemCharA0SystemCharA0SystemCharA0SystemCharA0SystemCharA0SystemCharA0SystemCharA0SystemCharA0SystemCharA4CosmosSystemConsoleKeyEx', ID = '6684'
Method 'SystemVoidA4CosmosSystemKeyMappingctorA0SystemByteA0SystemCharA0SystemCharA0SystemCharA0SystemCharA0SystemCharA0SystemCharA0SystemCharA4CosmosSystemConsoleKeyExA4CosmosSystemConsoleKeyEx', ID = '6685'
Method 'A0SystemVoidA0A0SystemCollectionsGenericQueue1A4CosmosSystemKeyEventSetCapacityA0SystemInt32', ID = '6686'
Method 'SystemVoidA0A0SystemSZGenericArrayEnumerator1A0A0SystemCollectionsGenericDictionary2EntryA0SystemInt32A0SystemUInt32cctor', ID = '6687'
Method 'A0SystemVoidA0A0SystemSZGenericArrayEnumerator1A0A0SystemCollectionsGenericDictionary2EntryA0SystemInt32A0SystemUInt32Dispose', ID = '6688'
Method 'A0SystemBooleanA0A0SystemSZGenericArrayEnumerator1A0A0SystemCollectionsGenericDictionary2EntryA0SystemInt32A0SystemUInt32MoveNext', ID = '6689'
Method 'A0SystemBooleanA0SystemRuntimeCompilerServicesRuntimeHelpersIsBitwiseEquatableA0A0SystemCollectionsGenericDictionary2EntryA0SystemInt32A0SystemUInt32', ID = '6690'
Method 'A0SystemInt32A0InternalRuntimeCompilerServicesUnsafeSizeOfA0A0SystemCollectionsGenericDictionary2EntryA0SystemInt32A0SystemUInt32', ID = '6691'
Method 'A0SystemByteA0InternalRuntimeCompilerServicesUnsafeAsA0A0SystemCollectionsGenericDictionary2EntryA0SystemInt32A0SystemUInt32A0SystemByteA0A0SystemCollectionsGenericDict8460D91EC4E4F41E30A9DB11DFFDC490', ID = '6692'
Method 'A0SystemCharA0InternalRuntimeCompilerServicesUnsafeAsA0A0SystemCollectionsGenericDictionary2EntryA0SystemInt32A0SystemUInt32A0SystemCharA0A0SystemCollectionsGenericDict15505ECDE55F27AEFD1AD91A7EB5DEFE', ID = '6693'
Method 'A0SystemInt32A0InternalRuntimeCompilerServicesUnsafeAsA0A0SystemCollectionsGenericDictionary2EntryA0SystemInt32A0SystemUInt32A0SystemInt32A0A0SystemCollectionsGenericDi6D5175CDA54D290682E272EFFC4E25C8', ID = '6694'
Method 'A0SystemInt64A0InternalRuntimeCompilerServicesUnsafeAsA0A0SystemCollectionsGenericDictionary2EntryA0SystemInt32A0SystemUInt32A0SystemInt64A0A0SystemCollectionsGenericDi56627F026E0C5CF9C0684D412648DE9A', ID = '6695'
Method 'A0A0SystemCollectionsGenericEqualityComparer1A0A0SystemCollectionsGenericDictionary2EntryA0SystemInt32A0SystemUInt32A0A0SystemCollectionsGenericEqualityComparer1A0A0SysD5959350B425078200D60E0903E2E0FD', ID = '6696'
Method 'A0SystemInt32A0A0SystemCollectionsGenericEqualityComparer1A0A0SystemCollectionsGenericDictionary2EntryA0SystemInt32A0SystemUInt32IndexOfA0A0A0SystemCollectionsGenericDi8FE7B5F4C0D55E1FCFEA9718C9D48D35', ID = '6697'
Method 'SystemVoidA8A8CosmosIL2CPUSZArrayImpl1GetEnumeratord__0A0A0SystemCollectionsGenericDictionary2EntryA0SystemInt32A0SystemUInt32ctorA0SystemInt32', ID = '6698'
Method 'A0A0A0SystemCollectionsGenericKeyValuePair2A0SystemInt32A0SystemUInt32arrayA0InternalRuntimeCompilerServicesUnsafeAsA0A0A0SystemCollectionsGenericKeyValuePair2A0SystemI4CAA0CBF3183234E604434D54A281E60', ID = '6701'
Method 'SystemVoidA0A0SystemSZGenericArrayEnumerator1A0A0SystemCollectionsGenericKeyValuePair2A0SystemInt32A0SystemUInt32ctorA0A0A0SystemCollectionsGenericKeyValuePair2A0SystemInt32A0SystemUInt32array', ID = '6702'
Method 'A0SystemInt32A0SystemArrayIndexOfA0A0SystemCollectionsGenericKeyValuePair2A0SystemInt32A0SystemUInt32A0A0A0SystemCollectionsGenericKeyValuePair2A0SystemInt32A0SystemUIn71D24987DE7944596072AEB8F4A76C48', ID = '6706'
Method 'A0A0SystemCollectionsGenericIEnumerator1A0A0SystemCollectionsGenericKeyValuePair2A0SystemInt32A0SystemUInt32A8A8CosmosIL2CPUSZArrayImpl1A0A0SystemCollectionsGenericKeyVF925D44E5CDE72FA9EFFEFD7985C8A0E', ID = '6707'
Method 'A0SystemVoidA8A8CosmosIL2CPUSZArrayImpl1A0A0SystemCollectionsGenericKeyValuePair2A0SystemInt32A0SystemUInt32CopyToA0A0A0SystemCollectionsGenericKeyValuePair2A0SystemInt746DBF004FF5941BB7E7C301BD5C3E98', ID = '6708'
Method 'A0SystemInt32A8A8CosmosIL2CPUSZArrayImpl1A0A0SystemCollectionsGenericKeyValuePair2A0SystemInt32A0SystemUInt32get_Count', ID = '6709'
Method 'A0A0SystemCollectionsGenericKeyValuePair2A0SystemInt32A0SystemUInt32A8A8CosmosIL2CPUSZArrayImpl1A0A0SystemCollectionsGenericKeyValuePair2A0SystemInt32A0SystemUInt32get_ItemA0SystemInt32', ID = '6710'
Method 'A0SystemVoidA8A8CosmosIL2CPUSZArrayImpl1A0A0SystemCollectionsGenericKeyValuePair2A0SystemInt32A0SystemUInt32set_ItemA0SystemInt32A0A0SystemCollectionsGenericKeyValuePair2A0SystemInt32A0SystemUInt32', ID = '6711'
Method 'A0SystemVoidA8A8CosmosIL2CPUSZArrayImpl1A0A0SystemCollectionsGenericKeyValuePair2A0SystemInt32A0SystemUInt32AddA0A0SystemCollectionsGenericKeyValuePair2A0SystemInt32A0SystemUInt32', ID = '6712'
Method 'A0SystemBooleanA8A8CosmosIL2CPUSZArrayImpl1A0A0SystemCollectionsGenericKeyValuePair2A0SystemInt32A0SystemUInt32ContainsA0A0SystemCollectionsGenericKeyValuePair2A0SystemInt32A0SystemUInt32', ID = '6713'
Method 'A0SystemBooleanA8A8CosmosIL2CPUSZArrayImpl1A0A0SystemCollectionsGenericKeyValuePair2A0SystemInt32A0SystemUInt32get_IsReadOnly', ID = '6714'
Method 'A0SystemVoidA8A8CosmosIL2CPUSZArrayImpl1A0A0SystemCollectionsGenericKeyValuePair2A0SystemInt32A0SystemUInt32Clear', ID = '6715'
Method 'A0SystemInt32A8A8CosmosIL2CPUSZArrayImpl1A0A0SystemCollectionsGenericKeyValuePair2A0SystemInt32A0SystemUInt32IndexOfA0A0SystemCollectionsGenericKeyValuePair2A0SystemInt32A0SystemUInt32', ID = '6716'
Method 'A0SystemVoidA8A8CosmosIL2CPUSZArrayImpl1A0A0SystemCollectionsGenericKeyValuePair2A0SystemInt32A0SystemUInt32InsertA0SystemInt32A0A0SystemCollectionsGenericKeyValuePair2A0SystemInt32A0SystemUInt32', ID = '6717'
Method 'A0SystemVoidA8A8CosmosIL2CPUSZArrayImpl1A0A0SystemCollectionsGenericKeyValuePair2A0SystemInt32A0SystemUInt32RemoveAtA0SystemInt32', ID = '6718'
Method 'A0SystemBooleanA8A8CosmosIL2CPUSZArrayImpl1A0A0SystemCollectionsGenericKeyValuePair2A0SystemInt32A0SystemUInt32get_IsFixedSize', ID = '6719'
Method 'A0SystemVoidA8A8CosmosIL2CPUSZArrayImpl1A0A0SystemCollectionsGenericKeyValuePair2A0SystemInt32A0SystemUInt32RemoveA0A0SystemCollectionsGenericKeyValuePair2A0SystemInt32A0SystemUInt32', ID = '6720'
Method 'A0SystemObjectA8A8CosmosIL2CPUSZArrayImpl1A0A0SystemCollectionsGenericKeyValuePair2A0SystemInt32A0SystemUInt32get_SyncRoot', ID = '6721'
Method 'A0SystemBooleanA8A8CosmosIL2CPUSZArrayImpl1A0A0SystemCollectionsGenericKeyValuePair2A0SystemInt32A0SystemUInt32get_IsSynchronized', ID = '6722'
Method 'A0SystemStringA13SystemSRGetResourceStringA0SystemString', ID = '6725'
Method 'A0SystemBooleanA13SystemSRUsingResourceKeys', ID = '6726'
Method 'A0SystemStringA0SystemStringFormatA0SystemStringA0A0SystemObjectarray', ID = '6727'
Method 'A0SystemTextEncoderFallbackA0SystemTextEncoderFallbackget_ExceptionFallback', ID = '6728'
Method 'A0SystemTextDecoderFallbackA0SystemTextDecoderFallbackget_ExceptionFallback', ID = '6729'
Method 'SystemVoidA0SystemTextEncoderReplacementFallbackctorA0SystemString', ID = '6730'
Method 'SystemVoidA0SystemTextDecoderReplacementFallbackctorA0SystemString', ID = '6731'
Method 'SystemVoidA0A0SystemCollectionsGenericEqualityComparer1A6CosmosHALPITPITTimercctor', ID = '6737'
Method 'A0SystemBooleanA4CosmosSystemIOStdInReaderReadLineCoreA0SystemBoolean', ID = '6739'
Method 'A0SystemBooleanA4CosmosSystemKeyboardManagerTryReadKeyA4CosmosSystemKeyEvent', ID = '6740'
Method 'A0SystemCharA4CosmosSystemKeyEventget_KeyChar', ID = '6741'
Method 'A0SystemInt32A14A14SystemCollectionsGenericStack1A4CosmosSystemKeyEventget_Count', ID = '6742'
Method 'A4CosmosSystemKeyEventA14A14SystemCollectionsGenericStack1A4CosmosSystemKeyEventPeek', ID = '6743'
Method 'A0SystemRuntimeTypeHandleA0SystemRuntimeTypeget_TypeHandle', ID = '6744'
Method 'A0SystemRuntimeTypeHandleA2CosmosCore_PlugsSystemTypeImplget_TypeHandle', ID = '6745'
Method 'A0SystemArrayA2CosmosCore_PlugsSystemGCImplAllocateNewArrayA0SystemInt32pointerA0SystemInt32A0SystemUInt32', ID = '6747'
Method 'A0SystemInt32A0A0SystemRuntimeIntrinsicsVector1281A0SystemUInt64get_Count', ID = '6748'
Method 'A0SystemUInt64A0SystemRuntimeIntrinsicsVector128GetElementA0SystemUInt64A0A0SystemRuntimeIntrinsicsVector1281A0SystemUInt64A0SystemInt32', ID = '6749'
Method 'A0SystemBooleanA0A0SystemRuntimeIntrinsicsVector1281A0SystemUInt64EqualsA0A0SystemRuntimeIntrinsicsVector1281A0SystemUInt64', ID = '6750'
Method 'A0SystemInt32A0A0SystemRuntimeIntrinsicsVector1281A0SystemUInt32get_Count', ID = '6752'
Method 'A0SystemUInt32A0SystemRuntimeIntrinsicsVector128GetElementA0SystemUInt32A0A0SystemRuntimeIntrinsicsVector1281A0SystemUInt32A0SystemInt32', ID = '6753'
Method 'A0SystemBooleanA0A0SystemRuntimeIntrinsicsVector1281A0SystemUInt32EqualsA0A0SystemRuntimeIntrinsicsVector1281A0SystemUInt32', ID = '6754'
Method 'SystemVoidA0A0SystemBuffersArrayPool1A0SystemInt32ctor', ID = '6757'
Method 'A0SystemBooleanA4CosmosSystemFileSystemVFSVFSManagerFileExistsA0SystemString', ID = '6758'
Method 'A0SystemIOStreamA3CosmosSystem_PlugsSystemIOFileStreamImplAppendToFileA0SystemStringA0SystemBoolean', ID = '6759'
Method 'A0SystemIOStreamA3CosmosSystem_PlugsSystemIOFileStreamImplCreateFileA0SystemStringA0SystemBoolean', ID = '6760'
Method 'A0SystemIOStreamA3CosmosSystem_PlugsSystemIOFileStreamImplCreateNewFileA0SystemStringA0SystemBoolean', ID = '6761'
Method 'A0SystemIOStreamA3CosmosSystem_PlugsSystemIOFileStreamImplOpenFileA0SystemStringA0SystemBoolean', ID = '6762'
Method 'A0SystemIOStreamA3CosmosSystem_PlugsSystemIOFileStreamImplOpenOrCreateFileA0SystemStringA0SystemBoolean', ID = '6763'
Method 'A0SystemIOStreamA3CosmosSystem_PlugsSystemIOFileStreamImplTruncateFileA0SystemStringA0SystemBoolean', ID = '6764'
Method 'A0SystemBooleanA0A0SystemValueTuple2A0SystemUInt64A0SystemUInt64EqualsA0A0SystemValueTuple2A0SystemUInt64A0SystemUInt64', ID = '6766'
Method 'A0SystemVoidA0SystemTextStringBuilderset_LengthA0SystemInt32', ID = '6767'
Method 'SystemVoidA0SystemTextStringBuilderctorA0SystemInt32A0SystemInt32', ID = '6768'
Method 'A0SystemDoubleA3CosmosSystem_PlugsSystemMathImplPowA0SystemDoubleA0SystemDouble', ID = '6769'
Method 'A0A0SystemTypearrayA0InternalRuntimeCompilerServicesUnsafeAsA0A0SystemTypearrayA0SystemObject', ID = '6779'
Method 'SystemVoidA0A0SystemSZGenericArrayEnumerator1A0SystemTypectorA0A0SystemTypearray', ID = '6780'
Method 'A0SystemInt32A0SystemArrayIndexOfA0SystemTypeA0A0SystemTypearrayA0SystemTypeA0SystemInt32A0SystemInt32', ID = '6783'
Method 'A0A0SystemCollectionsGenericIEnumerator1A0SystemTypeA8A8CosmosIL2CPUSZArrayImpl1A0SystemTypeGetEnumerator', ID = '6784'
Method 'A0SystemVoidA8A8CosmosIL2CPUSZArrayImpl1A0SystemTypeCopyToA0A0SystemTypearrayA0SystemInt32', ID = '6785'
Method 'A0SystemInt32A8A8CosmosIL2CPUSZArrayImpl1A0SystemTypeget_Count', ID = '6786'
Method 'A0SystemTypeA8A8CosmosIL2CPUSZArrayImpl1A0SystemTypeget_ItemA0SystemInt32', ID = '6787'
Method 'A0SystemVoidA8A8CosmosIL2CPUSZArrayImpl1A0SystemTypeset_ItemA0SystemInt32A0SystemType', ID = '6788'
Method 'A0SystemVoidA8A8CosmosIL2CPUSZArrayImpl1A0SystemTypeAddA0SystemType', ID = '6789'
Method 'A0SystemBooleanA8A8CosmosIL2CPUSZArrayImpl1A0SystemTypeContainsA0SystemType', ID = '6790'
Method 'A0SystemBooleanA8A8CosmosIL2CPUSZArrayImpl1A0SystemTypeget_IsReadOnly', ID = '6791'
Method 'A0SystemVoidA8A8CosmosIL2CPUSZArrayImpl1A0SystemTypeClear', ID = '6792'
Method 'A0SystemInt32A8A8CosmosIL2CPUSZArrayImpl1A0SystemTypeIndexOfA0SystemType', ID = '6793'
Method 'A0SystemVoidA8A8CosmosIL2CPUSZArrayImpl1A0SystemTypeInsertA0SystemInt32A0SystemType', ID = '6794'
Method 'A0SystemVoidA8A8CosmosIL2CPUSZArrayImpl1A0SystemTypeRemoveAtA0SystemInt32', ID = '6795'
Method 'A0SystemBooleanA8A8CosmosIL2CPUSZArrayImpl1A0SystemTypeget_IsFixedSize', ID = '6796'
Method 'A0SystemVoidA8A8CosmosIL2CPUSZArrayImpl1A0SystemTypeRemoveA0SystemType', ID = '6797'
Method 'A0SystemObjectA8A8CosmosIL2CPUSZArrayImpl1A0SystemTypeget_SyncRoot', ID = '6798'
Method 'A0SystemBooleanA8A8CosmosIL2CPUSZArrayImpl1A0SystemTypeget_IsSynchronized', ID = '6799'
Method 'A0SystemRuntimeCompilerServicesObjectHandleOnStackA0SystemRuntimeCompilerServicesObjectHandleOnStackCreateA0A0SystemTypearrayA0A0SystemTypearray', ID = '6800'
Method 'SystemVoidA0SystemReflectionMetadataImportctorA0SystemIntPtrA0SystemObject', ID = '6804'
Method 'A0SystemInt32A0SystemRuntimeTypeget_MetadataToken', ID = '6805'
Method 'A0A0SystemCollectionsGenericIEnumerator1A0SystemReflectionRuntimeMethodInfoA0SystemSZArrayHelperGetEnumeratorA0SystemReflectionRuntimeMethodInfo', ID = '6809'
Method 'A0SystemVoidA0SystemSZArrayHelperCopyToA0SystemReflectionRuntimeMethodInfoA0A0SystemReflectionRuntimeMethodInfoarrayA0SystemInt32', ID = '6810'
Method 'A0SystemInt32A0SystemSZArrayHelperget_CountA0SystemReflectionRuntimeMethodInfo', ID = '6811'
Method 'A0SystemReflectionRuntimeMethodInfoA0SystemSZArrayHelperget_ItemA0SystemReflectionRuntimeMethodInfoA0SystemInt32', ID = '6812'
Method 'A0SystemVoidA0SystemSZArrayHelperset_ItemA0SystemReflectionRuntimeMethodInfoA0SystemInt32A0SystemReflectionRuntimeMethodInfo', ID = '6813'
Method 'A0SystemVoidA0SystemSZArrayHelperAddA0SystemReflectionRuntimeMethodInfoA0SystemReflectionRuntimeMethodInfo', ID = '6814'
Method 'A0SystemBooleanA0SystemSZArrayHelperContainsA0SystemReflectionRuntimeMethodInfoA0SystemReflectionRuntimeMethodInfo', ID = '6815'
Method 'A0SystemBooleanA0SystemSZArrayHelperget_IsReadOnlyA0SystemReflectionRuntimeMethodInfo', ID = '6816'
Method 'A0SystemVoidA0SystemSZArrayHelperClearA0SystemReflectionRuntimeMethodInfo', ID = '6817'
Method 'A0SystemInt32A0SystemSZArrayHelperIndexOfA0SystemReflectionRuntimeMethodInfoA0SystemReflectionRuntimeMethodInfo', ID = '6818'
Method 'A0SystemVoidA0SystemSZArrayHelperInsertA0SystemReflectionRuntimeMethodInfoA0SystemInt32A0SystemReflectionRuntimeMethodInfo', ID = '6819'
Method 'A0SystemBooleanA0SystemSZArrayHelperRemoveA0SystemReflectionRuntimeMethodInfoA0SystemReflectionRuntimeMethodInfo', ID = '6820'
Method 'A0SystemVoidA0SystemSZArrayHelperRemoveAtA0SystemReflectionRuntimeMethodInfoA0SystemInt32', ID = '6821'
Method 'A0A0SystemCollectionsGenericIEnumerator1A0SystemReflectionRuntimeConstructorInfoA0SystemSZArrayHelperGetEnumeratorA0SystemReflectionRuntimeConstructorInfo', ID = '6829'
Method 'A0SystemVoidA0SystemSZArrayHelperCopyToA0SystemReflectionRuntimeConstructorInfoA0A0SystemReflectionRuntimeConstructorInfoarrayA0SystemInt32', ID = '6830'
Method 'A0SystemInt32A0SystemSZArrayHelperget_CountA0SystemReflectionRuntimeConstructorInfo', ID = '6831'
Method 'A0SystemReflectionRuntimeConstructorInfoA0SystemSZArrayHelperget_ItemA0SystemReflectionRuntimeConstructorInfoA0SystemInt32', ID = '6832'
Method 'A0SystemVoidA0SystemSZArrayHelperset_ItemA0SystemReflectionRuntimeConstructorInfoA0SystemInt32A0SystemReflectionRuntimeConstructorInfo', ID = '6833'
Method 'A0SystemVoidA0SystemSZArrayHelperAddA0SystemReflectionRuntimeConstructorInfoA0SystemReflectionRuntimeConstructorInfo', ID = '6834'
Method 'A0SystemBooleanA0SystemSZArrayHelperContainsA0SystemReflectionRuntimeConstructorInfoA0SystemReflectionRuntimeConstructorInfo', ID = '6835'
Method 'A0SystemBooleanA0SystemSZArrayHelperget_IsReadOnlyA0SystemReflectionRuntimeConstructorInfo', ID = '6836'
Method 'A0SystemVoidA0SystemSZArrayHelperClearA0SystemReflectionRuntimeConstructorInfo', ID = '6837'
Method 'A0SystemInt32A0SystemSZArrayHelperIndexOfA0SystemReflectionRuntimeConstructorInfoA0SystemReflectionRuntimeConstructorInfo', ID = '6838'
Method 'A0SystemVoidA0SystemSZArrayHelperInsertA0SystemReflectionRuntimeConstructorInfoA0SystemInt32A0SystemReflectionRuntimeConstructorInfo', ID = '6839'
Method 'A0SystemBooleanA0SystemSZArrayHelperRemoveA0SystemReflectionRuntimeConstructorInfoA0SystemReflectionRuntimeConstructorInfo', ID = '6840'
Method 'A0SystemVoidA0SystemSZArrayHelperRemoveAtA0SystemReflectionRuntimeConstructorInfoA0SystemInt32', ID = '6841'
Method 'A0A0SystemCollectionsGenericIEnumerator1A0SystemReflectionRuntimeFieldInfoA0SystemSZArrayHelperGetEnumeratorA0SystemReflectionRuntimeFieldInfo', ID = '6849'
Method 'A0SystemVoidA0SystemSZArrayHelperCopyToA0SystemReflectionRuntimeFieldInfoA0A0SystemReflectionRuntimeFieldInfoarrayA0SystemInt32', ID = '6850'
Method 'A0SystemInt32A0SystemSZArrayHelperget_CountA0SystemReflectionRuntimeFieldInfo', ID = '6851'
Method 'A0SystemReflectionRuntimeFieldInfoA0SystemSZArrayHelperget_ItemA0SystemReflectionRuntimeFieldInfoA0SystemInt32', ID = '6852'
Method 'A0SystemVoidA0SystemSZArrayHelperset_ItemA0SystemReflectionRuntimeFieldInfoA0SystemInt32A0SystemReflectionRuntimeFieldInfo', ID = '6853'
Method 'A0SystemVoidA0SystemSZArrayHelperAddA0SystemReflectionRuntimeFieldInfoA0SystemReflectionRuntimeFieldInfo', ID = '6854'
Method 'A0SystemBooleanA0SystemSZArrayHelperContainsA0SystemReflectionRuntimeFieldInfoA0SystemReflectionRuntimeFieldInfo', ID = '6855'
Method 'A0SystemBooleanA0SystemSZArrayHelperget_IsReadOnlyA0SystemReflectionRuntimeFieldInfo', ID = '6856'
Method 'A0SystemVoidA0SystemSZArrayHelperClearA0SystemReflectionRuntimeFieldInfo', ID = '6857'
Method 'A0SystemInt32A0SystemSZArrayHelperIndexOfA0SystemReflectionRuntimeFieldInfoA0SystemReflectionRuntimeFieldInfo', ID = '6858'
Method 'A0SystemVoidA0SystemSZArrayHelperInsertA0SystemReflectionRuntimeFieldInfoA0SystemInt32A0SystemReflectionRuntimeFieldInfo', ID = '6859'
Method 'A0SystemBooleanA0SystemSZArrayHelperRemoveA0SystemReflectionRuntimeFieldInfoA0SystemReflectionRuntimeFieldInfo', ID = '6860'
Method 'A0SystemVoidA0SystemSZArrayHelperRemoveAtA0SystemReflectionRuntimeFieldInfoA0SystemInt32', ID = '6861'
Method 'A0A0SystemCollectionsGenericIEnumerator1A0SystemRuntimeTypeA0SystemSZArrayHelperGetEnumeratorA0SystemRuntimeType', ID = '6869'
Method 'A0SystemVoidA0SystemSZArrayHelperCopyToA0SystemRuntimeTypeA0A0SystemRuntimeTypearrayA0SystemInt32', ID = '6870'
Method 'A0SystemInt32A0SystemSZArrayHelperget_CountA0SystemRuntimeType', ID = '6871'
Method 'A0SystemRuntimeTypeA0SystemSZArrayHelperget_ItemA0SystemRuntimeTypeA0SystemInt32', ID = '6872'
Method 'A0SystemVoidA0SystemSZArrayHelperset_ItemA0SystemRuntimeTypeA0SystemInt32A0SystemRuntimeType', ID = '6873'
Method 'A0SystemVoidA0SystemSZArrayHelperAddA0SystemRuntimeTypeA0SystemRuntimeType', ID = '6874'
Method 'A0SystemBooleanA0SystemSZArrayHelperContainsA0SystemRuntimeTypeA0SystemRuntimeType', ID = '6875'
Method 'A0SystemBooleanA0SystemSZArrayHelperget_IsReadOnlyA0SystemRuntimeType', ID = '6876'
Method 'A0SystemVoidA0SystemSZArrayHelperClearA0SystemRuntimeType', ID = '6877'
Method 'A0SystemInt32A0SystemSZArrayHelperIndexOfA0SystemRuntimeTypeA0SystemRuntimeType', ID = '6878'
Method 'A0SystemVoidA0SystemSZArrayHelperInsertA0SystemRuntimeTypeA0SystemInt32A0SystemRuntimeType', ID = '6879'
Method 'A0SystemBooleanA0SystemSZArrayHelperRemoveA0SystemRuntimeTypeA0SystemRuntimeType', ID = '6880'
Method 'A0SystemVoidA0SystemSZArrayHelperRemoveAtA0SystemRuntimeTypeA0SystemInt32', ID = '6881'
Method 'A0A0SystemCollectionsGenericIEnumerator1A0SystemReflectionRuntimePropertyInfoA0SystemSZArrayHelperGetEnumeratorA0SystemReflectionRuntimePropertyInfo', ID = '6889'
Method 'A0SystemVoidA0SystemSZArrayHelperCopyToA0SystemReflectionRuntimePropertyInfoA0A0SystemReflectionRuntimePropertyInfoarrayA0SystemInt32', ID = '6890'
Method 'A0SystemInt32A0SystemSZArrayHelperget_CountA0SystemReflectionRuntimePropertyInfo', ID = '6891'
Method 'A0SystemReflectionRuntimePropertyInfoA0SystemSZArrayHelperget_ItemA0SystemReflectionRuntimePropertyInfoA0SystemInt32', ID = '6892'
Method 'A0SystemVoidA0SystemSZArrayHelperset_ItemA0SystemReflectionRuntimePropertyInfoA0SystemInt32A0SystemReflectionRuntimePropertyInfo', ID = '6893'
Method 'A0SystemVoidA0SystemSZArrayHelperAddA0SystemReflectionRuntimePropertyInfoA0SystemReflectionRuntimePropertyInfo', ID = '6894'
Method 'A0SystemBooleanA0SystemSZArrayHelperContainsA0SystemReflectionRuntimePropertyInfoA0SystemReflectionRuntimePropertyInfo', ID = '6895'
Method 'A0SystemBooleanA0SystemSZArrayHelperget_IsReadOnlyA0SystemReflectionRuntimePropertyInfo', ID = '6896'
Method 'A0SystemVoidA0SystemSZArrayHelperClearA0SystemReflectionRuntimePropertyInfo', ID = '6897'
Method 'A0SystemInt32A0SystemSZArrayHelperIndexOfA0SystemReflectionRuntimePropertyInfoA0SystemReflectionRuntimePropertyInfo', ID = '6898'
Method 'A0SystemVoidA0SystemSZArrayHelperInsertA0SystemReflectionRuntimePropertyInfoA0SystemInt32A0SystemReflectionRuntimePropertyInfo', ID = '6899'
Method 'A0SystemBooleanA0SystemSZArrayHelperRemoveA0SystemReflectionRuntimePropertyInfoA0SystemReflectionRuntimePropertyInfo', ID = '6900'
Method 'A0SystemVoidA0SystemSZArrayHelperRemoveAtA0SystemReflectionRuntimePropertyInfoA0SystemInt32', ID = '6901'
Method 'A0A0SystemCollectionsGenericIEnumerator1A0SystemReflectionRuntimeEventInfoA0SystemSZArrayHelperGetEnumeratorA0SystemReflectionRuntimeEventInfo', ID = '6909'
Method 'A0SystemVoidA0SystemSZArrayHelperCopyToA0SystemReflectionRuntimeEventInfoA0A0SystemReflectionRuntimeEventInfoarrayA0SystemInt32', ID = '6910'
Method 'A0SystemInt32A0SystemSZArrayHelperget_CountA0SystemReflectionRuntimeEventInfo', ID = '6911'
Method 'A0SystemReflectionRuntimeEventInfoA0SystemSZArrayHelperget_ItemA0SystemReflectionRuntimeEventInfoA0SystemInt32', ID = '6912'
Method 'A0SystemVoidA0SystemSZArrayHelperset_ItemA0SystemReflectionRuntimeEventInfoA0SystemInt32A0SystemReflectionRuntimeEventInfo', ID = '6913'
Method 'A0SystemVoidA0SystemSZArrayHelperAddA0SystemReflectionRuntimeEventInfoA0SystemReflectionRuntimeEventInfo', ID = '6914'
Method 'A0SystemBooleanA0SystemSZArrayHelperContainsA0SystemReflectionRuntimeEventInfoA0SystemReflectionRuntimeEventInfo', ID = '6915'
Method 'A0SystemBooleanA0SystemSZArrayHelperget_IsReadOnlyA0SystemReflectionRuntimeEventInfo', ID = '6916'
Method 'A0SystemVoidA0SystemSZArrayHelperClearA0SystemReflectionRuntimeEventInfo', ID = '6917'
Method 'A0SystemInt32A0SystemSZArrayHelperIndexOfA0SystemReflectionRuntimeEventInfoA0SystemReflectionRuntimeEventInfo', ID = '6918'
Method 'A0SystemVoidA0SystemSZArrayHelperInsertA0SystemReflectionRuntimeEventInfoA0SystemInt32A0SystemReflectionRuntimeEventInfo', ID = '6919'
Method 'A0SystemBooleanA0SystemSZArrayHelperRemoveA0SystemReflectionRuntimeEventInfoA0SystemReflectionRuntimeEventInfo', ID = '6920'
Method 'A0SystemVoidA0SystemSZArrayHelperRemoveAtA0SystemReflectionRuntimeEventInfoA0SystemInt32', ID = '6921'
Method 'A0SystemStringA0SystemSRget_Arg_InvalidHandle', ID = '6928'
Method 'A0SystemVoidpointerA0InternalRuntimeCompilerServicesUnsafeAsPointerA0SystemRuntimeTypeHandleA0SystemRuntimeTypeHandle', ID = '6931'
Method 'A0SystemVoidpointerA0InternalRuntimeCompilerServicesUnsafeAsPointerA0SystemStringA0SystemString', ID = '6933'
Method 'A0SystemVoidA2CosmosCore_PlugsSystemRuntimeTypeHandleImplGetConstraintsA0SystemObjectA0SystemObjectA0SystemObject', ID = '6934'
Method 'A0SystemBooleanA0SystemRuntimeTypeHasElementTypeImpl', ID = '6936'
Method 'A0SystemBooleanA2CosmosCoreCosmosRuntimeTypeHasElementTypeImpl', ID = '6937'
Method 'A0SystemBooleanA2CosmosCore_PlugsSystemRuntimeTypeHandleImplIsGenericTypeDefinitionA0SystemObject', ID = '6938'
Method 'A0SystemBooleanA2CosmosCore_PlugsSystemRuntimeTypeHandleImplContainsGenericVariablesA0SystemObject', ID = '6939'
Method 'A0A0SystemTypearrayA0SystemRuntimeTypeHandleGetInstantiationPublic', ID = '6941'
Method 'A0SystemSingleA0InternalRuntimeCompilerServicesUnsafeAsA0SystemByteA0SystemSingleA0SystemByte', ID = '6942'
Method 'A0SystemInt32A0SystemBitConverterSingleToInt32BitsA0SystemSingle', ID = '6943'
Method 'A0SystemNumberDiyFpA0SystemNumberDiyFpCreateAndGetBoundariesA0SystemSingleA0SystemNumberDiyFpA0SystemNumberDiyFp', ID = '6944'
Method 'SystemVoidA0SystemNumberDiyFpctorA0SystemSingle', ID = '6945'
Method 'A0SystemUInt32A0SystemNumberExtractFractionAndBiasedExponentA0SystemSingleA0SystemInt32', ID = '6946'
Method 'A0SystemGlobalizationCalendarDataA0SystemGlobalizationCalendarDataCreateInvariant', ID = '6947'
Method 'A0SystemInt32A0SystemIntPtrget_Size', ID = '6949'
Method 'A0SystemVoidA8A8CosmosIL2CPUSZArrayImpl1GetEnumeratord__0A0SystemGlobalizationCalendarIdSystemIDisposableDispose', ID = '6955'
Method 'A0SystemBooleanA8A8CosmosIL2CPUSZArrayImpl1GetEnumeratord__0A0SystemGlobalizationCalendarIdMoveNext', ID = '6956'
Method 'A0SystemVoidA8A8CosmosIL2CPUSZArrayImpl1GetEnumeratord__0A0SystemGlobalizationDateTimeFormatInfoTokenHashValueSystemIDisposableDispose', ID = '6961'
Method 'A0SystemBooleanA8A8CosmosIL2CPUSZArrayImpl1GetEnumeratord__0A0SystemGlobalizationDateTimeFormatInfoTokenHashValueMoveNext', ID = '6962'
Method 'A0SystemVoidA8A8CosmosIL2CPUSZArrayImpl1GetEnumeratord__0A0SystemGlobalizationCalendarDataSystemIDisposableDispose', ID = '6967'
Method 'A0SystemBooleanA8A8CosmosIL2CPUSZArrayImpl1GetEnumeratord__0A0SystemGlobalizationCalendarDataMoveNext', ID = '6968'
Method 'A0SystemBooleanA0SystemAppContextConfigHelperGetBooleanConfigA0SystemStringA0SystemStringA0SystemBoolean', ID = '6969'
Method 'A0SystemBooleanA0SystemGlobalizationGlobalizationModeLoadIcu', ID = '6970'
Method 'SystemVoidA0SystemGlobalizationGlobalizationModeSettingscctor', ID = '6971'
Method 'A0SystemBooleanA2CosmosCore_PlugsInteropGlobalizationImplGetLocaleInfoIntA0SystemStringA0SystemUInt32A0SystemInt32', ID = '6973'
Method 'A0A0SystemReadOnlySpan1A0SystemByteA0SystemGlobalizationIcuLocaleDataGetCultureNameA0SystemInt32', ID = '6974'
Method 'A0SystemInt32A0SystemMemoryExtensionsSequenceCompareToA0SystemByteA0A0SystemReadOnlySpan1A0SystemByteA0A0SystemReadOnlySpan1A0SystemByte', ID = '6975'
Method 'SystemVoidA0SystemGlobalizationGregorianCalendarctorA0SystemGlobalizationGregorianCalendarTypes', ID = '6978'
Method 'A0SystemBooleanA0SystemLocalAppContextSwitchesGetCachedSwitchValueA0SystemStringA0SystemInt32', ID = '6981'
Method 'A0SystemStringA0SystemGlobalizationCultureDataGetSeparatorA0SystemStringA0SystemString', ID = '6982'
Method 'A0SystemVoidA0SystemBuffer_ZeroMemoryA0SystemByteA0SystemUIntPtr', ID = '6983'
Method 'A0SystemBooleanA2CosmosCore_PlugsSystemRuntimeCompilerServicesRuntimeHelpersImplIsReferenceOrContainsReferencesA0SystemUInt32', ID = '6985'
Method 'A0SystemUInt32A0A0SystemNumericsVector1A0SystemUInt32GetElementA0SystemIntPtr', ID = '6986'
Method 'A0SystemBooleanA0A0SystemNumericsVector1A0SystemUInt32EqualsA0A0SystemNumericsVector1A0SystemUInt32', ID = '6987'
Method 'A0SystemVoidA0SystemHashCodeAddA0SystemUInt32A0SystemUInt32', ID = '6988'
Method 'A0SystemSingleA0A0SystemNumericsVector1A0SystemSingleGetElementA0SystemIntPtr', ID = '6989'
Method 'A0SystemBooleanA0A0SystemNumericsVector1A0SystemSingleEqualsA0A0SystemNumericsVector1A0SystemSingle', ID = '6990'
Method 'A0SystemVoidA0SystemHashCodeAddA0SystemSingleA0SystemSingle', ID = '6991'
Method 'A0SystemDoubleA0A0SystemNumericsVector1A0SystemDoubleGetElementA0SystemIntPtr', ID = '6992'
Method 'A0SystemBooleanA0A0SystemNumericsVector1A0SystemDoubleEqualsA0A0SystemNumericsVector1A0SystemDouble', ID = '6993'
Method 'A0SystemVoidA0SystemHashCodeAddA0SystemDoubleA0SystemDouble', ID = '6994'
Method 'A0A0SystemRuntimeIntrinsicsVector2561A0SystemByteA0InternalRuntimeCompilerServicesUnsafeAsA0A0SystemRuntimeIntrinsicsVector2561A0SystemSingleA0A0SystemRuntimeIntrinsics01F069CC06A5A585296EBD7CD4CAA2E9', ID = '6995'
Method 'A0SystemInt32A0SystemTextEncodingDefaultEncoderGetByteCountA0A0SystemChararrayA0SystemInt32A0SystemInt32A0SystemBoolean', ID = '6999'
Method 'A0SystemInt32A0SystemTextEncoderNLSGetByteCountA0A0SystemChararrayA0SystemInt32A0SystemInt32A0SystemBoolean', ID = '7000'
Method 'A0SystemStringA0SystemObjectDisposedExceptionget_Message', ID = '7002'
Method 'A0SystemVoidA4CosmosSystemConsoleWriteA0SystemByteA0SystemInt32A0SystemInt32', ID = '7004'
Method 'SystemVoidA2A2CosmosCore_PlugsSystemBuffersArrayPoolImpl1A0SystemBytecctor', ID = '7005'
Method 'A0A0SystemSpan1A0SystemByteA0SystemMemoryExtensionsAsSpanA0SystemByteA0A0SystemBytearray', ID = '7006'
Method 'A0SystemVoidA0SystemIOStreamValidateBufferArgumentsA0A0SystemBytearrayA0SystemInt32A0SystemInt32', ID = '7007'
Method 'A0SystemInt32A0SystemTextASCIIEncodingGetBytesA0SystemCharpointerA0SystemInt32A0SystemBytepointerA0SystemInt32', ID = '7008'
Method 'A0SystemInt32A0SystemTextUTF8EncodingGetBytesA0SystemCharpointerA0SystemInt32A0SystemBytepointerA0SystemInt32', ID = '7009'
Method 'A0SystemInt32A4CosmosSystemConsoleConsoleEncodingGetBytesA0SystemCharpointerA0SystemInt32A0SystemBytepointerA0SystemInt32', ID = '7010'
Method 'A0A0SystemChararrayA0A0SystemReadOnlySpan1A0SystemCharToArray', ID = '7011'
Method 'A0SystemBooleanA0SystemTextEncoderNLSget_HasLeftoverData', ID = '7013'
Method 'A0SystemInt32A0SystemTextEncodingGetBytesFastA0SystemCharpointerA0SystemInt32A0SystemBytepointerA0SystemInt32A0SystemInt32', ID = '7014'
Method 'A0SystemInt32A0SystemTextEncodingGetBytesWithFallbackA0SystemCharpointerA0SystemInt32A0SystemBytepointerA0SystemInt32A0SystemInt32A0SystemInt32A0SystemTextEncoderNLS', ID = '7015'
Method 'A0SystemByteA0SystemRuntimeInteropServicesMemoryMarshalGetReferenceA0SystemByteA0A0SystemSpan1A0SystemByte', ID = '7016'
Method 'A0A0SystemRuntimeIntrinsicsVector1281A0SystemSingleA0InternalRuntimeCompilerServicesUnsafeAsA0A0SystemRuntimeIntrinsicsVector1281A0SystemDoubleA0A0SystemRuntimeIntrinsiDAF214EFAF58B6DD976AF680CA336CC6', ID = '7017'
Method 'A0A0SystemRuntimeIntrinsicsVector1281A0SystemDoubleA0InternalRuntimeCompilerServicesUnsafeAsA0A0SystemRuntimeIntrinsicsVector1281A0SystemDoubleA0A0SystemRuntimeIntrinsiABBC03B3BC209A63B4A67B9A4CBA792C', ID = '7018'
Method 'A0A0SystemRuntimeIntrinsicsVector1281A0SystemByteA0InternalRuntimeCompilerServicesUnsafeAsA0A0SystemRuntimeIntrinsicsVector1281A0SystemDoubleA0A0SystemRuntimeIntrinsics1B8608A4C8B7DC99CB3C7D7B5341A45D', ID = '7019'
Method 'A0SystemBooleanA0SystemDoubleEqualsA0SystemDouble', ID = '7020'
Method 'A0A0SystemRuntimeIntrinsicsVector1281A0SystemSingleA0InternalRuntimeCompilerServicesUnsafeAsA0A0SystemRuntimeIntrinsicsVector1281A0SystemInt64A0A0SystemRuntimeIntrinsic6C46577690F70E0AF51B1B0C86AFA6AC', ID = '7021'
Method 'A0A0SystemRuntimeIntrinsicsVector1281A0SystemByteA0InternalRuntimeCompilerServicesUnsafeAsA0A0SystemRuntimeIntrinsicsVector1281A0SystemInt64A0A0SystemRuntimeIntrinsicsV524A7BB3D5C072E7878EC37534C8DD15', ID = '7022'
Method 'SystemVoidA0SystemApplicationExceptionctorA0SystemStringA0SystemException', ID = '7024'
Method 'A0SystemBooleanA0SystemGlobalizationCompareInfoStartsWithCoreA0A0SystemReadOnlySpan1A0SystemCharA0A0SystemReadOnlySpan1A0SystemCharA0SystemGlobalizationCompareOptionsA0SystemInt32pointer', ID = '7026'
Method 'A0SystemVoidA0SystemGlobalizationCompareInfoThrowCompareOptionsCheckFailedA0SystemGlobalizationCompareOptions', ID = '7027'
Method 'A0A0A0SystemCollectionsGenericDictionary2EntryA0SystemStringA0SystemReflectionAssemblyarrayA0InternalRuntimeCompilerServicesUnsafeAsA0A0A0SystemCollectionsGenericDictioEE2AB00CC2E82DDFC8F62CCCA0F9D058', ID = '7030'
Method 'SystemVoidA0A0SystemSZGenericArrayEnumerator1A0A0SystemCollectionsGenericDictionary2EntryA0SystemStringA0SystemReflectionAssemblyctorA0A0A0SystemCollectionsGenericDictiF17F2E90828C42B64CE984D559DCFB5F', ID = '7031'
Method 'A0SystemInt32A0SystemArrayIndexOfA0A0SystemCollectionsGenericDictionary2EntryA0SystemStringA0SystemReflectionAssemblyA0A0A0SystemCollectionsGenericDictionary2EntryA0Sys303701C84177986FF6D8A8B5751D6ECC', ID = '7034'
Method 'A0A0SystemCollectionsGenericIEnumerator1A0A0SystemCollectionsGenericDictionary2EntryA0SystemStringA0SystemReflectionAssemblyA8A8CosmosIL2CPUSZArrayImpl1A0A0SystemCollec1E289CD11383C0CF47D14599A8F1D658', ID = '7035'
Method 'A0SystemVoidA8A8CosmosIL2CPUSZArrayImpl1A0A0SystemCollectionsGenericDictionary2EntryA0SystemStringA0SystemReflectionAssemblyCopyToA0A0A0SystemCollectionsGenericDictiona06B214CD21618FE678A78718DF21C2A6', ID = '7036'
Method 'A0SystemInt32A8A8CosmosIL2CPUSZArrayImpl1A0A0SystemCollectionsGenericDictionary2EntryA0SystemStringA0SystemReflectionAssemblyget_Count', ID = '7037'
Method 'A0A0SystemCollectionsGenericDictionary2EntryA0SystemStringA0SystemReflectionAssemblyA8A8CosmosIL2CPUSZArrayImpl1A0A0SystemCollectionsGenericDictionary2EntryA0SystemStriE4217D5F6CFE73176FD7E62DA8147041', ID = '7038'
Method 'A0SystemVoidA8A8CosmosIL2CPUSZArrayImpl1A0A0SystemCollectionsGenericDictionary2EntryA0SystemStringA0SystemReflectionAssemblyset_ItemA0SystemInt32A0A0SystemCollectionsGe9CE67EC6EE8BB027E651846ED22A271B', ID = '7039'
Method 'A0SystemVoidA8A8CosmosIL2CPUSZArrayImpl1A0A0SystemCollectionsGenericDictionary2EntryA0SystemStringA0SystemReflectionAssemblyAddA0A0SystemCollectionsGenericDictionary2En7019B5EA3A02E0BECC00059C779E9C01', ID = '7040'
Method 'A0SystemBooleanA8A8CosmosIL2CPUSZArrayImpl1A0A0SystemCollectionsGenericDictionary2EntryA0SystemStringA0SystemReflectionAssemblyContainsA0A0SystemCollectionsGenericDicti7C739C0D007932D989341AFF2C58A844', ID = '7041'
Method 'A0SystemBooleanA8A8CosmosIL2CPUSZArrayImpl1A0A0SystemCollectionsGenericDictionary2EntryA0SystemStringA0SystemReflectionAssemblyget_IsReadOnly', ID = '7042'
Method 'A0SystemVoidA8A8CosmosIL2CPUSZArrayImpl1A0A0SystemCollectionsGenericDictionary2EntryA0SystemStringA0SystemReflectionAssemblyClear', ID = '7043'
Method 'A0SystemInt32A8A8CosmosIL2CPUSZArrayImpl1A0A0SystemCollectionsGenericDictionary2EntryA0SystemStringA0SystemReflectionAssemblyIndexOfA0A0SystemCollectionsGenericDictionaDBA9AD97C6A0A607756DA8B7C9746509', ID = '7044'
Method 'A0SystemVoidA8A8CosmosIL2CPUSZArrayImpl1A0A0SystemCollectionsGenericDictionary2EntryA0SystemStringA0SystemReflectionAssemblyInsertA0SystemInt32A0A0SystemCollectionsGeneEA64D85A572A7B57C09E472FC974E629', ID = '7045'
Method 'A0SystemVoidA8A8CosmosIL2CPUSZArrayImpl1A0A0SystemCollectionsGenericDictionary2EntryA0SystemStringA0SystemReflectionAssemblyRemoveAtA0SystemInt32', ID = '7046'
Method 'A0SystemBooleanA8A8CosmosIL2CPUSZArrayImpl1A0A0SystemCollectionsGenericDictionary2EntryA0SystemStringA0SystemReflectionAssemblyget_IsFixedSize', ID = '7047'
Method 'A0SystemVoidA8A8CosmosIL2CPUSZArrayImpl1A0A0SystemCollectionsGenericDictionary2EntryA0SystemStringA0SystemReflectionAssemblyRemoveA0A0SystemCollectionsGenericDictionary9091C81C05EF1DA76755FE41D5C8EC39', ID = '7048'
Method 'A0SystemObjectA8A8CosmosIL2CPUSZArrayImpl1A0A0SystemCollectionsGenericDictionary2EntryA0SystemStringA0SystemReflectionAssemblyget_SyncRoot', ID = '7049'
Method 'A0SystemBooleanA8A8CosmosIL2CPUSZArrayImpl1A0A0SystemCollectionsGenericDictionary2EntryA0SystemStringA0SystemReflectionAssemblyget_IsSynchronized', ID = '7050'
Method 'A0A0SystemCollectionsGenericIEnumerator1A0A0SystemCollectionsGenericKeyValuePair2A0SystemStringA0SystemReflectionAssemblyA0SystemSZArrayHelperGetEnumeratorA0A0SystemCol16486A6D58EC7B89C59DC5ACD3D7650D', ID = '7052'
Method 'A0SystemVoidA0SystemSZArrayHelperCopyToA0A0SystemCollectionsGenericKeyValuePair2A0SystemStringA0SystemReflectionAssemblyA0A0A0SystemCollectionsGenericKeyValuePair2A0Sys72214EEB3EE2D18EC049B816A0BFF230', ID = '7053'
Method 'A0SystemInt32A0SystemSZArrayHelperget_CountA0A0SystemCollectionsGenericKeyValuePair2A0SystemStringA0SystemReflectionAssembly', ID = '7054'
Method 'A0A0SystemCollectionsGenericKeyValuePair2A0SystemStringA0SystemReflectionAssemblyA0SystemSZArrayHelperget_ItemA0A0SystemCollectionsGenericKeyValuePair2A0SystemStringA0S66197F46F17980712A0F7FE41053B595', ID = '7055'
Method 'A0SystemVoidA0SystemSZArrayHelperset_ItemA0A0SystemCollectionsGenericKeyValuePair2A0SystemStringA0SystemReflectionAssemblyA0SystemInt32A0A0SystemCollectionsGenericKeyVaC7AE55B6A53A0079329A2E83DEC126E8', ID = '7056'
Method 'A0SystemVoidA0SystemSZArrayHelperAddA0A0SystemCollectionsGenericKeyValuePair2A0SystemStringA0SystemReflectionAssemblyA0A0SystemCollectionsGenericKeyValuePair2A0SystemStringA0SystemReflectionAssembly', ID = '7057'
Method 'A0SystemBooleanA0SystemSZArrayHelperContainsA0A0SystemCollectionsGenericKeyValuePair2A0SystemStringA0SystemReflectionAssemblyA0A0SystemCollectionsGenericKeyValuePair2A046D6D2B0DAA863C0EE6369A334A7CD8B', ID = '7058'
Method 'A0SystemBooleanA0SystemSZArrayHelperget_IsReadOnlyA0A0SystemCollectionsGenericKeyValuePair2A0SystemStringA0SystemReflectionAssembly', ID = '7059'
Method 'A0SystemVoidA0SystemSZArrayHelperClearA0A0SystemCollectionsGenericKeyValuePair2A0SystemStringA0SystemReflectionAssembly', ID = '7060'
Method 'A0SystemInt32A0SystemSZArrayHelperIndexOfA0A0SystemCollectionsGenericKeyValuePair2A0SystemStringA0SystemReflectionAssemblyA0A0SystemCollectionsGenericKeyValuePair2A0Sys818466C694D5874B29559D84896E7713', ID = '7061'
Method 'A0SystemVoidA0SystemSZArrayHelperInsertA0A0SystemCollectionsGenericKeyValuePair2A0SystemStringA0SystemReflectionAssemblyA0SystemInt32A0A0SystemCollectionsGenericKeyValu6D92F9E6D7ABE235B5E71E9A1506C572', ID = '7062'
Method 'A0SystemBooleanA0SystemSZArrayHelperRemoveA0A0SystemCollectionsGenericKeyValuePair2A0SystemStringA0SystemReflectionAssemblyA0A0SystemCollectionsGenericKeyValuePair2A0Sy3006397A0916D8E3310CC0FE551FF21F', ID = '7063'
Method 'A0SystemVoidA0SystemSZArrayHelperRemoveAtA0A0SystemCollectionsGenericKeyValuePair2A0SystemStringA0SystemReflectionAssemblyA0SystemInt32', ID = '7064'
Method 'A0SystemInt32A0A0SystemRuntimeIntrinsicsVector1281A0SystemSingleget_Count', ID = '7068'
Method 'A0SystemSingleA0SystemRuntimeIntrinsicsVector128GetElementA0SystemSingleA0A0SystemRuntimeIntrinsicsVector1281A0SystemSingleA0SystemInt32', ID = '7069'
Method 'A0SystemBooleanA0A0SystemRuntimeIntrinsicsVector1281A0SystemSingleEqualsA0A0SystemRuntimeIntrinsicsVector1281A0SystemSingle', ID = '7070'
Method 'A0SystemInt32A0A0SystemRuntimeIntrinsicsVector2561A0SystemSingleget_Count', ID = '7072'
Method 'A0SystemSingleA0SystemRuntimeIntrinsicsVector256GetElementA0SystemSingleA0A0SystemRuntimeIntrinsicsVector2561A0SystemSingleA0SystemInt32', ID = '7073'
Method 'A0SystemBooleanA0A0SystemRuntimeIntrinsicsVector2561A0SystemSingleEqualsA0A0SystemRuntimeIntrinsicsVector2561A0SystemSingle', ID = '7074'
Method 'A0SystemInt32A0A0SystemRuntimeIntrinsicsVector2561A0SystemDoubleget_Count', ID = '7076'
Method 'A0SystemDoubleA0SystemRuntimeIntrinsicsVector256GetElementA0SystemDoubleA0A0SystemRuntimeIntrinsicsVector2561A0SystemDoubleA0SystemInt32', ID = '7077'
Method 'A0SystemBooleanA0A0SystemRuntimeIntrinsicsVector2561A0SystemDoubleEqualsA0A0SystemRuntimeIntrinsicsVector2561A0SystemDouble', ID = '7078'
Method 'A0SystemInt32A0A0SystemRuntimeIntrinsicsVector1281A0SystemInt32get_Count', ID = '7080'
Method 'A0SystemInt32A0SystemRuntimeIntrinsicsVector128GetElementA0SystemInt32A0A0SystemRuntimeIntrinsicsVector1281A0SystemInt32A0SystemInt32', ID = '7081'
Method 'A0SystemBooleanA0A0SystemRuntimeIntrinsicsVector1281A0SystemInt32EqualsA0A0SystemRuntimeIntrinsicsVector1281A0SystemInt32', ID = '7082'
Method 'A0SystemBooleanA0SystemObjectEqualsA0SystemObjectA0SystemObject', ID = '7083'
Method 'SystemVoidA0A0SystemCollectionsGenericEqualityComparer1A0SystemSBytecctor', ID = '7084'
Method 'SystemVoidA0A0SystemCollectionsGenericEqualityComparer1A0SystemUInt64cctor', ID = '7085'
Method 'SystemVoidA0A0SystemCollectionsGenericEqualityComparer1A0SystemInt16cctor', ID = '7086'
Method 'SystemVoidA0A0SystemCollectionsGenericEqualityComparer1A0SystemUInt16cctor', ID = '7087'
Method 'SystemVoidA0A0SystemCollectionsGenericEqualityComparer1A0SystemGuidcctor', ID = '7088'
Method 'SystemVoidA0SystemRandomcctor', ID = '7089'
Method 'A0SystemInt32A3CosmosSystem_PlugsSystemRandomImplGenerateSeed', ID = '7092'
Method 'A0SystemVoidA3CosmosSystem_PlugsSystemRandomImplCtorA0SystemInt32', ID = '7093'
Method 'A0SystemInt32A3CosmosSystem_PlugsSystemRandomImplInternalSample', ID = '7094'
Method 'A0SystemVoidA8A8CosmosIL2CPUSZArrayImpl1GetEnumeratord__0A0A0SystemCollectionsGenericDictionary2EntryA0SystemStringA0SystemBooleanSystemIDisposableDispose', ID = '7098'
Method 'A0SystemBooleanA8A8CosmosIL2CPUSZArrayImpl1GetEnumeratord__0A0A0SystemCollectionsGenericDictionary2EntryA0SystemStringA0SystemBooleanMoveNext', ID = '7099'
Method 'A0A0SystemBooleanarrayA0InternalRuntimeCompilerServicesUnsafeAsA0A0SystemBooleanarrayA0SystemObject', ID = '7101'
Method 'SystemVoidA0A0SystemSZGenericArrayEnumerator1A0SystemBooleanctorA0A0SystemBooleanarray', ID = '7102'
Method 'A0SystemInt32A0SystemArrayIndexOfA0SystemBooleanA0A0SystemBooleanarrayA0SystemBooleanA0SystemInt32A0SystemInt32', ID = '7105'
Method 'A0A0SystemCollectionsGenericIEnumerator1A0SystemBooleanA8A8CosmosIL2CPUSZArrayImpl1A0SystemBooleanGetEnumerator', ID = '7106'
Method 'A0SystemVoidA8A8CosmosIL2CPUSZArrayImpl1A0SystemBooleanCopyToA0A0SystemBooleanarrayA0SystemInt32', ID = '7107'
Method 'A0SystemInt32A8A8CosmosIL2CPUSZArrayImpl1A0SystemBooleanget_Count', ID = '7108'
Method 'A0SystemBooleanA8A8CosmosIL2CPUSZArrayImpl1A0SystemBooleanget_ItemA0SystemInt32', ID = '7109'
Method 'A0SystemVoidA8A8CosmosIL2CPUSZArrayImpl1A0SystemBooleanset_ItemA0SystemInt32A0SystemBoolean', ID = '7110'
Method 'A0SystemVoidA8A8CosmosIL2CPUSZArrayImpl1A0SystemBooleanAddA0SystemBoolean', ID = '7111'
Method 'A0SystemBooleanA8A8CosmosIL2CPUSZArrayImpl1A0SystemBooleanContainsA0SystemBoolean', ID = '7112'
Method 'A0SystemBooleanA8A8CosmosIL2CPUSZArrayImpl1A0SystemBooleanget_IsReadOnly', ID = '7113'
Method 'A0SystemVoidA8A8CosmosIL2CPUSZArrayImpl1A0SystemBooleanClear', ID = '7114'
Method 'A0SystemInt32A8A8CosmosIL2CPUSZArrayImpl1A0SystemBooleanIndexOfA0SystemBoolean', ID = '7115'
Method 'A0SystemVoidA8A8CosmosIL2CPUSZArrayImpl1A0SystemBooleanInsertA0SystemInt32A0SystemBoolean', ID = '7116'
Method 'A0SystemVoidA8A8CosmosIL2CPUSZArrayImpl1A0SystemBooleanRemoveAtA0SystemInt32', ID = '7117'
Method 'A0SystemBooleanA8A8CosmosIL2CPUSZArrayImpl1A0SystemBooleanget_IsFixedSize', ID = '7118'
Method 'A0SystemVoidA8A8CosmosIL2CPUSZArrayImpl1A0SystemBooleanRemoveA0SystemBoolean', ID = '7119'
Method 'A0SystemObjectA8A8CosmosIL2CPUSZArrayImpl1A0SystemBooleanget_SyncRoot', ID = '7120'
Method 'A0SystemBooleanA8A8CosmosIL2CPUSZArrayImpl1A0SystemBooleanget_IsSynchronized', ID = '7121'
Method 'SystemVoidA0A0SystemSZGenericArrayEnumerator1A0A0SystemCollectionsGenericKeyValuePair2A0SystemStringA0SystemBooleancctor', ID = '7122'
Method 'A0SystemVoidA0A0SystemSZGenericArrayEnumerator1A0A0SystemCollectionsGenericKeyValuePair2A0SystemStringA0SystemBooleanDispose', ID = '7123'
Method 'A0SystemBooleanA0A0SystemSZGenericArrayEnumerator1A0A0SystemCollectionsGenericKeyValuePair2A0SystemStringA0SystemBooleanMoveNext', ID = '7124'
Method 'A0SystemStringA0A0SystemCollectionsGenericKeyValuePair2A0SystemStringA0SystemBooleanToString', ID = '7125'
Method 'A0SystemBooleanA0SystemRuntimeCompilerServicesRuntimeHelpersIsBitwiseEquatableA0A0SystemCollectionsGenericKeyValuePair2A0SystemStringA0SystemBoolean', ID = '7126'
Method 'A0SystemInt32A0InternalRuntimeCompilerServicesUnsafeSizeOfA0A0SystemCollectionsGenericKeyValuePair2A0SystemStringA0SystemBoolean', ID = '7127'
Method 'A0SystemByteA0InternalRuntimeCompilerServicesUnsafeAsA0A0SystemCollectionsGenericKeyValuePair2A0SystemStringA0SystemBooleanA0SystemByteA0A0SystemCollectionsGenericKeyVaE82ECA4CCED96E0AFF7C7D54441C9C74', ID = '7128'
Method 'A0SystemCharA0InternalRuntimeCompilerServicesUnsafeAsA0A0SystemCollectionsGenericKeyValuePair2A0SystemStringA0SystemBooleanA0SystemCharA0A0SystemCollectionsGenericKeyVa5E13A07025C7A51BADF57175F006AA68', ID = '7129'
Method 'A0SystemInt32A0InternalRuntimeCompilerServicesUnsafeAsA0A0SystemCollectionsGenericKeyValuePair2A0SystemStringA0SystemBooleanA0SystemInt32A0A0SystemCollectionsGenericKeyD96202598D60C82CEEDC7B0A8EC29CDD', ID = '7130'
Method 'A0SystemInt64A0InternalRuntimeCompilerServicesUnsafeAsA0A0SystemCollectionsGenericKeyValuePair2A0SystemStringA0SystemBooleanA0SystemInt64A0A0SystemCollectionsGenericKey714545E36137593CBAE941805969BA8E', ID = '7131'
Method 'A0A0SystemCollectionsGenericEqualityComparer1A0A0SystemCollectionsGenericKeyValuePair2A0SystemStringA0SystemBooleanA0A0SystemCollectionsGenericEqualityComparer1A0A0Syst8DAA3A8A816F322FC829DD9CA824659F', ID = '7132'
Method 'A0SystemInt32A0A0SystemCollectionsGenericEqualityComparer1A0A0SystemCollectionsGenericKeyValuePair2A0SystemStringA0SystemBooleanIndexOfA0A0A0SystemCollectionsGenericKey87855BEA70EE51B9CC531FD5C4B310CD', ID = '7133'
Method 'SystemVoidA8A8CosmosIL2CPUSZArrayImpl1GetEnumeratord__0A0A0SystemCollectionsGenericKeyValuePair2A0SystemStringA0SystemBooleanctorA0SystemInt32', ID = '7134'
Method 'A0SystemInt32A0SystemStringGetNonRandomizedHashCodeOrdinalIgnoreCaseg__GetNonRandomizedHashCodeOrdinalIgnoreCaseSlowsLine47_0A0SystemString', ID = '7136'
Method 'A0SystemCharA0InternalRuntimeCompilerServicesUnsafeAddByteOffsetA0SystemCharA0SystemCharA0SystemUIntPtr', ID = '7137'
Method 'A0SystemUInt32A0SystemTextUnicodeUtf16UtilityConvertAllAsciiCharsInUInt32ToUppercaseA0SystemUInt32', ID = '7138'
Method 'A0SystemInt32A0SystemMarvinComputeHash32OrdinalIgnoreCaseSlowA0SystemCharA0SystemInt32A0SystemUInt32A0SystemUInt32', ID = '7139'
Method 'A0SystemBooleanA0SystemStringEqualsOrdinalIgnoreCaseNoLengthCheckA0SystemStringA0SystemString', ID = '7140'
Method 'A0SystemInt32A0SystemGlobalizationOrdinalCompareStringIgnoreCaseNonAsciiA0SystemCharA0SystemInt32A0SystemCharA0SystemInt32', ID = '7142'
Method 'SystemVoidA0A0SystemSZGenericArrayEnumerator1A0A0SystemCollectionsGenericDictionary2EntryA0SystemStringA0SystemObjectcctor', ID = '7143'
Method 'A0SystemVoidA0A0SystemSZGenericArrayEnumerator1A0A0SystemCollectionsGenericDictionary2EntryA0SystemStringA0SystemObjectDispose', ID = '7144'
Method 'A0SystemBooleanA0A0SystemSZGenericArrayEnumerator1A0A0SystemCollectionsGenericDictionary2EntryA0SystemStringA0SystemObjectMoveNext', ID = '7145'
Method 'A0SystemBooleanA0SystemRuntimeCompilerServicesRuntimeHelpersIsBitwiseEquatableA0A0SystemCollectionsGenericDictionary2EntryA0SystemStringA0SystemObject', ID = '7146'
Method 'A0SystemInt32A0InternalRuntimeCompilerServicesUnsafeSizeOfA0A0SystemCollectionsGenericDictionary2EntryA0SystemStringA0SystemObject', ID = '7147'
Method 'A0SystemByteA0InternalRuntimeCompilerServicesUnsafeAsA0A0SystemCollectionsGenericDictionary2EntryA0SystemStringA0SystemObjectA0SystemByteA0A0SystemCollectionsGenericDicD59C4D1DA85EC43ACF13064A7BA2D436', ID = '7148'
Method 'A0SystemCharA0InternalRuntimeCompilerServicesUnsafeAsA0A0SystemCollectionsGenericDictionary2EntryA0SystemStringA0SystemObjectA0SystemCharA0A0SystemCollectionsGenericDic45A8A27737F41660884C003D454D86E6', ID = '7149'
Method 'A0SystemInt32A0InternalRuntimeCompilerServicesUnsafeAsA0A0SystemCollectionsGenericDictionary2EntryA0SystemStringA0SystemObjectA0SystemInt32A0A0SystemCollectionsGenericD58AAF3166DBA2BA9F8551EA0152861A8', ID = '7150'
Method 'A0SystemInt64A0InternalRuntimeCompilerServicesUnsafeAsA0A0SystemCollectionsGenericDictionary2EntryA0SystemStringA0SystemObjectA0SystemInt64A0A0SystemCollectionsGenericDC053BCCD48B88915DED5DDA33BC73BAD', ID = '7151'
Method 'A0A0SystemCollectionsGenericEqualityComparer1A0A0SystemCollectionsGenericDictionary2EntryA0SystemStringA0SystemObjectA0A0SystemCollectionsGenericEqualityComparer1A0A0Sy20912EBEA1106583C452B15D0D8D0886', ID = '7152'
Method 'A0SystemInt32A0A0SystemCollectionsGenericEqualityComparer1A0A0SystemCollectionsGenericDictionary2EntryA0SystemStringA0SystemObjectIndexOfA0A0A0SystemCollectionsGenericDB710A735CAFCEB8BC64558B314F57143', ID = '7153'
Method 'SystemVoidA8A8CosmosIL2CPUSZArrayImpl1GetEnumeratord__0A0A0SystemCollectionsGenericDictionary2EntryA0SystemStringA0SystemObjectctorA0SystemInt32', ID = '7154'
Method 'A0A0A0SystemCollectionsGenericKeyValuePair2A0SystemStringA0SystemObjectarrayA0InternalRuntimeCompilerServicesUnsafeAsA0A0A0SystemCollectionsGenericKeyValuePair2A0SystemF7B6AD3747B10379BD87CF6C0D4122E6', ID = '7157'
Method 'SystemVoidA0A0SystemSZGenericArrayEnumerator1A0A0SystemCollectionsGenericKeyValuePair2A0SystemStringA0SystemObjectctorA0A0A0SystemCollectionsGenericKeyValuePair2A0SystemStringA0SystemObjectarray', ID = '7158'
Method 'A0SystemInt32A0SystemArrayIndexOfA0A0SystemCollectionsGenericKeyValuePair2A0SystemStringA0SystemObjectA0A0A0SystemCollectionsGenericKeyValuePair2A0SystemStringA0SystemO12F0F39C77E5FA9566E7595C0B8B57D9', ID = '7162'
Method 'A0A0SystemCollectionsGenericIEnumerator1A0A0SystemCollectionsGenericKeyValuePair2A0SystemStringA0SystemObjectA8A8CosmosIL2CPUSZArrayImpl1A0A0SystemCollectionsGenericKey40900D6ED662AA286619C0099DBDCA0D', ID = '7163'
Method 'A0SystemVoidA8A8CosmosIL2CPUSZArrayImpl1A0A0SystemCollectionsGenericKeyValuePair2A0SystemStringA0SystemObjectCopyToA0A0A0SystemCollectionsGenericKeyValuePair2A0SystemSt7B72D4EB47D48DE5048698DCA4781145', ID = '7164'
Method 'A0SystemInt32A8A8CosmosIL2CPUSZArrayImpl1A0A0SystemCollectionsGenericKeyValuePair2A0SystemStringA0SystemObjectget_Count', ID = '7165'
Method 'A0A0SystemCollectionsGenericKeyValuePair2A0SystemStringA0SystemObjectA8A8CosmosIL2CPUSZArrayImpl1A0A0SystemCollectionsGenericKeyValuePair2A0SystemStringA0SystemObjectget_ItemA0SystemInt32', ID = '7166'
Method 'A0SystemVoidA8A8CosmosIL2CPUSZArrayImpl1A0A0SystemCollectionsGenericKeyValuePair2A0SystemStringA0SystemObjectset_ItemA0SystemInt32A0A0SystemCollectionsGenericKeyValuePair2A0SystemStringA0SystemObject', ID = '7167'
Method 'A0SystemVoidA8A8CosmosIL2CPUSZArrayImpl1A0A0SystemCollectionsGenericKeyValuePair2A0SystemStringA0SystemObjectAddA0A0SystemCollectionsGenericKeyValuePair2A0SystemStringA0SystemObject', ID = '7168'
Method 'A0SystemBooleanA8A8CosmosIL2CPUSZArrayImpl1A0A0SystemCollectionsGenericKeyValuePair2A0SystemStringA0SystemObjectContainsA0A0SystemCollectionsGenericKeyValuePair2A0SystemStringA0SystemObject', ID = '7169'
Method 'A0SystemBooleanA8A8CosmosIL2CPUSZArrayImpl1A0A0SystemCollectionsGenericKeyValuePair2A0SystemStringA0SystemObjectget_IsReadOnly', ID = '7170'
Method 'A0SystemVoidA8A8CosmosIL2CPUSZArrayImpl1A0A0SystemCollectionsGenericKeyValuePair2A0SystemStringA0SystemObjectClear', ID = '7171'
Method 'A0SystemInt32A8A8CosmosIL2CPUSZArrayImpl1A0A0SystemCollectionsGenericKeyValuePair2A0SystemStringA0SystemObjectIndexOfA0A0SystemCollectionsGenericKeyValuePair2A0SystemStringA0SystemObject', ID = '7172'
Method 'A0SystemVoidA8A8CosmosIL2CPUSZArrayImpl1A0A0SystemCollectionsGenericKeyValuePair2A0SystemStringA0SystemObjectInsertA0SystemInt32A0A0SystemCollectionsGenericKeyValuePair2A0SystemStringA0SystemObject', ID = '7173'
Method 'A0SystemVoidA8A8CosmosIL2CPUSZArrayImpl1A0A0SystemCollectionsGenericKeyValuePair2A0SystemStringA0SystemObjectRemoveAtA0SystemInt32', ID = '7174'
Method 'A0SystemBooleanA8A8CosmosIL2CPUSZArrayImpl1A0A0SystemCollectionsGenericKeyValuePair2A0SystemStringA0SystemObjectget_IsFixedSize', ID = '7175'
Method 'A0SystemVoidA8A8CosmosIL2CPUSZArrayImpl1A0A0SystemCollectionsGenericKeyValuePair2A0SystemStringA0SystemObjectRemoveA0A0SystemCollectionsGenericKeyValuePair2A0SystemStringA0SystemObject', ID = '7176'
Method 'A0SystemObjectA8A8CosmosIL2CPUSZArrayImpl1A0A0SystemCollectionsGenericKeyValuePair2A0SystemStringA0SystemObjectget_SyncRoot', ID = '7177'
Method 'A0SystemBooleanA8A8CosmosIL2CPUSZArrayImpl1A0A0SystemCollectionsGenericKeyValuePair2A0SystemStringA0SystemObjectget_IsSynchronized', ID = '7178'
Method 'A0A0A0SystemThreadingTasksTask1A0SystemInt32arrayA0SystemThreadingTasksTaskCacheCreateInt32Tasks', ID = '7182'
Method 'SystemVoidA0SystemThreadingTasksTaskContingentPropertiesctor', ID = '7184'
Method 'SystemVoidA0A0SystemSZGenericArrayEnumerator1A0SystemThreadingIAsyncLocalcctor', ID = '7185'
Method 'A0SystemVoidA0A0SystemSZGenericArrayEnumerator1A0SystemThreadingIAsyncLocalDispose', ID = '7186'
Method 'A0SystemBooleanA0A0SystemSZGenericArrayEnumerator1A0SystemThreadingIAsyncLocalMoveNext', ID = '7187'
Method 'A0SystemBooleanA0SystemRuntimeCompilerServicesRuntimeHelpersIsBitwiseEquatableA0SystemThreadingIAsyncLocal', ID = '7188'
Method 'A0SystemInt32A0InternalRuntimeCompilerServicesUnsafeSizeOfA0SystemThreadingIAsyncLocal', ID = '7189'
Method 'A0SystemByteA0InternalRuntimeCompilerServicesUnsafeAsA0SystemThreadingIAsyncLocalA0SystemByteA0SystemThreadingIAsyncLocal', ID = '7190'
Method 'A0SystemCharA0InternalRuntimeCompilerServicesUnsafeAsA0SystemThreadingIAsyncLocalA0SystemCharA0SystemThreadingIAsyncLocal', ID = '7191'
Method 'A0SystemInt32A0InternalRuntimeCompilerServicesUnsafeAsA0SystemThreadingIAsyncLocalA0SystemInt32A0SystemThreadingIAsyncLocal', ID = '7192'
Method 'A0SystemInt64A0InternalRuntimeCompilerServicesUnsafeAsA0SystemThreadingIAsyncLocalA0SystemInt64A0SystemThreadingIAsyncLocal', ID = '7193'
Method 'A0A0SystemCollectionsGenericEqualityComparer1A0SystemThreadingIAsyncLocalA0A0SystemCollectionsGenericEqualityComparer1A0SystemThreadingIAsyncLocalget_Default', ID = '7194'
Method 'A0SystemInt32A0A0SystemCollectionsGenericEqualityComparer1A0SystemThreadingIAsyncLocalIndexOfA0A0SystemThreadingIAsyncLocalarrayA0SystemThreadingIAsyncLocalA0SystemInt32A0SystemInt32', ID = '7195'
Method 'SystemVoidA8A8CosmosIL2CPUSZArrayImpl1GetEnumeratord__0A0SystemThreadingIAsyncLocalctorA0SystemInt32', ID = '7196'
Method 'A0A0SystemRuntimeExceptionServicesExceptionDispatchInfoarrayA0InternalRuntimeCompilerServicesUnsafeAsA0A0SystemRuntimeExceptionServicesExceptionDispatchInfoarrayA0SystemObject', ID = '7199'
Method 'SystemVoidA0A0SystemSZGenericArrayEnumerator1A0SystemRuntimeExceptionServicesExceptionDispatchInfoctorA0A0SystemRuntimeExceptionServicesExceptionDispatchInfoarray', ID = '7200'
Method 'A0SystemInt32A0SystemArrayIndexOfA0SystemRuntimeExceptionServicesExceptionDispatchInfoA0A0SystemRuntimeExceptionServicesExceptionDispatchInfoarrayA0SystemRuntimeExcepti8C335E056A3A03B02B4FFAA02F3520F5', ID = '7203'
Method 'A0A0SystemCollectionsGenericIEnumerator1A0SystemRuntimeExceptionServicesExceptionDispatchInfoA8A8CosmosIL2CPUSZArrayImpl1A0SystemRuntimeExceptionServicesExceptionDispatchInfoGetEnumerator', ID = '7204'
Method 'A0SystemVoidA8A8CosmosIL2CPUSZArrayImpl1A0SystemRuntimeExceptionServicesExceptionDispatchInfoCopyToA0A0SystemRuntimeExceptionServicesExceptionDispatchInfoarrayA0SystemInt32', ID = '7205'
Method 'A0SystemInt32A8A8CosmosIL2CPUSZArrayImpl1A0SystemRuntimeExceptionServicesExceptionDispatchInfoget_Count', ID = '7206'
Method 'A0SystemRuntimeExceptionServicesExceptionDispatchInfoA8A8CosmosIL2CPUSZArrayImpl1A0SystemRuntimeExceptionServicesExceptionDispatchInfoget_ItemA0SystemInt32', ID = '7207'
Method 'A0SystemVoidA8A8CosmosIL2CPUSZArrayImpl1A0SystemRuntimeExceptionServicesExceptionDispatchInfoset_ItemA0SystemInt32A0SystemRuntimeExceptionServicesExceptionDispatchInfo', ID = '7208'
Method 'A0SystemVoidA8A8CosmosIL2CPUSZArrayImpl1A0SystemRuntimeExceptionServicesExceptionDispatchInfoAddA0SystemRuntimeExceptionServicesExceptionDispatchInfo', ID = '7209'
Method 'A0SystemBooleanA8A8CosmosIL2CPUSZArrayImpl1A0SystemRuntimeExceptionServicesExceptionDispatchInfoContainsA0SystemRuntimeExceptionServicesExceptionDispatchInfo', ID = '7210'
Method 'A0SystemBooleanA8A8CosmosIL2CPUSZArrayImpl1A0SystemRuntimeExceptionServicesExceptionDispatchInfoget_IsReadOnly', ID = '7211'
Method 'A0SystemVoidA8A8CosmosIL2CPUSZArrayImpl1A0SystemRuntimeExceptionServicesExceptionDispatchInfoClear', ID = '7212'
Method 'A0SystemInt32A8A8CosmosIL2CPUSZArrayImpl1A0SystemRuntimeExceptionServicesExceptionDispatchInfoIndexOfA0SystemRuntimeExceptionServicesExceptionDispatchInfo', ID = '7213'
Method 'A0SystemVoidA8A8CosmosIL2CPUSZArrayImpl1A0SystemRuntimeExceptionServicesExceptionDispatchInfoInsertA0SystemInt32A0SystemRuntimeExceptionServicesExceptionDispatchInfo', ID = '7214'
Method 'A0SystemVoidA8A8CosmosIL2CPUSZArrayImpl1A0SystemRuntimeExceptionServicesExceptionDispatchInfoRemoveAtA0SystemInt32', ID = '7215'
Method 'A0SystemBooleanA8A8CosmosIL2CPUSZArrayImpl1A0SystemRuntimeExceptionServicesExceptionDispatchInfoget_IsFixedSize', ID = '7216'
Method 'A0SystemVoidA8A8CosmosIL2CPUSZArrayImpl1A0SystemRuntimeExceptionServicesExceptionDispatchInfoRemoveA0SystemRuntimeExceptionServicesExceptionDispatchInfo', ID = '7217'
Method 'A0SystemObjectA8A8CosmosIL2CPUSZArrayImpl1A0SystemRuntimeExceptionServicesExceptionDispatchInfoget_SyncRoot', ID = '7218'
Method 'A0SystemBooleanA8A8CosmosIL2CPUSZArrayImpl1A0SystemRuntimeExceptionServicesExceptionDispatchInfoget_IsSynchronized', ID = '7219'
Method 'A0SystemVoidA0SystemThreadingTimerQueueTimercompilergeneratedccctorb__27_0A0SystemObject', ID = '7223'
Method 'A0SystemVoidA12CosmosCore_AsmDelegateImplCtorA0SystemObjectA0SystemIntPtr', ID = '1892'
Method 'SystemVoidA0SystemThreadingTimerQueuecctor', ID = '7226'
Method 'A0SystemVoidA0SystemThreadingCancellationTokenSourceRegistrationsEnterLock', ID = '7229'
Method 'A0SystemVoidA0SystemThreadingCancellationTokenSourceRegistrationsRecycleA0SystemThreadingCancellationTokenSourceCallbackNode', ID = '7230'
Method 'A0SystemVoidA0SystemThreadingCancellationTokenSourceRegistrationsExitLock', ID = '7231'
Method 'A0SystemBooleanA0SystemThreadingCancellationTokenSourceget_IsCancellationRequested', ID = '7232'
Method 'A0SystemBooleanA0SystemThreadingCancellationTokenSourceget_IsCancellationCompleted', ID = '7233'
Method 'A0SystemVoidA0SystemThreadingCancellationTokenSourceRegistrationsWaitForCallbackToCompleteA0SystemInt64', ID = '7235'
Method 'SystemVoidA0A0SystemSZGenericArrayEnumerator1A0SystemThreadingTasksTaskcctor', ID = '7236'
Method 'A0SystemVoidA0A0SystemSZGenericArrayEnumerator1A0SystemThreadingTasksTaskDispose', ID = '7237'
Method 'A0SystemBooleanA0A0SystemSZGenericArrayEnumerator1A0SystemThreadingTasksTaskMoveNext', ID = '7238'
Method 'A0SystemBooleanA0SystemRuntimeCompilerServicesRuntimeHelpersIsBitwiseEquatableA0SystemThreadingTasksTask', ID = '7239'
Method 'A0SystemInt32A0InternalRuntimeCompilerServicesUnsafeSizeOfA0SystemThreadingTasksTask', ID = '7240'
Method 'A0SystemByteA0InternalRuntimeCompilerServicesUnsafeAsA0SystemThreadingTasksTaskA0SystemByteA0SystemThreadingTasksTask', ID = '7241'
Method 'A0SystemCharA0InternalRuntimeCompilerServicesUnsafeAsA0SystemThreadingTasksTaskA0SystemCharA0SystemThreadingTasksTask', ID = '7242'
Method 'A0SystemInt32A0InternalRuntimeCompilerServicesUnsafeAsA0SystemThreadingTasksTaskA0SystemInt32A0SystemThreadingTasksTask', ID = '7243'
Method 'A0SystemInt64A0InternalRuntimeCompilerServicesUnsafeAsA0SystemThreadingTasksTaskA0SystemInt64A0SystemThreadingTasksTask', ID = '7244'
Method 'A0A0SystemCollectionsGenericEqualityComparer1A0SystemThreadingTasksTaskA0A0SystemCollectionsGenericEqualityComparer1A0SystemThreadingTasksTaskget_Default', ID = '7245'
Method 'A0SystemInt32A0A0SystemCollectionsGenericEqualityComparer1A0SystemThreadingTasksTaskIndexOfA0A0SystemThreadingTasksTaskarrayA0SystemThreadingTasksTaskA0SystemInt32A0SystemInt32', ID = '7246'
Method 'SystemVoidA8A8CosmosIL2CPUSZArrayImpl1GetEnumeratord__0A0SystemThreadingTasksTaskctorA0SystemInt32', ID = '7247'
Method 'A0SystemVoidA8A8CosmosIL2CPUSZArrayImpl1GetEnumeratord__0A0SystemUInt16SystemIDisposableDispose', ID = '7251'
Method 'A0SystemBooleanA8A8CosmosIL2CPUSZArrayImpl1GetEnumeratord__0A0SystemUInt16MoveNext', ID = '7252'
Method 'A0SystemInt32A0SystemTextEncodingGetCharsFastA0SystemBytepointerA0SystemInt32A0SystemCharpointerA0SystemInt32A0SystemInt32', ID = '7253'
Method 'A0SystemInt32A0SystemTextEncodingGetCharsWithFallbackA0SystemBytepointerA0SystemInt32A0SystemCharpointerA0SystemInt32A0SystemInt32A0SystemInt32', ID = '7254'
Method 'A0SystemInt32A0SystemTextEncodingGetCharCountA0SystemBytepointerA0SystemInt32', ID = '7255'
Method 'A0SystemInt32A0SystemTextEncodingGetCharsA0SystemBytepointerA0SystemInt32A0SystemCharpointerA0SystemInt32', ID = '7256'
Method 'A0SystemInt32A0SystemTextASCIIEncodingGetCharCountA0A0SystemBytearrayA0SystemInt32A0SystemInt32', ID = '7257'
Method 'A0SystemInt32A0SystemTextUTF8EncodingGetCharCountA0A0SystemBytearrayA0SystemInt32A0SystemInt32', ID = '7258'
Method 'A0SystemInt32A4CosmosSystemConsoleConsoleEncodingGetCharCountA0A0SystemBytearrayA0SystemInt32A0SystemInt32', ID = '7259'
Method 'A0SystemInt32A4CosmosSystemExtendedASCIISingleByteEncodingGetCharCountA0A0SystemBytearrayA0SystemInt32A0SystemInt32', ID = '7260'
Method 'A0SystemInt32A0SystemTextASCIIEncodingGetCharsA0A0SystemBytearrayA0SystemInt32A0SystemInt32A0A0SystemChararrayA0SystemInt32', ID = '7261'
Method 'A0SystemInt32A0SystemTextUTF8EncodingGetCharsA0A0SystemBytearrayA0SystemInt32A0SystemInt32A0A0SystemChararrayA0SystemInt32', ID = '7262'
Method 'A0SystemInt32A4CosmosSystemConsoleConsoleEncodingGetCharsA0A0SystemBytearrayA0SystemInt32A0SystemInt32A0A0SystemChararrayA0SystemInt32', ID = '7263'
Method 'A0SystemInt32A4CosmosSystemExtendedASCIISingleByteEncodingGetCharsA0A0SystemBytearrayA0SystemInt32A0SystemInt32A0A0SystemChararrayA0SystemInt32', ID = '7264'
Method 'A0SystemBooleanA2CosmosCore_PlugsSystemRuntimeCompilerServicesRuntimeHelpersImplIsReferenceOrContainsReferencesA0SystemGuid', ID = '7265'
Method 'A0SystemVoidA8A8CosmosIL2CPUSZArrayImpl1GetEnumeratord__0A6CosmosHALBlockDeviceGPTGPartInfoSystemIDisposableDispose', ID = '7270'
Method 'A0SystemBooleanA8A8CosmosIL2CPUSZArrayImpl1GetEnumeratord__0A6CosmosHALBlockDeviceGPTGPartInfoMoveNext', ID = '7271'
Method 'A0SystemVoidA8A8CosmosIL2CPUSZArrayImpl1GetEnumeratord__0A6CosmosHALBlockDeviceMBRPartInfoSystemIDisposableDispose', ID = '7276'
Method 'A0SystemBooleanA8A8CosmosIL2CPUSZArrayImpl1GetEnumeratord__0A6CosmosHALBlockDeviceMBRPartInfoMoveNext', ID = '7277'
Method 'A0SystemVoidA8A8CosmosIL2CPUSZArrayImpl1GetEnumeratord__0A6CosmosHALBlockDeviceEBRPartInfoSystemIDisposableDispose', ID = '7282'
Method 'A0SystemBooleanA8A8CosmosIL2CPUSZArrayImpl1GetEnumeratord__0A6CosmosHALBlockDeviceEBRPartInfoMoveNext', ID = '7283'
Method 'SystemVoidA0A0SystemCollectionsGenericEqualityComparer1A6CosmosHALBlockDevicePortsStoragePortcctor', ID = '7284'
Method 'A0SystemVoidA8A8CosmosIL2CPUSZArrayImpl1GetEnumeratord__0A6CosmosHALBlockDeviceRegistersHBACommandHeaderSystemIDisposableDispose', ID = '7290'
Method 'A0SystemBooleanA8A8CosmosIL2CPUSZArrayImpl1GetEnumeratord__0A6CosmosHALBlockDeviceRegistersHBACommandHeaderMoveNext', ID = '7291'
Method 'SystemVoidA0A0SystemSZGenericArrayEnumerator1A6CosmosHALBlockDeviceRegistersHBAPRDTEntrycctor', ID = '7292'
Method 'A0SystemVoidA0A0SystemSZGenericArrayEnumerator1A6CosmosHALBlockDeviceRegistersHBAPRDTEntryDispose', ID = '7293'
Method 'A0SystemBooleanA0A0SystemSZGenericArrayEnumerator1A6CosmosHALBlockDeviceRegistersHBAPRDTEntryMoveNext', ID = '7294'
Method 'A0SystemBooleanA0SystemRuntimeCompilerServicesRuntimeHelpersIsBitwiseEquatableA6CosmosHALBlockDeviceRegistersHBAPRDTEntry', ID = '7295'
Method 'A0SystemInt32A0InternalRuntimeCompilerServicesUnsafeSizeOfA6CosmosHALBlockDeviceRegistersHBAPRDTEntry', ID = '7296'
Method 'A0SystemByteA0InternalRuntimeCompilerServicesUnsafeAsA6CosmosHALBlockDeviceRegistersHBAPRDTEntryA0SystemByteA6CosmosHALBlockDeviceRegistersHBAPRDTEntry', ID = '7297'
Method 'A0SystemCharA0InternalRuntimeCompilerServicesUnsafeAsA6CosmosHALBlockDeviceRegistersHBAPRDTEntryA0SystemCharA6CosmosHALBlockDeviceRegistersHBAPRDTEntry', ID = '7298'
Method 'A0SystemInt32A0InternalRuntimeCompilerServicesUnsafeAsA6CosmosHALBlockDeviceRegistersHBAPRDTEntryA0SystemInt32A6CosmosHALBlockDeviceRegistersHBAPRDTEntry', ID = '7299'
Method 'A0SystemInt64A0InternalRuntimeCompilerServicesUnsafeAsA6CosmosHALBlockDeviceRegistersHBAPRDTEntryA0SystemInt64A6CosmosHALBlockDeviceRegistersHBAPRDTEntry', ID = '7300'
Method 'A0A0SystemCollectionsGenericEqualityComparer1A6CosmosHALBlockDeviceRegistersHBAPRDTEntryA0A0SystemCollectionsGenericEqualityComparer1A6CosmosHALBlockDeviceRegistersHBAPRDTEntryget_Default', ID = '7301'
Method 'A0SystemInt32A0A0SystemCollectionsGenericEqualityComparer1A6CosmosHALBlockDeviceRegistersHBAPRDTEntryIndexOfA6A6CosmosHALBlockDeviceRegistersHBAPRDTEntryarrayA6CosmosHAE31C38D6DD26479867EC1F83658560E5', ID = '7302'
Method 'SystemVoidA8A8CosmosIL2CPUSZArrayImpl1GetEnumeratord__0A6CosmosHALBlockDeviceRegistersHBAPRDTEntryctorA0SystemInt32', ID = '7303'
Method 'SystemVoidA0A0SystemCollectionsGenericEqualityComparer1A1CosmosCoreManagedMemoryBlockcctor', ID = '7305'
Method 'SystemVoidA0A0SystemCollectionsGenericEqualityComparer1A0A0SystemBytearraycctor', ID = '7307'
Method 'A0SystemObjectA2CosmosCore_PlugsSystemRuntimeTypeHandleImplGetAssemblyA0SystemObject', ID = '7310'
Method 'A0SystemBooleanA0SystemRuntimeCompilerServicesDefaultInterpolatedStringHandlerHasCustomFormatterA0SystemIFormatProvider', ID = '7311'
Method 'A0SystemVoidA0SystemRuntimeCompilerServicesDefaultInterpolatedStringHandlerAppendCustomFormatterA0SystemObjectA0SystemObjectA0SystemString', ID = '7312'
Method 'A0SystemVoidA0SystemThrowHelperThrowInvalidOperationException_EnumCurrentA0SystemInt32', ID = '7314'
Method 'A0SystemVoidA8A8CosmosIL2CPUSZArrayImpl1GetEnumeratord__0A6CosmosHALKeyboardBaseSystemIDisposableDispose', ID = '7319'
Method 'A6CosmosHALKeyboardBaseA8A8CosmosIL2CPUSZArrayImpl1GetEnumeratord__0A6CosmosHALKeyboardBaseSystemCollectionsGenericIEnumeratorTget_Current', ID = '7320'
Method 'A0SystemBooleanA8A8CosmosIL2CPUSZArrayImpl1GetEnumeratord__0A6CosmosHALKeyboardBaseMoveNext', ID = '7321'
Method 'A0SystemVoidA8A8CosmosIL2CPUSZArrayImpl1GetEnumeratord__0A4CosmosSystemKeyEventSystemIDisposableDispose', ID = '7325'
Method 'A0SystemBooleanA8A8CosmosIL2CPUSZArrayImpl1GetEnumeratord__0A4CosmosSystemKeyEventMoveNext', ID = '7326'
Method 'SystemVoidA0A0SystemSZGenericArrayEnumerator1A4CosmosSystemKeyMappingcctor', ID = '7327'
Method 'A0SystemVoidA0A0SystemSZGenericArrayEnumerator1A4CosmosSystemKeyMappingDispose', ID = '7328'
Method 'A0SystemBooleanA0A0SystemSZGenericArrayEnumerator1A4CosmosSystemKeyMappingMoveNext', ID = '7329'
Method 'A0SystemBooleanA0SystemRuntimeCompilerServicesRuntimeHelpersIsBitwiseEquatableA4CosmosSystemKeyMapping', ID = '7330'
Method 'A0SystemInt32A0InternalRuntimeCompilerServicesUnsafeSizeOfA4CosmosSystemKeyMapping', ID = '7331'
Method 'A0SystemByteA0InternalRuntimeCompilerServicesUnsafeAsA4CosmosSystemKeyMappingA0SystemByteA4CosmosSystemKeyMapping', ID = '7332'
Method 'A0SystemCharA0InternalRuntimeCompilerServicesUnsafeAsA4CosmosSystemKeyMappingA0SystemCharA4CosmosSystemKeyMapping', ID = '7333'
Method 'A0SystemInt32A0InternalRuntimeCompilerServicesUnsafeAsA4CosmosSystemKeyMappingA0SystemInt32A4CosmosSystemKeyMapping', ID = '7334'
Method 'A0SystemInt64A0InternalRuntimeCompilerServicesUnsafeAsA4CosmosSystemKeyMappingA0SystemInt64A4CosmosSystemKeyMapping', ID = '7335'
Method 'A0A0SystemCollectionsGenericEqualityComparer1A4CosmosSystemKeyMappingA0A0SystemCollectionsGenericEqualityComparer1A4CosmosSystemKeyMappingget_Default', ID = '7336'
Method 'A0SystemInt32A0A0SystemCollectionsGenericEqualityComparer1A4CosmosSystemKeyMappingIndexOfA4A4CosmosSystemKeyMappingarrayA4CosmosSystemKeyMappingA0SystemInt32A0SystemInt32', ID = '7337'
Method 'SystemVoidA8A8CosmosIL2CPUSZArrayImpl1GetEnumeratord__0A4CosmosSystemKeyMappingctorA0SystemInt32', ID = '7338'
Method 'A0SystemVoidA0A0SystemCollectionsGenericList1A4CosmosSystemKeyMappingGrowA0SystemInt32', ID = '7340'
Method 'SystemVoidA4CosmosSystemKeyMappingctorA0SystemByteA0SystemCharA0SystemCharA0SystemCharA0SystemCharA0SystemCharA0SystemCharA0SystemCharA0SystemCharA0SystemCharA0SystemChFE23BD986B00A69D151F54ECE0816D2C', ID = '7341'
Method 'A0SystemVoidA8A8CosmosIL2CPUSZArrayImpl1GetEnumeratord__0A0A0SystemCollectionsGenericDictionary2EntryA0SystemInt32A0SystemUInt32SystemIDisposableDispose', ID = '7346'
Method 'A0SystemBooleanA8A8CosmosIL2CPUSZArrayImpl1GetEnumeratord__0A0A0SystemCollectionsGenericDictionary2EntryA0SystemInt32A0SystemUInt32MoveNext', ID = '7347'
Method 'SystemVoidA0A0SystemSZGenericArrayEnumerator1A0A0SystemCollectionsGenericKeyValuePair2A0SystemInt32A0SystemUInt32cctor', ID = '7348'
Method 'A0SystemVoidA0A0SystemSZGenericArrayEnumerator1A0A0SystemCollectionsGenericKeyValuePair2A0SystemInt32A0SystemUInt32Dispose', ID = '7349'
Method 'A0SystemBooleanA0A0SystemSZGenericArrayEnumerator1A0A0SystemCollectionsGenericKeyValuePair2A0SystemInt32A0SystemUInt32MoveNext', ID = '7350'
Method 'A0SystemStringA0A0SystemCollectionsGenericKeyValuePair2A0SystemInt32A0SystemUInt32ToString', ID = '7351'
Method 'A0SystemBooleanA0SystemRuntimeCompilerServicesRuntimeHelpersIsBitwiseEquatableA0A0SystemCollectionsGenericKeyValuePair2A0SystemInt32A0SystemUInt32', ID = '7352'
Method 'A0SystemInt32A0InternalRuntimeCompilerServicesUnsafeSizeOfA0A0SystemCollectionsGenericKeyValuePair2A0SystemInt32A0SystemUInt32', ID = '7353'
Method 'A0SystemByteA0InternalRuntimeCompilerServicesUnsafeAsA0A0SystemCollectionsGenericKeyValuePair2A0SystemInt32A0SystemUInt32A0SystemByteA0A0SystemCollectionsGenericKeyValu69845B5538D0276776B413A1AA6DFDBE', ID = '7354'
Method 'A0SystemCharA0InternalRuntimeCompilerServicesUnsafeAsA0A0SystemCollectionsGenericKeyValuePair2A0SystemInt32A0SystemUInt32A0SystemCharA0A0SystemCollectionsGenericKeyValu87EC7C76930F844EDF8A68569346AFBB', ID = '7355'
Method 'A0SystemInt32A0InternalRuntimeCompilerServicesUnsafeAsA0A0SystemCollectionsGenericKeyValuePair2A0SystemInt32A0SystemUInt32A0SystemInt32A0A0SystemCollectionsGenericKeyVaD90E146FB3F026AA830456F4E33A8A1B', ID = '7356'
Method 'A0SystemInt64A0InternalRuntimeCompilerServicesUnsafeAsA0A0SystemCollectionsGenericKeyValuePair2A0SystemInt32A0SystemUInt32A0SystemInt64A0A0SystemCollectionsGenericKeyVa622F98025FA868B8B913A9B0E653C5FE', ID = '7357'
Method 'A0A0SystemCollectionsGenericEqualityComparer1A0A0SystemCollectionsGenericKeyValuePair2A0SystemInt32A0SystemUInt32A0A0SystemCollectionsGenericEqualityComparer1A0A0SystemEF2F67157BF7B5108AD0260903091971', ID = '7358'
Method 'A0SystemInt32A0A0SystemCollectionsGenericEqualityComparer1A0A0SystemCollectionsGenericKeyValuePair2A0SystemInt32A0SystemUInt32IndexOfA0A0A0SystemCollectionsGenericKeyVaDE7790BD181A731653C6A5D5D6DB0E89', ID = '7359'
Method 'SystemVoidA8A8CosmosIL2CPUSZArrayImpl1GetEnumeratord__0A0A0SystemCollectionsGenericKeyValuePair2A0SystemInt32A0SystemUInt32ctorA0SystemInt32', ID = '7360'
Method 'A0SystemInt32A3CosmosSystem_PlugsSystemDrawingColorImplToArgbA0SystemInt64', ID = '7362'
Method 'SystemVoidA13SystemSRcctor', ID = '7363'
Method 'A0SystemResourcesResourceManagerA13SystemSRget_ResourceManager', ID = '7364'
Method 'SystemVoidA0SystemParamsArrayctorA0A0SystemObjectarray', ID = '7367'
Method 'SystemVoidA0SystemTextEncoderFallbackctor', ID = '7372'
Method 'A0SystemBooleanA0SystemCharIsSurrogateA0SystemChar', ID = '7373'
Method 'A0SystemBooleanA0SystemCharIsHighSurrogateA0SystemChar', ID = '7374'
Method 'A0SystemStringA0SystemSRget_Argument_InvalidCharSequenceNoIndex', ID = '7375'
Method 'SystemVoidA0SystemTextDecoderFallbackctor', ID = '7376'
Method 'SystemVoidA0SystemTextEncoderReplacementFallbackcctor', ID = '7377'
Method 'A0SystemBooleanA0SystemTextEncoderReplacementFallbackEqualsA0SystemObject', ID = '7378'
Method 'A0SystemInt32A0SystemTextEncoderReplacementFallbackGetHashCode', ID = '7379'
Method 'A0SystemInt32A0SystemTextEncoderReplacementFallbackget_MaxCharCount', ID = '7380'
Method 'SystemVoidA0SystemTextDecoderReplacementFallbackcctor', ID = '7381'
Method 'A0SystemBooleanA0SystemTextDecoderReplacementFallbackEqualsA0SystemObject', ID = '7382'
Method 'A0SystemInt32A0SystemTextDecoderReplacementFallbackGetHashCode', ID = '7383'
Method 'A4CosmosSystemKeyEventA14A14SystemCollectionsGenericStack1A4CosmosSystemKeyEventPop', ID = '7384'
Method 'A4CosmosSystemKeyEventA4CosmosSystemKeyboardManagerReadKey', ID = '7385'
Method 'A4CosmosSystemConsoleKeyExA4CosmosSystemKeyEventget_Key', ID = '7386'
Method 'A0SystemVoidA14A14SystemCollectionsGenericStack1A4CosmosSystemKeyEventPushA4CosmosSystemKeyEvent', ID = '7387'
Method 'A0SystemInt32A4CosmosSystemConsoleget_Cols', ID = '7388'
Method 'A0SystemVoidA4CosmosSystemConsoleset_CachedXA0SystemInt32', ID = '7389'
Method 'A0SystemBooleanA14A14SystemCollectionsGenericStack1A4CosmosSystemKeyEventTryPopA4CosmosSystemKeyEvent', ID = '7390'
Method 'A0SystemInt32A4CosmosSystemConsoleget_X', ID = '7391'
Method 'A0SystemVoidA4CosmosSystemConsoleset_XA0SystemInt32', ID = '7392'
Method 'A0SystemTextStringBuilderA0SystemTextStringBuilderRemoveA0SystemInt32A0SystemInt32', ID = '7393'
Method 'A0SystemStringA0SystemTextStringBuilderToStringA0SystemInt32A0SystemInt32', ID = '7394'
Method 'A0A0SystemBytearrayA0SystemTextEncodingGetBytesA0SystemString', ID = '7395'
Method 'A0SystemInt32A4CosmosSystemConsoleget_Y', ID = '7396'
Method 'A0SystemVoidA4CosmosSystemConsoleset_CachedYA0SystemInt32', ID = '7397'
Method 'A0A0SystemBytearrayA0SystemTextEncodingGetBytesA0A0SystemChararray', ID = '7398'
Method 'A0SystemInt32A0A0SystemCollectionsGenericQueue1A4CosmosSystemKeyEventget_Count', ID = '7399'
Method 'A4CosmosSystemKeyEventA0A0SystemCollectionsGenericQueue1A4CosmosSystemKeyEventDequeue', ID = '7400'
Method 'A0SystemVoidA14A14SystemCollectionsGenericStack1A4CosmosSystemKeyEventThrowForEmptyStack', ID = '7401'
Method 'A0SystemRuntimeTypeHandleA2CosmosCore_PlugsSystemTypeImplCreateRuntimeTypeHandleA0SystemInt32', ID = '7402'
Method 'A0SystemUInt32A1CosmosCoreVTablesImplGetSizeA0SystemUInt32', ID = '7403'
Method 'A0SystemArrayA2CosmosCore_PlugsSystemGCImplCreateNewArrayA0SystemInt32A0SystemInt32', ID = '7404'
Method 'A0SystemUInt64A0InternalRuntimeCompilerServicesUnsafeAsA0A0SystemRuntimeIntrinsicsVector1281A0SystemUInt64A0SystemUInt64A0A0SystemRuntimeIntrinsicsVector1281A0SystemUInt64', ID = '7405'
Method 'A0SystemUInt64A0InternalRuntimeCompilerServicesUnsafeAddA0SystemUInt64A0SystemUInt64A0SystemInt32', ID = '7406'
Method 'A0A0SystemRuntimeIntrinsicsVector1281A0SystemSingleA0SystemRuntimeIntrinsicsVector128AsSingleA0SystemUInt64A0A0SystemRuntimeIntrinsicsVector1281A0SystemUInt64', ID = '7407'
Method 'A0A0SystemRuntimeIntrinsicsVector1281A0SystemDoubleA0SystemRuntimeIntrinsicsVector128AsDoubleA0SystemUInt64A0A0SystemRuntimeIntrinsicsVector1281A0SystemUInt64', ID = '7408'
Method 'A0SystemBooleanA0A0SystemRuntimeIntrinsicsVector1281A0SystemUInt64Equalsg__SoftwareFallbacksLine12_0A0A0SystemRuntimeIntrinsicsVector1281A0SystemUInt64A0A0SystemRuntimeB28479D9C663611ECA2AA05C43F39FBC', ID = '7409'
Method 'A0SystemUInt32A0InternalRuntimeCompilerServicesUnsafeAsA0A0SystemRuntimeIntrinsicsVector1281A0SystemUInt32A0SystemUInt32A0A0SystemRuntimeIntrinsicsVector1281A0SystemUInt32', ID = '7410'
Method 'A0SystemUInt32A0InternalRuntimeCompilerServicesUnsafeAddA0SystemUInt32A0SystemUInt32A0SystemInt32', ID = '7411'
Method 'A0A0SystemRuntimeIntrinsicsVector1281A0SystemSingleA0SystemRuntimeIntrinsicsVector128AsSingleA0SystemUInt32A0A0SystemRuntimeIntrinsicsVector1281A0SystemUInt32', ID = '7412'
Method 'A0A0SystemRuntimeIntrinsicsVector1281A0SystemDoubleA0SystemRuntimeIntrinsicsVector128AsDoubleA0SystemUInt32A0A0SystemRuntimeIntrinsicsVector1281A0SystemUInt32', ID = '7413'
Method 'A0A0SystemRuntimeIntrinsicsVector1281A0SystemByteA0SystemRuntimeIntrinsicsVector128AsByteA0SystemUInt32A0A0SystemRuntimeIntrinsicsVector1281A0SystemUInt32', ID = '7414'
Method 'A0SystemBooleanA0A0SystemRuntimeIntrinsicsVector1281A0SystemUInt32Equalsg__SoftwareFallbacksLine12_0A0A0SystemRuntimeIntrinsicsVector1281A0SystemUInt32A0A0SystemRuntime2F2EDE29877CDD955E01137F6BE5CE01', ID = '7415'
Method 'A0SystemVoidA2A2CosmosCore_PlugsSystemBuffersArrayPoolImpl1CosmosArrayPoolA0SystemInt32ReturnA0A0SystemInt32arrayA0SystemBoolean', ID = '7416'
Method 'A0A0SystemInt32arrayA2A2CosmosCore_PlugsSystemBuffersArrayPoolImpl1CosmosArrayPoolA0SystemInt32RentA0SystemInt32', ID = '7417'
Method 'A0SystemVoidA4CosmosSystemFileSystemVFSVFSManagerThrowIfNotRegistered', ID = '7419'
Method 'A4CosmosSystemFileSystemListingDirectoryEntryA4CosmosSystemFileSystemVFSVFSManagerGetFileA0SystemString', ID = '7421'
Method 'A0SystemIOStreamA4CosmosSystemFileSystemVFSVFSManagerGetFileStreamA0SystemString', ID = '7422'
Method 'SystemVoidA0SystemIOIOExceptionctorA0SystemString', ID = '7424'
Method 'A4CosmosSystemFileSystemListingDirectoryEntryA4CosmosSystemFileSystemVFSVFSManagerCreateFileA0SystemString', ID = '7425'
Method 'A0A0SystemCollectionsGenericEqualityComparer1A0SystemUInt64A0A0SystemCollectionsGenericEqualityComparer1A0SystemUInt64get_Default', ID = '7428'
Method 'A0SystemStringA0SystemSRget_ArgumentOutOfRange_Capacity', ID = '7430'
Method 'A0SystemStringA0SystemSRget_ArgumentOutOfRange_SmallMaxCapacity', ID = '7431'
Method 'A0SystemStringA0SystemSRget_ArgumentOutOfRange_MustBePositive', ID = '7432'
Method 'A0SystemBooleanA0SystemDoubleIsNegativeInfinityA0SystemDouble', ID = '7433'
Method 'A0SystemBooleanA0SystemDoubleIsPositiveInfinityA0SystemDouble', ID = '7434'
Method 'A0SystemDoubleA3CosmosSystem_PlugsSystemMathImplAbsA0SystemDouble', ID = '7435'
Method 'A0SystemSingleA3CosmosSystem_PlugsSystemMathImplAbsA0SystemSingle', ID = '7436'
Method 'A0SystemDoubleA3CosmosSystem_PlugsSystemMathImplLogA0SystemDouble', ID = '7437'
Method 'A0SystemDoubleA3CosmosSystem_PlugsSystemMathImplExpA0SystemDouble', ID = '7438'
Method 'A0A0SystemStringarrayA2CosmosCore_PlugsSystemGlobalizationDateTimeFormatInfoImplget_AbbreviatedMonthNames', ID = '7439'
Method 'A0A0SystemStringarrayA2CosmosCore_PlugsSystemGlobalizationDateTimeFormatInfoImplget_AbbreviatedDayNames', ID = '7440'
Method 'A0SystemObjectA2CosmosCore_PlugsSystemRuntimeTypeHandleImplGetAttributesA0SystemObject', ID = '7441'
Method 'SystemVoidA0A0SystemSZGenericArrayEnumerator1A0SystemTypecctor', ID = '7442'
Method 'A0SystemVoidA0A0SystemSZGenericArrayEnumerator1A0SystemTypeDispose', ID = '7443'
Method 'A0SystemBooleanA0A0SystemSZGenericArrayEnumerator1A0SystemTypeMoveNext', ID = '7444'
Method 'A0SystemBooleanA0SystemRuntimeCompilerServicesRuntimeHelpersIsBitwiseEquatableA0SystemType', ID = '7445'
Method 'A0SystemInt32A0InternalRuntimeCompilerServicesUnsafeSizeOfA0SystemType', ID = '7446'
Method 'A0SystemByteA0InternalRuntimeCompilerServicesUnsafeAsA0SystemTypeA0SystemByteA0SystemType', ID = '7447'
Method 'A0SystemCharA0InternalRuntimeCompilerServicesUnsafeAsA0SystemTypeA0SystemCharA0SystemType', ID = '7448'
Method 'A0SystemInt32A0InternalRuntimeCompilerServicesUnsafeAsA0SystemTypeA0SystemInt32A0SystemType', ID = '7449'
Method 'A0SystemInt64A0InternalRuntimeCompilerServicesUnsafeAsA0SystemTypeA0SystemInt64A0SystemType', ID = '7450'
Method 'A0A0SystemCollectionsGenericEqualityComparer1A0SystemTypeA0A0SystemCollectionsGenericEqualityComparer1A0SystemTypeget_Default', ID = '7451'
Method 'A0SystemInt32A0A0SystemCollectionsGenericEqualityComparer1A0SystemTypeIndexOfA0A0SystemTypearrayA0SystemTypeA0SystemInt32A0SystemInt32', ID = '7452'
Method 'SystemVoidA8A8CosmosIL2CPUSZArrayImpl1GetEnumeratord__0A0SystemTypectorA0SystemInt32', ID = '7453'
Method 'A0SystemVoidpointerA0InternalRuntimeCompilerServicesUnsafeAsPointerA0A0SystemTypearrayA0A0SystemTypearray', ID = '7457'
Method 'SystemVoidA0SystemRuntimeCompilerServicesObjectHandleOnStackctorA0SystemVoidpointer', ID = '7458'
Method 'A0SystemVoidA2CosmosCore_PlugsSystemRuntimeTypeHandleImplGetConstraintsA0SystemObjectA0SystemObject', ID = '7459'
Method 'SystemVoidA0SystemReflectionMetadataImportcctor', ID = '7460'
Method 'A0SystemBooleanA0SystemReflectionMetadataImportEqualsA0SystemObject', ID = '7461'
Method 'A0SystemInt32A0SystemReflectionMetadataImportGetHashCode', ID = '7462'
Method 'A0SystemIntPtrA2CosmosCore_PlugsSystemRuntimeTypeHandleImpl_GetMetadataImportA0SystemObject', ID = '7463'
Method 'A0SystemVoidA2CosmosCore_PlugsSystemReflectionMetadataImportImpl__GetGenericParamPropsA0SystemIntPtrA0SystemInt32A0SystemInt32pointer', ID = '7465'
Method 'A0A0SystemReflectionRuntimeMethodInfoarrayA0InternalRuntimeCompilerServicesUnsafeAsA0A0SystemReflectionRuntimeMethodInfoarrayA0SystemObject', ID = '7468'
Method 'SystemVoidA0A0SystemSZGenericArrayEnumerator1A0SystemReflectionRuntimeMethodInfoctorA0A0SystemReflectionRuntimeMethodInfoarray', ID = '7469'
Method 'A0SystemInt32A0SystemArrayIndexOfA0SystemReflectionRuntimeMethodInfoA0A0SystemReflectionRuntimeMethodInfoarrayA0SystemReflectionRuntimeMethodInfoA0SystemInt32A0SystemInt32', ID = '7473'
Method 'A0A0SystemCollectionsGenericIEnumerator1A0SystemReflectionRuntimeMethodInfoA8A8CosmosIL2CPUSZArrayImpl1A0SystemReflectionRuntimeMethodInfoGetEnumerator', ID = '7474'
Method 'A0SystemVoidA8A8CosmosIL2CPUSZArrayImpl1A0SystemReflectionRuntimeMethodInfoCopyToA0A0SystemReflectionRuntimeMethodInfoarrayA0SystemInt32', ID = '7475'
Method 'A0SystemInt32A8A8CosmosIL2CPUSZArrayImpl1A0SystemReflectionRuntimeMethodInfoget_Count', ID = '7476'
Method 'A0SystemReflectionRuntimeMethodInfoA8A8CosmosIL2CPUSZArrayImpl1A0SystemReflectionRuntimeMethodInfoget_ItemA0SystemInt32', ID = '7477'
Method 'A0SystemVoidA8A8CosmosIL2CPUSZArrayImpl1A0SystemReflectionRuntimeMethodInfoset_ItemA0SystemInt32A0SystemReflectionRuntimeMethodInfo', ID = '7478'
Method 'A0SystemVoidA8A8CosmosIL2CPUSZArrayImpl1A0SystemReflectionRuntimeMethodInfoAddA0SystemReflectionRuntimeMethodInfo', ID = '7479'
Method 'A0SystemBooleanA8A8CosmosIL2CPUSZArrayImpl1A0SystemReflectionRuntimeMethodInfoContainsA0SystemReflectionRuntimeMethodInfo', ID = '7480'
Method 'A0SystemBooleanA8A8CosmosIL2CPUSZArrayImpl1A0SystemReflectionRuntimeMethodInfoget_IsReadOnly', ID = '7481'
Method 'A0SystemVoidA8A8CosmosIL2CPUSZArrayImpl1A0SystemReflectionRuntimeMethodInfoClear', ID = '7482'
Method 'A0SystemInt32A8A8CosmosIL2CPUSZArrayImpl1A0SystemReflectionRuntimeMethodInfoIndexOfA0SystemReflectionRuntimeMethodInfo', ID = '7483'
Method 'A0SystemVoidA8A8CosmosIL2CPUSZArrayImpl1A0SystemReflectionRuntimeMethodInfoInsertA0SystemInt32A0SystemReflectionRuntimeMethodInfo', ID = '7484'
Method 'A0SystemVoidA8A8CosmosIL2CPUSZArrayImpl1A0SystemReflectionRuntimeMethodInfoRemoveAtA0SystemInt32', ID = '7485'
Method 'A0SystemBooleanA8A8CosmosIL2CPUSZArrayImpl1A0SystemReflectionRuntimeMethodInfoget_IsFixedSize', ID = '7486'
Method 'A0SystemVoidA8A8CosmosIL2CPUSZArrayImpl1A0SystemReflectionRuntimeMethodInfoRemoveA0SystemReflectionRuntimeMethodInfo', ID = '7487'
Method 'A0SystemObjectA8A8CosmosIL2CPUSZArrayImpl1A0SystemReflectionRuntimeMethodInfoget_SyncRoot', ID = '7488'
Method 'A0SystemBooleanA8A8CosmosIL2CPUSZArrayImpl1A0SystemReflectionRuntimeMethodInfoget_IsSynchronized', ID = '7489'
Method 'A0A0SystemReflectionRuntimeConstructorInfoarrayA0InternalRuntimeCompilerServicesUnsafeAsA0A0SystemReflectionRuntimeConstructorInfoarrayA0SystemObject', ID = '7492'
Method 'SystemVoidA0A0SystemSZGenericArrayEnumerator1A0SystemReflectionRuntimeConstructorInfoctorA0A0SystemReflectionRuntimeConstructorInfoarray', ID = '7493'
Method 'A0SystemInt32A0SystemArrayIndexOfA0SystemReflectionRuntimeConstructorInfoA0A0SystemReflectionRuntimeConstructorInfoarrayA0SystemReflectionRuntimeConstructorInfoA0SystemInt32A0SystemInt32', ID = '7497'
Method 'A0A0SystemCollectionsGenericIEnumerator1A0SystemReflectionRuntimeConstructorInfoA8A8CosmosIL2CPUSZArrayImpl1A0SystemReflectionRuntimeConstructorInfoGetEnumerator', ID = '7498'
Method 'A0SystemVoidA8A8CosmosIL2CPUSZArrayImpl1A0SystemReflectionRuntimeConstructorInfoCopyToA0A0SystemReflectionRuntimeConstructorInfoarrayA0SystemInt32', ID = '7499'
Method 'A0SystemInt32A8A8CosmosIL2CPUSZArrayImpl1A0SystemReflectionRuntimeConstructorInfoget_Count', ID = '7500'
Method 'A0SystemReflectionRuntimeConstructorInfoA8A8CosmosIL2CPUSZArrayImpl1A0SystemReflectionRuntimeConstructorInfoget_ItemA0SystemInt32', ID = '7501'
Method 'A0SystemVoidA8A8CosmosIL2CPUSZArrayImpl1A0SystemReflectionRuntimeConstructorInfoset_ItemA0SystemInt32A0SystemReflectionRuntimeConstructorInfo', ID = '7502'
Method 'A0SystemVoidA8A8CosmosIL2CPUSZArrayImpl1A0SystemReflectionRuntimeConstructorInfoAddA0SystemReflectionRuntimeConstructorInfo', ID = '7503'
Method 'A0SystemBooleanA8A8CosmosIL2CPUSZArrayImpl1A0SystemReflectionRuntimeConstructorInfoContainsA0SystemReflectionRuntimeConstructorInfo', ID = '7504'
Method 'A0SystemBooleanA8A8CosmosIL2CPUSZArrayImpl1A0SystemReflectionRuntimeConstructorInfoget_IsReadOnly', ID = '7505'
Method 'A0SystemVoidA8A8CosmosIL2CPUSZArrayImpl1A0SystemReflectionRuntimeConstructorInfoClear', ID = '7506'
Method 'A0SystemInt32A8A8CosmosIL2CPUSZArrayImpl1A0SystemReflectionRuntimeConstructorInfoIndexOfA0SystemReflectionRuntimeConstructorInfo', ID = '7507'
Method 'A0SystemVoidA8A8CosmosIL2CPUSZArrayImpl1A0SystemReflectionRuntimeConstructorInfoInsertA0SystemInt32A0SystemReflectionRuntimeConstructorInfo', ID = '7508'
Method 'A0SystemVoidA8A8CosmosIL2CPUSZArrayImpl1A0SystemReflectionRuntimeConstructorInfoRemoveAtA0SystemInt32', ID = '7509'
Method 'A0SystemBooleanA8A8CosmosIL2CPUSZArrayImpl1A0SystemReflectionRuntimeConstructorInfoget_IsFixedSize', ID = '7510'
Method 'A0SystemVoidA8A8CosmosIL2CPUSZArrayImpl1A0SystemReflectionRuntimeConstructorInfoRemoveA0SystemReflectionRuntimeConstructorInfo', ID = '7511'
Method 'A0SystemObjectA8A8CosmosIL2CPUSZArrayImpl1A0SystemReflectionRuntimeConstructorInfoget_SyncRoot', ID = '7512'
Method 'A0SystemBooleanA8A8CosmosIL2CPUSZArrayImpl1A0SystemReflectionRuntimeConstructorInfoget_IsSynchronized', ID = '7513'
Method 'A0A0SystemReflectionRuntimeFieldInfoarrayA0InternalRuntimeCompilerServicesUnsafeAsA0A0SystemReflectionRuntimeFieldInfoarrayA0SystemObject', ID = '7516'
Method 'SystemVoidA0A0SystemSZGenericArrayEnumerator1A0SystemReflectionRuntimeFieldInfoctorA0A0SystemReflectionRuntimeFieldInfoarray', ID = '7517'
Method 'A0SystemInt32A0SystemArrayIndexOfA0SystemReflectionRuntimeFieldInfoA0A0SystemReflectionRuntimeFieldInfoarrayA0SystemReflectionRuntimeFieldInfoA0SystemInt32A0SystemInt32', ID = '7521'
Method 'A0A0SystemCollectionsGenericIEnumerator1A0SystemReflectionRuntimeFieldInfoA8A8CosmosIL2CPUSZArrayImpl1A0SystemReflectionRuntimeFieldInfoGetEnumerator', ID = '7522'
Method 'A0SystemVoidA8A8CosmosIL2CPUSZArrayImpl1A0SystemReflectionRuntimeFieldInfoCopyToA0A0SystemReflectionRuntimeFieldInfoarrayA0SystemInt32', ID = '7523'
Method 'A0SystemInt32A8A8CosmosIL2CPUSZArrayImpl1A0SystemReflectionRuntimeFieldInfoget_Count', ID = '7524'
Method 'A0SystemReflectionRuntimeFieldInfoA8A8CosmosIL2CPUSZArrayImpl1A0SystemReflectionRuntimeFieldInfoget_ItemA0SystemInt32', ID = '7525'
Method 'A0SystemVoidA8A8CosmosIL2CPUSZArrayImpl1A0SystemReflectionRuntimeFieldInfoset_ItemA0SystemInt32A0SystemReflectionRuntimeFieldInfo', ID = '7526'
Method 'A0SystemVoidA8A8CosmosIL2CPUSZArrayImpl1A0SystemReflectionRuntimeFieldInfoAddA0SystemReflectionRuntimeFieldInfo', ID = '7527'
Method 'A0SystemBooleanA8A8CosmosIL2CPUSZArrayImpl1A0SystemReflectionRuntimeFieldInfoContainsA0SystemReflectionRuntimeFieldInfo', ID = '7528'
Method 'A0SystemBooleanA8A8CosmosIL2CPUSZArrayImpl1A0SystemReflectionRuntimeFieldInfoget_IsReadOnly', ID = '7529'
Method 'A0SystemVoidA8A8CosmosIL2CPUSZArrayImpl1A0SystemReflectionRuntimeFieldInfoClear', ID = '7530'
Method 'A0SystemInt32A8A8CosmosIL2CPUSZArrayImpl1A0SystemReflectionRuntimeFieldInfoIndexOfA0SystemReflectionRuntimeFieldInfo', ID = '7531'
Method 'A0SystemVoidA8A8CosmosIL2CPUSZArrayImpl1A0SystemReflectionRuntimeFieldInfoInsertA0SystemInt32A0SystemReflectionRuntimeFieldInfo', ID = '7532'
Method 'A0SystemVoidA8A8CosmosIL2CPUSZArrayImpl1A0SystemReflectionRuntimeFieldInfoRemoveAtA0SystemInt32', ID = '7533'
Method 'A0SystemBooleanA8A8CosmosIL2CPUSZArrayImpl1A0SystemReflectionRuntimeFieldInfoget_IsFixedSize', ID = '7534'
Method 'A0SystemVoidA8A8CosmosIL2CPUSZArrayImpl1A0SystemReflectionRuntimeFieldInfoRemoveA0SystemReflectionRuntimeFieldInfo', ID = '7535'
Method 'A0SystemObjectA8A8CosmosIL2CPUSZArrayImpl1A0SystemReflectionRuntimeFieldInfoget_SyncRoot', ID = '7536'
Method 'A0SystemBooleanA8A8CosmosIL2CPUSZArrayImpl1A0SystemReflectionRuntimeFieldInfoget_IsSynchronized', ID = '7537'
Method 'A0A0SystemRuntimeTypearrayA0InternalRuntimeCompilerServicesUnsafeAsA0A0SystemRuntimeTypearrayA0SystemObject', ID = '7540'
Method 'SystemVoidA0A0SystemSZGenericArrayEnumerator1A0SystemRuntimeTypectorA0A0SystemRuntimeTypearray', ID = '7541'
Method 'A0SystemInt32A0SystemArrayIndexOfA0SystemRuntimeTypeA0A0SystemRuntimeTypearrayA0SystemRuntimeTypeA0SystemInt32A0SystemInt32', ID = '7544'
Method 'A0A0SystemCollectionsGenericIEnumerator1A0SystemRuntimeTypeA8A8CosmosIL2CPUSZArrayImpl1A0SystemRuntimeTypeGetEnumerator', ID = '7545'
Method 'A0SystemVoidA8A8CosmosIL2CPUSZArrayImpl1A0SystemRuntimeTypeCopyToA0A0SystemRuntimeTypearrayA0SystemInt32', ID = '7546'
Method 'A0SystemInt32A8A8CosmosIL2CPUSZArrayImpl1A0SystemRuntimeTypeget_Count', ID = '7547'
Method 'A0SystemRuntimeTypeA8A8CosmosIL2CPUSZArrayImpl1A0SystemRuntimeTypeget_ItemA0SystemInt32', ID = '7548'
Method 'A0SystemVoidA8A8CosmosIL2CPUSZArrayImpl1A0SystemRuntimeTypeset_ItemA0SystemInt32A0SystemRuntimeType', ID = '7549'
Method 'A0SystemVoidA8A8CosmosIL2CPUSZArrayImpl1A0SystemRuntimeTypeAddA0SystemRuntimeType', ID = '7550'
Method 'A0SystemBooleanA8A8CosmosIL2CPUSZArrayImpl1A0SystemRuntimeTypeContainsA0SystemRuntimeType', ID = '7551'
Method 'A0SystemBooleanA8A8CosmosIL2CPUSZArrayImpl1A0SystemRuntimeTypeget_IsReadOnly', ID = '7552'
Method 'A0SystemVoidA8A8CosmosIL2CPUSZArrayImpl1A0SystemRuntimeTypeClear', ID = '7553'
Method 'A0SystemInt32A8A8CosmosIL2CPUSZArrayImpl1A0SystemRuntimeTypeIndexOfA0SystemRuntimeType', ID = '7554'
Method 'A0SystemVoidA8A8CosmosIL2CPUSZArrayImpl1A0SystemRuntimeTypeInsertA0SystemInt32A0SystemRuntimeType', ID = '7555'
Method 'A0SystemVoidA8A8CosmosIL2CPUSZArrayImpl1A0SystemRuntimeTypeRemoveAtA0SystemInt32', ID = '7556'
Method 'A0SystemBooleanA8A8CosmosIL2CPUSZArrayImpl1A0SystemRuntimeTypeget_IsFixedSize', ID = '7557'
Method 'A0SystemVoidA8A8CosmosIL2CPUSZArrayImpl1A0SystemRuntimeTypeRemoveA0SystemRuntimeType', ID = '7558'
Method 'A0SystemObjectA8A8CosmosIL2CPUSZArrayImpl1A0SystemRuntimeTypeget_SyncRoot', ID = '7559'
Method 'A0SystemBooleanA8A8CosmosIL2CPUSZArrayImpl1A0SystemRuntimeTypeget_IsSynchronized', ID = '7560'
Method 'A0A0SystemReflectionRuntimePropertyInfoarrayA0InternalRuntimeCompilerServicesUnsafeAsA0A0SystemReflectionRuntimePropertyInfoarrayA0SystemObject', ID = '7563'
Method 'SystemVoidA0A0SystemSZGenericArrayEnumerator1A0SystemReflectionRuntimePropertyInfoctorA0A0SystemReflectionRuntimePropertyInfoarray', ID = '7564'
Method 'A0SystemInt32A0SystemArrayIndexOfA0SystemReflectionRuntimePropertyInfoA0A0SystemReflectionRuntimePropertyInfoarrayA0SystemReflectionRuntimePropertyInfoA0SystemInt32A0SystemInt32', ID = '7568'
Method 'A0A0SystemCollectionsGenericIEnumerator1A0SystemReflectionRuntimePropertyInfoA8A8CosmosIL2CPUSZArrayImpl1A0SystemReflectionRuntimePropertyInfoGetEnumerator', ID = '7569'
Method 'A0SystemVoidA8A8CosmosIL2CPUSZArrayImpl1A0SystemReflectionRuntimePropertyInfoCopyToA0A0SystemReflectionRuntimePropertyInfoarrayA0SystemInt32', ID = '7570'
Method 'A0SystemInt32A8A8CosmosIL2CPUSZArrayImpl1A0SystemReflectionRuntimePropertyInfoget_Count', ID = '7571'
Method 'A0SystemReflectionRuntimePropertyInfoA8A8CosmosIL2CPUSZArrayImpl1A0SystemReflectionRuntimePropertyInfoget_ItemA0SystemInt32', ID = '7572'
Method 'A0SystemVoidA8A8CosmosIL2CPUSZArrayImpl1A0SystemReflectionRuntimePropertyInfoset_ItemA0SystemInt32A0SystemReflectionRuntimePropertyInfo', ID = '7573'
Method 'A0SystemVoidA8A8CosmosIL2CPUSZArrayImpl1A0SystemReflectionRuntimePropertyInfoAddA0SystemReflectionRuntimePropertyInfo', ID = '7574'
Method 'A0SystemBooleanA8A8CosmosIL2CPUSZArrayImpl1A0SystemReflectionRuntimePropertyInfoContainsA0SystemReflectionRuntimePropertyInfo', ID = '7575'
Method 'A0SystemBooleanA8A8CosmosIL2CPUSZArrayImpl1A0SystemReflectionRuntimePropertyInfoget_IsReadOnly', ID = '7576'
Method 'A0SystemVoidA8A8CosmosIL2CPUSZArrayImpl1A0SystemReflectionRuntimePropertyInfoClear', ID = '7577'
Method 'A0SystemInt32A8A8CosmosIL2CPUSZArrayImpl1A0SystemReflectionRuntimePropertyInfoIndexOfA0SystemReflectionRuntimePropertyInfo', ID = '7578'
Method 'A0SystemVoidA8A8CosmosIL2CPUSZArrayImpl1A0SystemReflectionRuntimePropertyInfoInsertA0SystemInt32A0SystemReflectionRuntimePropertyInfo', ID = '7579'
Method 'A0SystemVoidA8A8CosmosIL2CPUSZArrayImpl1A0SystemReflectionRuntimePropertyInfoRemoveAtA0SystemInt32', ID = '7580'
Method 'A0SystemBooleanA8A8CosmosIL2CPUSZArrayImpl1A0SystemReflectionRuntimePropertyInfoget_IsFixedSize', ID = '7581'
Method 'A0SystemVoidA8A8CosmosIL2CPUSZArrayImpl1A0SystemReflectionRuntimePropertyInfoRemoveA0SystemReflectionRuntimePropertyInfo', ID = '7582'
Method 'A0SystemObjectA8A8CosmosIL2CPUSZArrayImpl1A0SystemReflectionRuntimePropertyInfoget_SyncRoot', ID = '7583'
Method 'A0SystemBooleanA8A8CosmosIL2CPUSZArrayImpl1A0SystemReflectionRuntimePropertyInfoget_IsSynchronized', ID = '7584'
Method 'A0A0SystemReflectionRuntimeEventInfoarrayA0InternalRuntimeCompilerServicesUnsafeAsA0A0SystemReflectionRuntimeEventInfoarrayA0SystemObject', ID = '7587'
Method 'SystemVoidA0A0SystemSZGenericArrayEnumerator1A0SystemReflectionRuntimeEventInfoctorA0A0SystemReflectionRuntimeEventInfoarray', ID = '7588'
Method 'A0SystemInt32A0SystemArrayIndexOfA0SystemReflectionRuntimeEventInfoA0A0SystemReflectionRuntimeEventInfoarrayA0SystemReflectionRuntimeEventInfoA0SystemInt32A0SystemInt32', ID = '7592'
Method 'A0A0SystemCollectionsGenericIEnumerator1A0SystemReflectionRuntimeEventInfoA8A8CosmosIL2CPUSZArrayImpl1A0SystemReflectionRuntimeEventInfoGetEnumerator', ID = '7593'
Method 'A0SystemVoidA8A8CosmosIL2CPUSZArrayImpl1A0SystemReflectionRuntimeEventInfoCopyToA0A0SystemReflectionRuntimeEventInfoarrayA0SystemInt32', ID = '7594'
Method 'A0SystemInt32A8A8CosmosIL2CPUSZArrayImpl1A0SystemReflectionRuntimeEventInfoget_Count', ID = '7595'
Method 'A0SystemReflectionRuntimeEventInfoA8A8CosmosIL2CPUSZArrayImpl1A0SystemReflectionRuntimeEventInfoget_ItemA0SystemInt32', ID = '7596'
Method 'A0SystemVoidA8A8CosmosIL2CPUSZArrayImpl1A0SystemReflectionRuntimeEventInfoset_ItemA0SystemInt32A0SystemReflectionRuntimeEventInfo', ID = '7597'
Method 'A0SystemVoidA8A8CosmosIL2CPUSZArrayImpl1A0SystemReflectionRuntimeEventInfoAddA0SystemReflectionRuntimeEventInfo', ID = '7598'
Method 'A0SystemBooleanA8A8CosmosIL2CPUSZArrayImpl1A0SystemReflectionRuntimeEventInfoContainsA0SystemReflectionRuntimeEventInfo', ID = '7599'
Method 'A0SystemBooleanA8A8CosmosIL2CPUSZArrayImpl1A0SystemReflectionRuntimeEventInfoget_IsReadOnly', ID = '7600'
Method 'A0SystemVoidA8A8CosmosIL2CPUSZArrayImpl1A0SystemReflectionRuntimeEventInfoClear', ID = '7601'
Method 'A0SystemInt32A8A8CosmosIL2CPUSZArrayImpl1A0SystemReflectionRuntimeEventInfoIndexOfA0SystemReflectionRuntimeEventInfo', ID = '7602'
Method 'A0SystemVoidA8A8CosmosIL2CPUSZArrayImpl1A0SystemReflectionRuntimeEventInfoInsertA0SystemInt32A0SystemReflectionRuntimeEventInfo', ID = '7603'
Method 'A0SystemVoidA8A8CosmosIL2CPUSZArrayImpl1A0SystemReflectionRuntimeEventInfoRemoveAtA0SystemInt32', ID = '7604'
Method 'A0SystemBooleanA8A8CosmosIL2CPUSZArrayImpl1A0SystemReflectionRuntimeEventInfoget_IsFixedSize', ID = '7605'
Method 'A0SystemVoidA8A8CosmosIL2CPUSZArrayImpl1A0SystemReflectionRuntimeEventInfoRemoveA0SystemReflectionRuntimeEventInfo', ID = '7606'
Method 'A0SystemObjectA8A8CosmosIL2CPUSZArrayImpl1A0SystemReflectionRuntimeEventInfoget_SyncRoot', ID = '7607'
Method 'A0SystemBooleanA8A8CosmosIL2CPUSZArrayImpl1A0SystemReflectionRuntimeEventInfoget_IsSynchronized', ID = '7608'
Method 'A0SystemObjectA2CosmosCore_PlugsSystemRuntimeTypeHandleImplGetElementTypeA0SystemObject', ID = '7609'
Method 'A0SystemBooleanA0SystemRuntimeTypeHandleHasElementTypeA0SystemRuntimeType', ID = '7610'
Method 'A0SystemBooleanA2CosmosCore_PlugsSystemRuntimeTypeHandleImplHasInstantiationA0SystemObject', ID = '7611'
Method 'A0A0SystemRuntimeIntrinsicsVector1281A0SystemSingleA0SystemRuntimeIntrinsicsVector128CreateScalarUnsafeA0SystemSingle', ID = '7613'
Method 'A0A0SystemRuntimeIntrinsicsVector1281A0SystemInt32A0SystemRuntimeIntrinsicsVector128AsInt32A0SystemSingleA0A0SystemRuntimeIntrinsicsVector1281A0SystemSingle', ID = '7614'
Method 'A0SystemInt32A0SystemRuntimeIntrinsicsX86Sse2ConvertToInt32A0A0SystemRuntimeIntrinsicsVector1281A0SystemInt32', ID = '7615'
Method 'A0SystemUInt32A0SystemBitConverterSingleToUInt32BitsA0SystemSingle', ID = '7616'
Method 'SystemVoidA0SystemGlobalizationCalendarDatactor', ID = '7617'
Method 'A0SystemInt32A2CosmosCore_PlugsInteropKernel32ImplLCMapStringExA0SystemStringA0SystemUInt32A0SystemCharpointerA0SystemInt32A0SystemObjectA0SystemInt32A0SystemObjectA0SystemObjectA0SystemIntPtr', ID = '7619'
Method 'SystemVoidA0A0SystemCollectionsGenericEqualityComparer1A0SystemGlobalizationCalendarIdcctor', ID = '7620'
Method 'SystemVoidA0A0SystemCollectionsGenericEqualityComparer1A0SystemGlobalizationDateTimeFormatInfoTokenHashValuecctor', ID = '7622'
Method 'SystemVoidA0A0SystemCollectionsGenericEqualityComparer1A0SystemGlobalizationCalendarDatacctor', ID = '7624'
Method 'A0SystemBooleanA0SystemGlobalizationGlobalizationModeTryGetAppLocalIcuSwitchValueA0SystemString', ID = '7628'
Method 'A0SystemVoidA0SystemGlobalizationGlobalizationModeLoadAppLocalIcuA0SystemString', ID = '7630'
Method 'A0A0SystemReadOnlySpan1A0SystemByteA0SystemGlobalizationIcuLocaleDataget_LocalesNamesIndexes', ID = '7633'
Method 'A0A0SystemReadOnlySpan1A0SystemByteA0SystemGlobalizationIcuLocaleDataget_CultureNames', ID = '7634'
Method 'A0SystemInt32A0SystemSpanHelpersSequenceCompareToA0SystemByteA0SystemInt32A0SystemByteA0SystemInt32', ID = '7635'
Method 'A0SystemInt32A0SystemSpanHelpersSequenceCompareToA0SystemCharA0SystemInt32A0SystemCharA0SystemInt32', ID = '7636'
Method 'A0SystemInt32A0SystemSpanHelpersSequenceCompareToA0SystemByteA0SystemByteA0SystemInt32A0SystemByteA0SystemInt32', ID = '7637'
Method 'SystemVoidA0SystemGlobalizationGregorianCalendarcctor', ID = '7638'
Method 'A0SystemGlobalizationCalendarIdA0SystemGlobalizationGregorianCalendarget_ID', ID = '7640'
Method 'SystemVoidA0SystemGlobalizationCalendarctor', ID = '7641'
Method 'A0SystemStringA0SystemSRget_ArgumentOutOfRange_Range', ID = '7642'
Method 'SystemVoidA0SystemArgumentOutOfRangeExceptionctorA0SystemStringA0SystemObjectA0SystemString', ID = '7643'
Method 'A0SystemBooleanA0SystemLocalAppContextSwitchesGetCachedSwitchValueInternalA0SystemStringA0SystemInt32', ID = '7644'
Method 'A0SystemInt32A0SystemGlobalizationCultureDataIndexOfTimePartA0SystemStringA0SystemInt32A0SystemString', ID = '7645'
Method 'A0SystemStringA0SystemGlobalizationCultureDataUnescapeNlsStringA0SystemStringA0SystemInt32A0SystemInt32', ID = '7646'
Method 'A0SystemBooleanA0A0SystemNumericsVector1A0SystemUInt32op_EqualityA0A0SystemNumericsVector1A0SystemUInt32A0A0SystemNumericsVector1A0SystemUInt32', ID = '7648'
Method 'A0SystemBooleanA0A0SystemNumericsVector1A0SystemSingleop_EqualityA0A0SystemNumericsVector1A0SystemSingleA0A0SystemNumericsVector1A0SystemSingle', ID = '7649'
Method 'A0SystemBooleanA0A0SystemNumericsVector1A0SystemDoubleop_EqualityA0A0SystemNumericsVector1A0SystemDoubleA0A0SystemNumericsVector1A0SystemDouble', ID = '7650'
Method 'SystemVoidA0A0SystemArrayEmptyArray1A0SystemCharcctor', ID = '7651'
Method 'A0SystemInt32A0SystemTextEncoderGetByteCountA0SystemCharpointerA0SystemInt32A0SystemBoolean', ID = '7653'
Method 'A0SystemStringA0SystemObjectDisposedExceptionget_ObjectName', ID = '7654'
Method 'A0SystemStringA0SystemSRget_ObjectDisposed_ObjectName_Name', ID = '7655'
Method 'A0SystemVoidA6CosmosHALTextScreenScrollUp', ID = '7656'
Method 'SystemVoidA2A2CosmosCore_PlugsSystemBuffersArrayPoolImpl1CosmosArrayPoolA0SystemBytector', ID = '7658'
Method 'A0SystemInt32A0SystemTextASCIIEncodingGetBytesCommonA0SystemCharpointerA0SystemInt32A0SystemBytepointerA0SystemInt32', ID = '7659'
Method 'A0SystemInt32A0SystemTextUTF8EncodingGetBytesCommonA0SystemCharpointerA0SystemInt32A0SystemBytepointerA0SystemInt32', ID = '7660'
Method 'A0SystemInt32A0SystemTextASCIIEncodingGetBytesA0A0SystemChararrayA0SystemInt32A0SystemInt32A0A0SystemBytearrayA0SystemInt32', ID = '7661'
Method 'A0SystemInt32A0SystemTextUTF8EncodingGetBytesA0A0SystemChararrayA0SystemInt32A0SystemInt32A0A0SystemBytearrayA0SystemInt32', ID = '7662'
Method 'A0SystemInt32A4CosmosSystemConsoleConsoleEncodingGetBytesA0A0SystemChararrayA0SystemInt32A0SystemInt32A0A0SystemBytearrayA0SystemInt32', ID = '7663'
Method 'A0SystemInt32A4CosmosSystemExtendedASCIISingleByteEncodingGetBytesA0A0SystemChararrayA0SystemInt32A0SystemInt32A0A0SystemBytearrayA0SystemInt32', ID = '7664'
Method 'A0SystemInt32A0SystemTextASCIIEncodingGetBytesFastA0SystemCharpointerA0SystemInt32A0SystemBytepointerA0SystemInt32A0SystemInt32', ID = '7666'
Method 'A0SystemInt32A0SystemTextUTF8EncodingGetBytesFastA0SystemCharpointerA0SystemInt32A0SystemBytepointerA0SystemInt32A0SystemInt32', ID = '7667'
Method 'A0A0SystemSpan1A0SystemByteA0A0SystemSpan1A0SystemByteSliceA0SystemInt32', ID = '7668'
Method 'A0SystemBooleanA0SystemTextEncoderNLSTryDrainLeftoverDataForGetBytesA0A0SystemReadOnlySpan1A0SystemCharA0A0SystemSpan1A0SystemByteA0SystemInt32A0SystemInt32', ID = '7669'
Method 'A0SystemVoidA0SystemTextEncodingThrowBytesOverflowA0SystemTextEncoderNLSA0SystemBoolean', ID = '7670'
Method 'A0SystemInt32A0SystemTextEncodingGetBytesWithFallbackA0A0SystemReadOnlySpan1A0SystemCharA0SystemInt32A0A0SystemSpan1A0SystemByteA0SystemInt32A0SystemTextEncoderNLS', ID = '7671'
Method 'SystemVoidA0SystemExceptionctorA0SystemStringA0SystemException', ID = '7672'
Method 'A0SystemBooleanA0SystemGlobalizationCompareInfoIcuStartsWithA0A0SystemReadOnlySpan1A0SystemCharA0A0SystemReadOnlySpan1A0SystemCharA0SystemGlobalizationCompareOptionsA0SystemInt32pointer', ID = '7673'
Method 'A0SystemBooleanA0SystemGlobalizationCompareInfoNlsStartsWithA0A0SystemReadOnlySpan1A0SystemCharA0A0SystemReadOnlySpan1A0SystemCharA0SystemGlobalizationCompareOptionsA0SystemInt32pointer', ID = '7674'
Method 'A0SystemStringA0SystemSRget_Argument_CompareOptionOrdinal', ID = '7675'
Method 'A0SystemStringA2CosmosCore_PlugsSystemStringImplToLower', ID = '7676'
Method 'SystemVoidA0A0SystemSZGenericArrayEnumerator1A0A0SystemCollectionsGenericDictionary2EntryA0SystemStringA0SystemReflectionAssemblycctor', ID = '7677'
Method 'A0SystemVoidA0A0SystemSZGenericArrayEnumerator1A0A0SystemCollectionsGenericDictionary2EntryA0SystemStringA0SystemReflectionAssemblyDispose', ID = '7678'
Method 'A0SystemBooleanA0A0SystemSZGenericArrayEnumerator1A0A0SystemCollectionsGenericDictionary2EntryA0SystemStringA0SystemReflectionAssemblyMoveNext', ID = '7679'
Method 'A0SystemBooleanA0SystemRuntimeCompilerServicesRuntimeHelpersIsBitwiseEquatableA0A0SystemCollectionsGenericDictionary2EntryA0SystemStringA0SystemReflectionAssembly', ID = '7680'
Method 'A0SystemInt32A0InternalRuntimeCompilerServicesUnsafeSizeOfA0A0SystemCollectionsGenericDictionary2EntryA0SystemStringA0SystemReflectionAssembly', ID = '7681'
Method 'A0SystemByteA0InternalRuntimeCompilerServicesUnsafeAsA0A0SystemCollectionsGenericDictionary2EntryA0SystemStringA0SystemReflectionAssemblyA0SystemByteA0A0SystemCollectioC0D1164B832702F68EE73FAD11C9341C', ID = '7682'
Method 'A0SystemCharA0InternalRuntimeCompilerServicesUnsafeAsA0A0SystemCollectionsGenericDictionary2EntryA0SystemStringA0SystemReflectionAssemblyA0SystemCharA0A0SystemCollectio956DA2B9B3043C97E3D32980CA39E0BD', ID = '7683'
Method 'A0SystemInt32A0InternalRuntimeCompilerServicesUnsafeAsA0A0SystemCollectionsGenericDictionary2EntryA0SystemStringA0SystemReflectionAssemblyA0SystemInt32A0A0SystemCollectC3106F72A2F761C7D6CA06DEEC8C53C7', ID = '7684'
Method 'A0SystemInt64A0InternalRuntimeCompilerServicesUnsafeAsA0A0SystemCollectionsGenericDictionary2EntryA0SystemStringA0SystemReflectionAssemblyA0SystemInt64A0A0SystemCollectF1AFC94204E3094F3D2B688352829670', ID = '7685'
Method 'A0A0SystemCollectionsGenericEqualityComparer1A0A0SystemCollectionsGenericDictionary2EntryA0SystemStringA0SystemReflectionAssemblyA0A0SystemCollectionsGenericEqualityComCB7756C048266596F9A2370D42FAD14A', ID = '7686'
Method 'A0SystemInt32A0A0SystemCollectionsGenericEqualityComparer1A0A0SystemCollectionsGenericDictionary2EntryA0SystemStringA0SystemReflectionAssemblyIndexOfA0A0A0SystemCollect5F0D63F67E19AF5EB906E34203B46B08', ID = '7687'
Method 'SystemVoidA8A8CosmosIL2CPUSZArrayImpl1GetEnumeratord__0A0A0SystemCollectionsGenericDictionary2EntryA0SystemStringA0SystemReflectionAssemblyctorA0SystemInt32', ID = '7688'
Method 'A0A0SystemCollectionsGenericIEnumerator1A0SystemReflectionAssemblyA0SystemSZArrayHelperGetEnumeratorA0SystemReflectionAssembly', ID = '7690'
Method 'A0SystemVoidA0SystemSZArrayHelperCopyToA0SystemReflectionAssemblyA0A0SystemReflectionAssemblyarrayA0SystemInt32', ID = '7691'
Method 'A0SystemInt32A0SystemSZArrayHelperget_CountA0SystemReflectionAssembly', ID = '7692'
Method 'A0SystemReflectionAssemblyA0SystemSZArrayHelperget_ItemA0SystemReflectionAssemblyA0SystemInt32', ID = '7693'
Method 'A0SystemVoidA0SystemSZArrayHelperset_ItemA0SystemReflectionAssemblyA0SystemInt32A0SystemReflectionAssembly', ID = '7694'
Method 'A0SystemVoidA0SystemSZArrayHelperAddA0SystemReflectionAssemblyA0SystemReflectionAssembly', ID = '7695'
Method 'A0SystemBooleanA0SystemSZArrayHelperContainsA0SystemReflectionAssemblyA0SystemReflectionAssembly', ID = '7696'
Method 'A0SystemBooleanA0SystemSZArrayHelperget_IsReadOnlyA0SystemReflectionAssembly', ID = '7697'
Method 'A0SystemVoidA0SystemSZArrayHelperClearA0SystemReflectionAssembly', ID = '7698'
Method 'A0SystemInt32A0SystemSZArrayHelperIndexOfA0SystemReflectionAssemblyA0SystemReflectionAssembly', ID = '7699'
Method 'A0SystemVoidA0SystemSZArrayHelperInsertA0SystemReflectionAssemblyA0SystemInt32A0SystemReflectionAssembly', ID = '7700'
Method 'A0SystemBooleanA0SystemSZArrayHelperRemoveA0SystemReflectionAssemblyA0SystemReflectionAssembly', ID = '7701'
Method 'A0SystemVoidA0SystemSZArrayHelperRemoveAtA0SystemReflectionAssemblyA0SystemInt32', ID = '7702'
Method 'A0A0A0SystemCollectionsGenericKeyValuePair2A0SystemStringA0SystemReflectionAssemblyarrayA0InternalRuntimeCompilerServicesUnsafeAsA0A0A0SystemCollectionsGenericKeyValuePBD5E011CD5FF946F0F12D559A4FD61EB', ID = '7707'
Method 'SystemVoidA0A0SystemSZGenericArrayEnumerator1A0A0SystemCollectionsGenericKeyValuePair2A0SystemStringA0SystemReflectionAssemblyctorA0A0A0SystemCollectionsGenericKeyValue782C261FF6B2452363804B4ED9330839', ID = '7708'
Method 'A0SystemInt32A0SystemArrayIndexOfA0A0SystemCollectionsGenericKeyValuePair2A0SystemStringA0SystemReflectionAssemblyA0A0A0SystemCollectionsGenericKeyValuePair2A0SystemStr9459118F859446D05ADA740510A9530A', ID = '7712'
Method 'A0A0SystemCollectionsGenericIEnumerator1A0A0SystemCollectionsGenericKeyValuePair2A0SystemStringA0SystemReflectionAssemblyA8A8CosmosIL2CPUSZArrayImpl1A0A0SystemCollectio5D1D594CAF80437C3FA8EBBBB30080B5', ID = '7713'
Method 'A0SystemVoidA8A8CosmosIL2CPUSZArrayImpl1A0A0SystemCollectionsGenericKeyValuePair2A0SystemStringA0SystemReflectionAssemblyCopyToA0A0A0SystemCollectionsGenericKeyValuePai74F66CB56E28F74FE373A7AAD910E43B', ID = '7714'
Method 'A0SystemInt32A8A8CosmosIL2CPUSZArrayImpl1A0A0SystemCollectionsGenericKeyValuePair2A0SystemStringA0SystemReflectionAssemblyget_Count', ID = '7715'
Method 'A0A0SystemCollectionsGenericKeyValuePair2A0SystemStringA0SystemReflectionAssemblyA8A8CosmosIL2CPUSZArrayImpl1A0A0SystemCollectionsGenericKeyValuePair2A0SystemStringA0SyBC50ED6F212245099F0AB6D84AD22046', ID = '7716'
Method 'A0SystemVoidA8A8CosmosIL2CPUSZArrayImpl1A0A0SystemCollectionsGenericKeyValuePair2A0SystemStringA0SystemReflectionAssemblyset_ItemA0SystemInt32A0A0SystemCollectionsGener8532C7027D83527FB997E257D7B679E9', ID = '7717'
Method 'A0SystemVoidA8A8CosmosIL2CPUSZArrayImpl1A0A0SystemCollectionsGenericKeyValuePair2A0SystemStringA0SystemReflectionAssemblyAddA0A0SystemCollectionsGenericKeyValuePair2A0S9058421CE6536C941CA5B9AF7E4D7557', ID = '7718'
Method 'A0SystemBooleanA8A8CosmosIL2CPUSZArrayImpl1A0A0SystemCollectionsGenericKeyValuePair2A0SystemStringA0SystemReflectionAssemblyContainsA0A0SystemCollectionsGenericKeyValueE39F86F152D90019A2EA178540782464', ID = '7719'
Method 'A0SystemBooleanA8A8CosmosIL2CPUSZArrayImpl1A0A0SystemCollectionsGenericKeyValuePair2A0SystemStringA0SystemReflectionAssemblyget_IsReadOnly', ID = '7720'
Method 'A0SystemVoidA8A8CosmosIL2CPUSZArrayImpl1A0A0SystemCollectionsGenericKeyValuePair2A0SystemStringA0SystemReflectionAssemblyClear', ID = '7721'
Method 'A0SystemInt32A8A8CosmosIL2CPUSZArrayImpl1A0A0SystemCollectionsGenericKeyValuePair2A0SystemStringA0SystemReflectionAssemblyIndexOfA0A0SystemCollectionsGenericKeyValuePai141CFA5E9AA95661CC65285545389E61', ID = '7722'
Method 'A0SystemVoidA8A8CosmosIL2CPUSZArrayImpl1A0A0SystemCollectionsGenericKeyValuePair2A0SystemStringA0SystemReflectionAssemblyInsertA0SystemInt32A0A0SystemCollectionsGeneric75E6EAB34D2CC5726128E02041007DE8', ID = '7723'
Method 'A0SystemVoidA8A8CosmosIL2CPUSZArrayImpl1A0A0SystemCollectionsGenericKeyValuePair2A0SystemStringA0SystemReflectionAssemblyRemoveAtA0SystemInt32', ID = '7724'
Method 'A0SystemBooleanA8A8CosmosIL2CPUSZArrayImpl1A0A0SystemCollectionsGenericKeyValuePair2A0SystemStringA0SystemReflectionAssemblyget_IsFixedSize', ID = '7725'
Method 'A0SystemVoidA8A8CosmosIL2CPUSZArrayImpl1A0A0SystemCollectionsGenericKeyValuePair2A0SystemStringA0SystemReflectionAssemblyRemoveA0A0SystemCollectionsGenericKeyValuePair2EC92CE5BBB1F9DB332F243343E38B627', ID = '7726'
Method 'A0SystemObjectA8A8CosmosIL2CPUSZArrayImpl1A0A0SystemCollectionsGenericKeyValuePair2A0SystemStringA0SystemReflectionAssemblyget_SyncRoot', ID = '7727'
Method 'A0SystemBooleanA8A8CosmosIL2CPUSZArrayImpl1A0A0SystemCollectionsGenericKeyValuePair2A0SystemStringA0SystemReflectionAssemblyget_IsSynchronized', ID = '7728'
Method 'A0SystemSingleA0InternalRuntimeCompilerServicesUnsafeAddA0SystemSingleA0SystemSingleA0SystemInt32', ID = '7729'
Method 'A0A0SystemRuntimeIntrinsicsVector1281A0SystemSingleA0SystemRuntimeIntrinsicsVector128AsSingleA0SystemSingleA0A0SystemRuntimeIntrinsicsVector1281A0SystemSingle', ID = '7730'
Method 'A0A0SystemRuntimeIntrinsicsVector1281A0SystemDoubleA0SystemRuntimeIntrinsicsVector128AsDoubleA0SystemSingleA0A0SystemRuntimeIntrinsicsVector1281A0SystemSingle', ID = '7731'
Method 'A0A0SystemRuntimeIntrinsicsVector1281A0SystemByteA0SystemRuntimeIntrinsicsVector128AsByteA0SystemSingleA0A0SystemRuntimeIntrinsicsVector1281A0SystemSingle', ID = '7732'
Method 'A0SystemBooleanA0A0SystemRuntimeIntrinsicsVector1281A0SystemSingleEqualsg__SoftwareFallbacksLine12_0A0A0SystemRuntimeIntrinsicsVector1281A0SystemSingleA0A0SystemRuntime9BDA2EB327CD0CC989C762AABAAACBAE', ID = '7733'
Method 'A0SystemSingleA0InternalRuntimeCompilerServicesUnsafeAsA0A0SystemRuntimeIntrinsicsVector2561A0SystemSingleA0SystemSingleA0A0SystemRuntimeIntrinsicsVector2561A0SystemSingle', ID = '7734'
Method 'A0A0SystemRuntimeIntrinsicsVector2561A0SystemSingleA0SystemRuntimeIntrinsicsVector256AsSingleA0SystemSingleA0A0SystemRuntimeIntrinsicsVector2561A0SystemSingle', ID = '7735'
Method 'A0A0SystemRuntimeIntrinsicsVector2561A0SystemDoubleA0SystemRuntimeIntrinsicsVector256AsDoubleA0SystemSingleA0A0SystemRuntimeIntrinsicsVector2561A0SystemSingle', ID = '7736'
Method 'A0A0SystemRuntimeIntrinsicsVector2561A0SystemByteA0SystemRuntimeIntrinsicsVector256AsByteA0SystemSingleA0A0SystemRuntimeIntrinsicsVector2561A0SystemSingle', ID = '7737'
Method 'A0SystemBooleanA0A0SystemRuntimeIntrinsicsVector2561A0SystemSingleEqualsg__SoftwareFallbacksLine14_0A0A0SystemRuntimeIntrinsicsVector2561A0SystemSingleA0A0SystemRuntimeE9149D94173B2201F5AAADCD6EF9DA14', ID = '7738'
Method 'A0SystemDoubleA0InternalRuntimeCompilerServicesUnsafeAsA0A0SystemRuntimeIntrinsicsVector2561A0SystemDoubleA0SystemDoubleA0A0SystemRuntimeIntrinsicsVector2561A0SystemDouble', ID = '7739'
Method 'A0A0SystemRuntimeIntrinsicsVector2561A0SystemSingleA0SystemRuntimeIntrinsicsVector256AsSingleA0SystemDoubleA0A0SystemRuntimeIntrinsicsVector2561A0SystemDouble', ID = '7740'
Method 'A0A0SystemRuntimeIntrinsicsVector2561A0SystemDoubleA0SystemRuntimeIntrinsicsVector256AsDoubleA0SystemDoubleA0A0SystemRuntimeIntrinsicsVector2561A0SystemDouble', ID = '7741'
Method 'A0A0SystemRuntimeIntrinsicsVector2561A0SystemByteA0SystemRuntimeIntrinsicsVector256AsByteA0SystemDoubleA0A0SystemRuntimeIntrinsicsVector2561A0SystemDouble', ID = '7742'
Method 'A0SystemBooleanA0A0SystemRuntimeIntrinsicsVector2561A0SystemDoubleEqualsg__SoftwareFallbacksLine14_0A0A0SystemRuntimeIntrinsicsVector2561A0SystemDoubleA0A0SystemRuntime7B6435CEBF122665D061CCE441098592', ID = '7743'
Method 'A0SystemInt32A0InternalRuntimeCompilerServicesUnsafeAsA0A0SystemRuntimeIntrinsicsVector1281A0SystemInt32A0SystemInt32A0A0SystemRuntimeIntrinsicsVector1281A0SystemInt32', ID = '7744'
Method 'A0A0SystemRuntimeIntrinsicsVector1281A0SystemDoubleA0SystemRuntimeIntrinsicsVector128AsDoubleA0SystemInt32A0A0SystemRuntimeIntrinsicsVector1281A0SystemInt32', ID = '7745'
Method 'A0A0SystemRuntimeIntrinsicsVector1281A0SystemByteA0SystemRuntimeIntrinsicsVector128AsByteA0SystemInt32A0A0SystemRuntimeIntrinsicsVector1281A0SystemInt32', ID = '7746'
Method 'A0SystemBooleanA0A0SystemRuntimeIntrinsicsVector1281A0SystemInt32Equalsg__SoftwareFallbacksLine12_0A0A0SystemRuntimeIntrinsicsVector1281A0SystemInt32A0A0SystemRuntimeIntrinsicsVector1281A0SystemInt32', ID = '7747'
Method 'SystemVoidA0SystemRandomThreadSafeRandomctor', ID = '7752'
Method 'SystemVoidA3CosmosSystem_PlugsSystemRandomImplcctor', ID = '7754'
Method 'A0SystemUInt64A1CosmosCoreCPUGetCPUUptime', ID = '7756'
Method 'A0SystemInt32A0SystemMathAbsA0SystemInt32', ID = '7757'
Method 'SystemVoidA0A0SystemCollectionsGenericEqualityComparer1A0A0SystemCollectionsGenericDictionary2EntryA0SystemStringA0SystemBooleancctor', ID = '7761'
Method 'SystemVoidA0A0SystemSZGenericArrayEnumerator1A0SystemBooleancctor', ID = '7763'
Method 'A0SystemVoidA0A0SystemSZGenericArrayEnumerator1A0SystemBooleanDispose', ID = '7764'
Method 'A0SystemBooleanA0A0SystemSZGenericArrayEnumerator1A0SystemBooleanMoveNext', ID = '7765'
Method 'A0SystemBooleanA0SystemRuntimeCompilerServicesRuntimeHelpersIsBitwiseEquatableA0SystemBoolean', ID = '7766'
Method 'A0SystemInt32A0InternalRuntimeCompilerServicesUnsafeSizeOfA0SystemBoolean', ID = '7767'
Method 'A0SystemByteA0InternalRuntimeCompilerServicesUnsafeAsA0SystemBooleanA0SystemByteA0SystemBoolean', ID = '7768'
Method 'A0SystemCharA0InternalRuntimeCompilerServicesUnsafeAsA0SystemBooleanA0SystemCharA0SystemBoolean', ID = '7769'
Method 'A0SystemInt32A0InternalRuntimeCompilerServicesUnsafeAsA0SystemBooleanA0SystemInt32A0SystemBoolean', ID = '7770'
Method 'A0SystemInt64A0InternalRuntimeCompilerServicesUnsafeAsA0SystemBooleanA0SystemInt64A0SystemBoolean', ID = '7771'
Method 'A0A0SystemCollectionsGenericEqualityComparer1A0SystemBooleanA0A0SystemCollectionsGenericEqualityComparer1A0SystemBooleanget_Default', ID = '7772'
Method 'A0SystemInt32A0A0SystemCollectionsGenericEqualityComparer1A0SystemBooleanIndexOfA0A0SystemBooleanarrayA0SystemBooleanA0SystemInt32A0SystemInt32', ID = '7773'
Method 'SystemVoidA8A8CosmosIL2CPUSZArrayImpl1GetEnumeratord__0A0SystemBooleanctorA0SystemInt32', ID = '7774'
Method 'A0SystemStringA0A0SystemCollectionsGenericKeyValuePair2A0SystemStringA0SystemBooleanget_Key', ID = '7776'
Method 'A0SystemBooleanA0A0SystemCollectionsGenericKeyValuePair2A0SystemStringA0SystemBooleanget_Value', ID = '7777'
Method 'A0SystemVoidA8A8CosmosIL2CPUSZArrayImpl1GetEnumeratord__0A0A0SystemCollectionsGenericKeyValuePair2A0SystemStringA0SystemBooleanSystemIDisposableDispose', ID = '7782'
Method 'A0SystemBooleanA8A8CosmosIL2CPUSZArrayImpl1GetEnumeratord__0A0A0SystemCollectionsGenericKeyValuePair2A0SystemStringA0SystemBooleanMoveNext', ID = '7783'
Method 'A0SystemInt32A0SystemGlobalizationOrdinalToUpperOrdinalA0A0SystemReadOnlySpan1A0SystemCharA0A0SystemSpan1A0SystemChar', ID = '7784'
Method 'A0SystemCharA0A0SystemSpan1A0SystemCharGetPinnableReference', ID = '7785'
Method 'A0SystemInt32A0SystemGlobalizationInvariantModeCasingCompareStringIgnoreCaseA0SystemCharA0SystemInt32A0SystemCharA0SystemInt32', ID = '7786'
Method 'A0SystemInt32A0SystemGlobalizationCompareInfoNlsCompareStringOrdinalIgnoreCaseA0SystemCharA0SystemInt32A0SystemCharA0SystemInt32', ID = '7787'
Method 'A0SystemInt32A0SystemGlobalizationOrdinalCasingCompareStringIgnoreCaseA0SystemCharA0SystemInt32A0SystemCharA0SystemInt32', ID = '7788'
Method 'A0SystemVoidA8A8CosmosIL2CPUSZArrayImpl1GetEnumeratord__0A0A0SystemCollectionsGenericDictionary2EntryA0SystemStringA0SystemObjectSystemIDisposableDispose', ID = '7792'
Method 'A0SystemBooleanA8A8CosmosIL2CPUSZArrayImpl1GetEnumeratord__0A0A0SystemCollectionsGenericDictionary2EntryA0SystemStringA0SystemObjectMoveNext', ID = '7793'
Method 'SystemVoidA0A0SystemSZGenericArrayEnumerator1A0A0SystemCollectionsGenericKeyValuePair2A0SystemStringA0SystemObjectcctor', ID = '7794'
Method 'A0SystemVoidA0A0SystemSZGenericArrayEnumerator1A0A0SystemCollectionsGenericKeyValuePair2A0SystemStringA0SystemObjectDispose', ID = '7795'
Method 'A0SystemBooleanA0A0SystemSZGenericArrayEnumerator1A0A0SystemCollectionsGenericKeyValuePair2A0SystemStringA0SystemObjectMoveNext', ID = '7796'
Method 'A0SystemStringA0A0SystemCollectionsGenericKeyValuePair2A0SystemStringA0SystemObjectToString', ID = '7797'
Method 'A0SystemBooleanA0SystemRuntimeCompilerServicesRuntimeHelpersIsBitwiseEquatableA0A0SystemCollectionsGenericKeyValuePair2A0SystemStringA0SystemObject', ID = '7798'
Method 'A0SystemInt32A0InternalRuntimeCompilerServicesUnsafeSizeOfA0A0SystemCollectionsGenericKeyValuePair2A0SystemStringA0SystemObject', ID = '7799'
Method 'A0SystemByteA0InternalRuntimeCompilerServicesUnsafeAsA0A0SystemCollectionsGenericKeyValuePair2A0SystemStringA0SystemObjectA0SystemByteA0A0SystemCollectionsGenericKeyVal74DC19EB4FEBC275AA23AD8B2B3632B9', ID = '7800'
Method 'A0SystemCharA0InternalRuntimeCompilerServicesUnsafeAsA0A0SystemCollectionsGenericKeyValuePair2A0SystemStringA0SystemObjectA0SystemCharA0A0SystemCollectionsGenericKeyVal7372BF6244B30E8A6F7898571FA86F33', ID = '7801'
Method 'A0SystemInt32A0InternalRuntimeCompilerServicesUnsafeAsA0A0SystemCollectionsGenericKeyValuePair2A0SystemStringA0SystemObjectA0SystemInt32A0A0SystemCollectionsGenericKeyVC5A5DB2366E063C20F9969BCE5556AF1', ID = '7802'
Method 'A0SystemInt64A0InternalRuntimeCompilerServicesUnsafeAsA0A0SystemCollectionsGenericKeyValuePair2A0SystemStringA0SystemObjectA0SystemInt64A0A0SystemCollectionsGenericKeyVEF5B3BE632CB555F14681CF69DA90D2B', ID = '7803'
Method 'A0A0SystemCollectionsGenericEqualityComparer1A0A0SystemCollectionsGenericKeyValuePair2A0SystemStringA0SystemObjectA0A0SystemCollectionsGenericEqualityComparer1A0A0SysteBDD070ACD1B6E1A0F8FA5520D4CC3048', ID = '7804'
Method 'A0SystemInt32A0A0SystemCollectionsGenericEqualityComparer1A0A0SystemCollectionsGenericKeyValuePair2A0SystemStringA0SystemObjectIndexOfA0A0A0SystemCollectionsGenericKeyVB2B18C3E880866AE718EF79CA3188B71', ID = '7805'
Method 'SystemVoidA8A8CosmosIL2CPUSZArrayImpl1GetEnumeratord__0A0A0SystemCollectionsGenericKeyValuePair2A0SystemStringA0SystemObjectctorA0SystemInt32', ID = '7806'
Method 'A0A0SystemThreadingTasksTask1A0SystemInt32A0SystemThreadingTasksTaskCacheCreateCacheableTaskA0SystemInt32A0SystemInt32', ID = '7810'
Method 'A0SystemVoidA8A8CosmosIL2CPUSZArrayImpl1GetEnumeratord__0A0SystemThreadingIAsyncLocalSystemIDisposableDispose', ID = '7815'
Method 'A0SystemBooleanA8A8CosmosIL2CPUSZArrayImpl1GetEnumeratord__0A0SystemThreadingIAsyncLocalMoveNext', ID = '7816'
Method 'SystemVoidA0A0SystemSZGenericArrayEnumerator1A0SystemRuntimeExceptionServicesExceptionDispatchInfocctor', ID = '7817'
Method 'A0SystemVoidA0A0SystemSZGenericArrayEnumerator1A0SystemRuntimeExceptionServicesExceptionDispatchInfoDispose', ID = '7818'
Method 'A0SystemBooleanA0A0SystemSZGenericArrayEnumerator1A0SystemRuntimeExceptionServicesExceptionDispatchInfoMoveNext', ID = '7819'
Method 'A0SystemBooleanA0SystemRuntimeCompilerServicesRuntimeHelpersIsBitwiseEquatableA0SystemRuntimeExceptionServicesExceptionDispatchInfo', ID = '7820'
Method 'A0SystemInt32A0InternalRuntimeCompilerServicesUnsafeSizeOfA0SystemRuntimeExceptionServicesExceptionDispatchInfo', ID = '7821'
Method 'A0SystemByteA0InternalRuntimeCompilerServicesUnsafeAsA0SystemRuntimeExceptionServicesExceptionDispatchInfoA0SystemByteA0SystemRuntimeExceptionServicesExceptionDispatchInfo', ID = '7822'
Method 'A0SystemCharA0InternalRuntimeCompilerServicesUnsafeAsA0SystemRuntimeExceptionServicesExceptionDispatchInfoA0SystemCharA0SystemRuntimeExceptionServicesExceptionDispatchInfo', ID = '7823'
Method 'A0SystemInt32A0InternalRuntimeCompilerServicesUnsafeAsA0SystemRuntimeExceptionServicesExceptionDispatchInfoA0SystemInt32A0SystemRuntimeExceptionServicesExceptionDispatchInfo', ID = '7824'
Method 'A0SystemInt64A0InternalRuntimeCompilerServicesUnsafeAsA0SystemRuntimeExceptionServicesExceptionDispatchInfoA0SystemInt64A0SystemRuntimeExceptionServicesExceptionDispatchInfo', ID = '7825'
Method 'A0A0SystemCollectionsGenericEqualityComparer1A0SystemRuntimeExceptionServicesExceptionDispatchInfoA0A0SystemCollectionsGenericEqualityComparer1A0SystemRuntimeExceptionS234368D25F5A0FB582853FEEBF60CEF7', ID = '7826'
Method 'A0SystemInt32A0A0SystemCollectionsGenericEqualityComparer1A0SystemRuntimeExceptionServicesExceptionDispatchInfoIndexOfA0A0SystemRuntimeExceptionServicesExceptionDispatcE2482CCDD2D59E57212B9DE03A9300E8', ID = '7827'
Method 'SystemVoidA8A8CosmosIL2CPUSZArrayImpl1GetEnumeratord__0A0SystemRuntimeExceptionServicesExceptionDispatchInfoctorA0SystemInt32', ID = '7828'
Method 'A0SystemVoidA3CosmosSystem_PlugsSystemThreadingCancellationTokenSourceImplNotifyCancellationA0SystemBoolean', ID = '7830'
Method 'SystemVoidA0SystemThreadingTimerQueueTimercompilergeneratedccctor', ID = '7831'
Method 'A0SystemVoidA12CosmosCore_AsmDelegateImplInvoke', ID = '1662'
Method 'A0SystemInt64A0SystemThreadingTimerQueueget_TickCount64', ID = '7834'
Method 'SystemVoidA0A0SystemValueTuple2A0SystemInt64A0SystemDateTimectorA0SystemInt64A0SystemDateTime', ID = '7836'
Method 'A0A0SystemThreadingTimerQueuearrayA0SystemThreadingTimerQueueCreateTimerQueues', ID = '7838'
Method 'A0SystemVoidA0SystemThreadingCancellationTokenSourceRegistrationsEnterLockg__ContentionsLine13_0A0SystemInt32', ID = '7841'
Method 'A0SystemVoidA0SystemThreadingVolatileWriteA0SystemInt32A0SystemInt32', ID = '7842'
Method 'A0SystemInt32A2CosmosCore_PlugsSystemInternalEnvironmentImplget_CurrentManagedThreadId', ID = '7843'
Method 'A0SystemInt64A0SystemThreadingVolatileReadA0SystemInt64', ID = '7846'
Method 'A0SystemVoidA8A8CosmosIL2CPUSZArrayImpl1GetEnumeratord__0A0SystemThreadingTasksTaskSystemIDisposableDispose', ID = '7851'
Method 'A0SystemBooleanA8A8CosmosIL2CPUSZArrayImpl1GetEnumeratord__0A0SystemThreadingTasksTaskMoveNext', ID = '7852'
Method 'A0SystemBooleanA2CosmosCore_PlugsSystemCollectionsGenericUInt16EqualityComparerEqualsA0SystemUInt16A0SystemUInt16', ID = '7853'
Method 'A0SystemInt32A0SystemTextASCIIEncodingGetCharsFastA0SystemBytepointerA0SystemInt32A0SystemCharpointerA0SystemInt32A0SystemInt32', ID = '7854'
Method 'A0SystemInt32A0SystemTextUTF8EncodingGetCharsFastA0SystemBytepointerA0SystemInt32A0SystemCharpointerA0SystemInt32A0SystemInt32', ID = '7855'
Method 'A0A0SystemReadOnlySpan1A0SystemByteA0A0SystemReadOnlySpan1A0SystemByteSliceA0SystemInt32', ID = '7856'
Method 'A0SystemInt32A0SystemTextEncodingGetCharsWithFallbackA0A0SystemReadOnlySpan1A0SystemByteA0SystemInt32A0A0SystemSpan1A0SystemCharA0SystemInt32A0SystemTextDecoderNLS', ID = '7857'
Method 'A0SystemInt32A0SystemTextASCIIEncodingGetCharCountA0SystemBytepointerA0SystemInt32', ID = '7858'
Method 'A0SystemInt32A0SystemTextUTF8EncodingGetCharCountA0SystemBytepointerA0SystemInt32', ID = '7859'
Method 'A0SystemInt32A4CosmosSystemConsoleConsoleEncodingGetCharCountA0SystemBytepointerA0SystemInt32', ID = '7860'
Method 'A0A0SystemBytearrayA0A0SystemReadOnlySpan1A0SystemByteToArray', ID = '7861'
Method 'A0SystemInt32A0SystemTextASCIIEncodingGetCharsA0SystemBytepointerA0SystemInt32A0SystemCharpointerA0SystemInt32', ID = '7862'
Method 'A0SystemInt32A0SystemTextUTF8EncodingGetCharsA0SystemBytepointerA0SystemInt32A0SystemCharpointerA0SystemInt32', ID = '7863'
Method 'A0SystemInt32A4CosmosSystemConsoleConsoleEncodingGetCharsA0SystemBytepointerA0SystemInt32A0SystemCharpointerA0SystemInt32', ID = '7864'
Method 'A0SystemInt32A0SystemTextASCIIEncodingGetCharCountCommonA0SystemBytepointerA0SystemInt32', ID = '7865'
Method 'A0SystemInt32A0SystemTextUTF8EncodingGetCharCountCommonA0SystemBytepointerA0SystemInt32', ID = '7866'
Method 'A0SystemInt32A0SystemTextASCIIEncodingGetCharsCommonA0SystemBytepointerA0SystemInt32A0SystemCharpointerA0SystemInt32', ID = '7867'
Method 'A0SystemCharA4CosmosSystemExtendedASCIISingleByteEncodingGetCharA0SystemByte', ID = '7868'
Method 'SystemVoidA0A0SystemCollectionsGenericEqualityComparer1A6CosmosHALBlockDeviceGPTGPartInfocctor', ID = '7869'
Method 'SystemVoidA0A0SystemCollectionsGenericEqualityComparer1A6CosmosHALBlockDeviceMBRPartInfocctor', ID = '7871'
Method 'SystemVoidA0A0SystemCollectionsGenericEqualityComparer1A6CosmosHALBlockDeviceEBRPartInfocctor', ID = '7873'
Method 'SystemVoidA0A0SystemCollectionsGenericEqualityComparer1A6CosmosHALBlockDeviceRegistersHBACommandHeadercctor', ID = '7875'
Method 'A0SystemVoidA8A8CosmosIL2CPUSZArrayImpl1GetEnumeratord__0A6CosmosHALBlockDeviceRegistersHBAPRDTEntrySystemIDisposableDispose', ID = '7881'
Method 'A0SystemBooleanA8A8CosmosIL2CPUSZArrayImpl1GetEnumeratord__0A6CosmosHALBlockDeviceRegistersHBAPRDTEntryMoveNext', ID = '7882'
Method 'A0SystemStringA0SystemReflectionRuntimeAssemblyget_FullName', ID = '7884'
Method 'A0SystemInvalidOperationExceptionA0SystemThrowHelperGetInvalidOperationException_EnumCurrentA0SystemInt32', ID = '7885'
Method 'SystemVoidA0A0SystemCollectionsGenericEqualityComparer1A6CosmosHALKeyboardBasecctor', ID = '7886'
Method 'SystemVoidA0A0SystemCollectionsGenericEqualityComparer1A4CosmosSystemKeyEventcctor', ID = '7888'
Method 'A0SystemVoidA8A8CosmosIL2CPUSZArrayImpl1GetEnumeratord__0A4CosmosSystemKeyMappingSystemIDisposableDispose', ID = '7894'
Method 'A0SystemBooleanA8A8CosmosIL2CPUSZArrayImpl1GetEnumeratord__0A4CosmosSystemKeyMappingMoveNext', ID = '7895'
Method 'A0SystemVoidA0A0SystemCollectionsGenericList1A4CosmosSystemKeyMappingset_CapacityA0SystemInt32', ID = '7896'
Method 'SystemVoidA0A0SystemCollectionsGenericEqualityComparer1A0A0SystemCollectionsGenericDictionary2EntryA0SystemInt32A0SystemUInt32cctor', ID = '7897'
Method 'A0SystemInt32A0A0SystemCollectionsGenericKeyValuePair2A0SystemInt32A0SystemUInt32get_Key', ID = '7899'
Method 'A0SystemUInt32A0A0SystemCollectionsGenericKeyValuePair2A0SystemInt32A0SystemUInt32get_Value', ID = '7900'
Method 'A0SystemVoidA8A8CosmosIL2CPUSZArrayImpl1GetEnumeratord__0A0A0SystemCollectionsGenericKeyValuePair2A0SystemInt32A0SystemUInt32SystemIDisposableDispose', ID = '7905'
Method 'A0SystemBooleanA8A8CosmosIL2CPUSZArrayImpl1GetEnumeratord__0A0A0SystemCollectionsGenericKeyValuePair2A0SystemInt32A0SystemUInt32MoveNext', ID = '7906'
Method 'SystemVoidA0SystemResourcesResourceManagerctorA0SystemType', ID = '7910'
Method 'A0SystemStringA2CosmosCore_PlugsSystemResourcesResourceManagerImplGetStringA0SystemString', ID = '7911'
Method 'SystemVoidA0SystemTextEncoderExceptionFallbackcctor', ID = '7912'
Method 'A0SystemBooleanA0SystemTextEncoderExceptionFallbackEqualsA0SystemObject', ID = '7913'
Method 'A0SystemInt32A0SystemTextEncoderExceptionFallbackGetHashCode', ID = '7914'
Method 'A0SystemInt32A0SystemTextEncoderExceptionFallbackget_MaxCharCount', ID = '7915'
Method 'SystemVoidA0SystemTextDecoderExceptionFallbackcctor', ID = '7916'
Method 'A0SystemBooleanA0SystemTextDecoderExceptionFallbackEqualsA0SystemObject', ID = '7917'
Method 'A0SystemInt32A0SystemTextDecoderExceptionFallbackGetHashCode', ID = '7918'
Method 'A0SystemBooleanA0SystemCharIsInRangeA0SystemCharA0SystemCharA0SystemChar', ID = '7919'
Method 'SystemVoidA0SystemTextEncoderReplacementFallbackctor', ID = '7920'
Method 'SystemVoidA0SystemTextDecoderReplacementFallbackctor', ID = '7921'
Method 'A0SystemVoidA6CosmosHALKeyboardBaseWaitForKey', ID = '7923'
Method 'A0SystemVoidA14A14SystemCollectionsGenericStack1A4CosmosSystemKeyEventPushWithResizeA4CosmosSystemKeyEvent', ID = '7924'
Method 'A0SystemVoidA0SystemTextStringBuilderRemoveA0SystemInt32A0SystemInt32A0SystemTextStringBuilderA0SystemInt32', ID = '7925'
Method 'A0A0SystemBytearrayA0SystemTextUTF8EncodingUTF8EncodingSealedGetBytesA0SystemString', ID = '7926'
Method 'A0A0SystemBytearrayA4CosmosSystemConsoleConsoleEncodingGetBytesA0SystemString', ID = '7927'
Method 'A0SystemStringA0SystemSRget_ArgumentNull_String', ID = '7928'
Method 'A0SystemInt32A0SystemTextEncodingGetByteCountA0SystemString', ID = '7929'
Method 'A0SystemInt32A0SystemTextEncodingGetBytesA0SystemStringA0SystemInt32A0SystemInt32A0A0SystemBytearrayA0SystemInt32', ID = '7930'
Method 'A0A0SystemBytearrayA4CosmosSystemConsoleConsoleEncodingGetBytesA0A0SystemChararray', ID = '7931'
Method 'A0A0SystemBytearrayA0SystemTextEncodingGetBytesA0A0SystemChararrayA0SystemInt32A0SystemInt32', ID = '7932'
Method 'A0SystemVoidA0A0SystemCollectionsGenericQueue1A4CosmosSystemKeyEventThrowForEmptyQueue', ID = '7933'
Method 'A0SystemStringA14SystemSRget_InvalidOperation_EmptyStack', ID = '7934'
Method 'SystemVoidA0SystemRuntimeTypector', ID = '7935'
Method 'A0A0SystemRuntimeIntrinsicsVector1281A0SystemSingleA0SystemRuntimeIntrinsicsVector128AsA0SystemUInt64A0SystemSingleA0A0SystemRuntimeIntrinsicsVector1281A0SystemUInt64', ID = '7936'
Method 'A0A0SystemRuntimeIntrinsicsVector1281A0SystemDoubleA0SystemRuntimeIntrinsicsVector128AsA0SystemUInt64A0SystemDoubleA0A0SystemRuntimeIntrinsicsVector1281A0SystemUInt64', ID = '7937'
Method 'A0A0SystemRuntimeIntrinsicsVector1281A0SystemSingleA0SystemRuntimeIntrinsicsVector128AsA0SystemUInt32A0SystemSingleA0A0SystemRuntimeIntrinsicsVector1281A0SystemUInt32', ID = '7939'
Method 'A0A0SystemRuntimeIntrinsicsVector1281A0SystemDoubleA0SystemRuntimeIntrinsicsVector128AsA0SystemUInt32A0SystemDoubleA0A0SystemRuntimeIntrinsicsVector1281A0SystemUInt32', ID = '7940'
Method 'A0A0SystemRuntimeIntrinsicsVector1281A0SystemByteA0SystemRuntimeIntrinsicsVector128AsA0SystemUInt32A0SystemByteA0A0SystemRuntimeIntrinsicsVector1281A0SystemUInt32', ID = '7941'
Method 'A0SystemStringA3CosmosSystem_PlugsSystemIOPathImplGetFullPathA0SystemString', ID = '7945'
Method 'A0SystemStringA0SystemStringRemoveA0SystemInt32', ID = '7948'
Method 'A0A0SystemCollectionsGenericList1A4CosmosSystemFileSystemListingDirectoryEntryA4CosmosSystemFileSystemVFSVFSManagerGetDirectoryListingA0SystemString', ID = '7950'
Method 'A4CosmosSystemFileSystemListingDirectoryEntryA0A0SystemCollectionsGenericList1A4CosmosSystemFileSystemListingDirectoryEntryget_ItemA0SystemInt32', ID = '7951'
Method 'A0SystemInt32A0A0SystemCollectionsGenericList1A4CosmosSystemFileSystemListingDirectoryEntryget_Count', ID = '7953'
Method 'A0SystemInt64A4CosmosSystemIOConsoleStreamSeekA0SystemInt64A0SystemIOSeekOrigin', ID = '7957'
Method 'A0SystemInt64A0SystemIOStreamNullStreamSeekA0SystemInt64A0SystemIOSeekOrigin', ID = '7958'
Method 'A0SystemVoidA4CosmosSystemIOConsoleStreamset_PositionA0SystemInt64', ID = '7962'
Method 'A0SystemVoidA0SystemIOStreamNullStreamset_PositionA0SystemInt64', ID = '7963'
Method 'A0SystemVoidA4CosmosSystemIOConsoleStreamSetLengthA0SystemInt64', ID = '7965'
Method 'A0SystemVoidA0SystemIOStreamNullStreamSetLengthA0SystemInt64', ID = '7966'
Method 'A0SystemBooleanA2CosmosCore_PlugsSystemCollectionsGenericUInt64EqualityComparerEqualsA0SystemUInt64A0SystemUInt64', ID = '7967'
Method 'A0SystemVoidA8A8CosmosIL2CPUSZArrayImpl1GetEnumeratord__0A0SystemTypeSystemIDisposableDispose', ID = '7972'
Method 'A0SystemBooleanA8A8CosmosIL2CPUSZArrayImpl1GetEnumeratord__0A0SystemTypeMoveNext', ID = '7973'
Method 'A0SystemBooleanA0SystemReflectionMetadataImportEqualsA0SystemReflectionMetadataImport', ID = '7975'
Method 'A0SystemInt32A2CosmosCore_PlugsSystemRuntimeTypeHandleImplGetTokenA0SystemObject', ID = '7976'
Method 'A0A0SystemCollectionsGenericIEnumerator1A0A0SystemReflectionRuntimeMethodInfoarrayA0SystemSZArrayHelperGetEnumeratorA0A0SystemReflectionRuntimeMethodInfoarray', ID = '7978'
Method 'A0SystemVoidA0SystemSZArrayHelperCopyToA0A0SystemReflectionRuntimeMethodInfoarrayA0A0A0SystemReflectionRuntimeMethodInfoarrayarrayA0SystemInt32', ID = '7979'
Method 'A0SystemInt32A0SystemSZArrayHelperget_CountA0A0SystemReflectionRuntimeMethodInfoarray', ID = '7980'
Method 'A0A0SystemReflectionRuntimeMethodInfoarrayA0SystemSZArrayHelperget_ItemA0A0SystemReflectionRuntimeMethodInfoarrayA0SystemInt32', ID = '7981'
Method 'A0SystemVoidA0SystemSZArrayHelperset_ItemA0A0SystemReflectionRuntimeMethodInfoarrayA0SystemInt32A0A0SystemReflectionRuntimeMethodInfoarray', ID = '7982'
Method 'A0SystemVoidA0SystemSZArrayHelperAddA0A0SystemReflectionRuntimeMethodInfoarrayA0A0SystemReflectionRuntimeMethodInfoarray', ID = '7983'
Method 'A0SystemBooleanA0SystemSZArrayHelperContainsA0A0SystemReflectionRuntimeMethodInfoarrayA0A0SystemReflectionRuntimeMethodInfoarray', ID = '7984'
Method 'A0SystemBooleanA0SystemSZArrayHelperget_IsReadOnlyA0A0SystemReflectionRuntimeMethodInfoarray', ID = '7985'
Method 'A0SystemVoidA0SystemSZArrayHelperClearA0A0SystemReflectionRuntimeMethodInfoarray', ID = '7986'
Method 'A0SystemInt32A0SystemSZArrayHelperIndexOfA0A0SystemReflectionRuntimeMethodInfoarrayA0A0SystemReflectionRuntimeMethodInfoarray', ID = '7987'
Method 'A0SystemVoidA0SystemSZArrayHelperInsertA0A0SystemReflectionRuntimeMethodInfoarrayA0SystemInt32A0A0SystemReflectionRuntimeMethodInfoarray', ID = '7988'
Method 'A0SystemBooleanA0SystemSZArrayHelperRemoveA0A0SystemReflectionRuntimeMethodInfoarrayA0A0SystemReflectionRuntimeMethodInfoarray', ID = '7989'
Method 'A0SystemVoidA0SystemSZArrayHelperRemoveAtA0A0SystemReflectionRuntimeMethodInfoarrayA0SystemInt32', ID = '7990'
Method 'SystemVoidA0A0SystemSZGenericArrayEnumerator1A0SystemReflectionRuntimeMethodInfocctor', ID = '7997'
Method 'A0SystemVoidA0A0SystemSZGenericArrayEnumerator1A0SystemReflectionRuntimeMethodInfoDispose', ID = '7998'
Method 'A0SystemBooleanA0A0SystemSZGenericArrayEnumerator1A0SystemReflectionRuntimeMethodInfoMoveNext', ID = '7999'
Method 'A0SystemStringA0SystemReflectionRuntimeMethodInfoget_Name', ID = '8008'
Method 'A0SystemInt32A0SystemReflectionRuntimeMethodInfoGetHashCode', ID = '8010'
Method 'A0SystemBooleanA0SystemRuntimeCompilerServicesRuntimeHelpersIsBitwiseEquatableA0SystemReflectionRuntimeMethodInfo', ID = '8013'
Method 'A0SystemInt32A0InternalRuntimeCompilerServicesUnsafeSizeOfA0SystemReflectionRuntimeMethodInfo', ID = '8014'
Method 'A0SystemByteA0InternalRuntimeCompilerServicesUnsafeAsA0SystemReflectionRuntimeMethodInfoA0SystemByteA0SystemReflectionRuntimeMethodInfo', ID = '8015'
Method 'A0SystemCharA0InternalRuntimeCompilerServicesUnsafeAsA0SystemReflectionRuntimeMethodInfoA0SystemCharA0SystemReflectionRuntimeMethodInfo', ID = '8016'
Method 'A0SystemInt32A0InternalRuntimeCompilerServicesUnsafeAsA0SystemReflectionRuntimeMethodInfoA0SystemInt32A0SystemReflectionRuntimeMethodInfo', ID = '8017'
Method 'A0SystemInt64A0InternalRuntimeCompilerServicesUnsafeAsA0SystemReflectionRuntimeMethodInfoA0SystemInt64A0SystemReflectionRuntimeMethodInfo', ID = '8018'
Method 'A0A0SystemCollectionsGenericEqualityComparer1A0SystemReflectionRuntimeMethodInfoA0A0SystemCollectionsGenericEqualityComparer1A0SystemReflectionRuntimeMethodInfoget_Default', ID = '8019'
Method 'A0SystemInt32A0A0SystemCollectionsGenericEqualityComparer1A0SystemReflectionRuntimeMethodInfoIndexOfA0A0SystemReflectionRuntimeMethodInfoarrayA0SystemReflectionRuntimeM5A211223B41072E0F089745A77353162', ID = '8020'
Method 'SystemVoidA8A8CosmosIL2CPUSZArrayImpl1GetEnumeratord__0A0SystemReflectionRuntimeMethodInfoctorA0SystemInt32', ID = '8021'
Method 'A0A0SystemCollectionsGenericIEnumerator1A0A0SystemReflectionRuntimeConstructorInfoarrayA0SystemSZArrayHelperGetEnumeratorA0A0SystemReflectionRuntimeConstructorInfoarray', ID = '8023'
Method 'A0SystemVoidA0SystemSZArrayHelperCopyToA0A0SystemReflectionRuntimeConstructorInfoarrayA0A0A0SystemReflectionRuntimeConstructorInfoarrayarrayA0SystemInt32', ID = '8024'
Method 'A0SystemInt32A0SystemSZArrayHelperget_CountA0A0SystemReflectionRuntimeConstructorInfoarray', ID = '8025'
Method 'A0A0SystemReflectionRuntimeConstructorInfoarrayA0SystemSZArrayHelperget_ItemA0A0SystemReflectionRuntimeConstructorInfoarrayA0SystemInt32', ID = '8026'
Method 'A0SystemVoidA0SystemSZArrayHelperset_ItemA0A0SystemReflectionRuntimeConstructorInfoarrayA0SystemInt32A0A0SystemReflectionRuntimeConstructorInfoarray', ID = '8027'
Method 'A0SystemVoidA0SystemSZArrayHelperAddA0A0SystemReflectionRuntimeConstructorInfoarrayA0A0SystemReflectionRuntimeConstructorInfoarray', ID = '8028'
Method 'A0SystemBooleanA0SystemSZArrayHelperContainsA0A0SystemReflectionRuntimeConstructorInfoarrayA0A0SystemReflectionRuntimeConstructorInfoarray', ID = '8029'
Method 'A0SystemBooleanA0SystemSZArrayHelperget_IsReadOnlyA0A0SystemReflectionRuntimeConstructorInfoarray', ID = '8030'
Method 'A0SystemVoidA0SystemSZArrayHelperClearA0A0SystemReflectionRuntimeConstructorInfoarray', ID = '8031'
Method 'A0SystemInt32A0SystemSZArrayHelperIndexOfA0A0SystemReflectionRuntimeConstructorInfoarrayA0A0SystemReflectionRuntimeConstructorInfoarray', ID = '8032'
Method 'A0SystemVoidA0SystemSZArrayHelperInsertA0A0SystemReflectionRuntimeConstructorInfoarrayA0SystemInt32A0A0SystemReflectionRuntimeConstructorInfoarray', ID = '8033'
Method 'A0SystemBooleanA0SystemSZArrayHelperRemoveA0A0SystemReflectionRuntimeConstructorInfoarrayA0A0SystemReflectionRuntimeConstructorInfoarray', ID = '8034'
Method 'A0SystemVoidA0SystemSZArrayHelperRemoveAtA0A0SystemReflectionRuntimeConstructorInfoarrayA0SystemInt32', ID = '8035'
Method 'SystemVoidA0A0SystemSZGenericArrayEnumerator1A0SystemReflectionRuntimeConstructorInfocctor', ID = '8042'
Method 'A0SystemVoidA0A0SystemSZGenericArrayEnumerator1A0SystemReflectionRuntimeConstructorInfoDispose', ID = '8043'
Method 'A0SystemBooleanA0A0SystemSZGenericArrayEnumerator1A0SystemReflectionRuntimeConstructorInfoMoveNext', ID = '8044'
Method 'A0SystemStringA0SystemReflectionRuntimeConstructorInfoToString', ID = '8046'
Method 'A0SystemStringA0SystemReflectionRuntimeConstructorInfoget_Name', ID = '8047'
Method 'A0SystemBooleanA0SystemReflectionConstructorInfoEqualsA0SystemObject', ID = '8048'
Method 'A0SystemInt32A0SystemReflectionConstructorInfoGetHashCode', ID = '8049'
Method 'A0SystemBooleanA0SystemRuntimeCompilerServicesRuntimeHelpersIsBitwiseEquatableA0SystemReflectionRuntimeConstructorInfo', ID = '8051'
Method 'A0SystemInt32A0InternalRuntimeCompilerServicesUnsafeSizeOfA0SystemReflectionRuntimeConstructorInfo', ID = '8052'
Method 'A0SystemByteA0InternalRuntimeCompilerServicesUnsafeAsA0SystemReflectionRuntimeConstructorInfoA0SystemByteA0SystemReflectionRuntimeConstructorInfo', ID = '8053'
Method 'A0SystemCharA0InternalRuntimeCompilerServicesUnsafeAsA0SystemReflectionRuntimeConstructorInfoA0SystemCharA0SystemReflectionRuntimeConstructorInfo', ID = '8054'
Method 'A0SystemInt32A0InternalRuntimeCompilerServicesUnsafeAsA0SystemReflectionRuntimeConstructorInfoA0SystemInt32A0SystemReflectionRuntimeConstructorInfo', ID = '8055'
Method 'A0SystemInt64A0InternalRuntimeCompilerServicesUnsafeAsA0SystemReflectionRuntimeConstructorInfoA0SystemInt64A0SystemReflectionRuntimeConstructorInfo', ID = '8056'
Method 'A0A0SystemCollectionsGenericEqualityComparer1A0SystemReflectionRuntimeConstructorInfoA0A0SystemCollectionsGenericEqualityComparer1A0SystemReflectionRuntimeConstructorInfoget_Default', ID = '8057'
Method 'A0SystemInt32A0A0SystemCollectionsGenericEqualityComparer1A0SystemReflectionRuntimeConstructorInfoIndexOfA0A0SystemReflectionRuntimeConstructorInfoarrayA0SystemReflectiD3689F6A9E8D4A856CE07B64BCAA756F', ID = '8058'
Method 'SystemVoidA8A8CosmosIL2CPUSZArrayImpl1GetEnumeratord__0A0SystemReflectionRuntimeConstructorInfoctorA0SystemInt32', ID = '8059'
Method 'A0A0SystemCollectionsGenericIEnumerator1A0A0SystemReflectionRuntimeFieldInfoarrayA0SystemSZArrayHelperGetEnumeratorA0A0SystemReflectionRuntimeFieldInfoarray', ID = '8061'
Method 'A0SystemVoidA0SystemSZArrayHelperCopyToA0A0SystemReflectionRuntimeFieldInfoarrayA0A0A0SystemReflectionRuntimeFieldInfoarrayarrayA0SystemInt32', ID = '8062'
Method 'A0SystemInt32A0SystemSZArrayHelperget_CountA0A0SystemReflectionRuntimeFieldInfoarray', ID = '8063'
Method 'A0A0SystemReflectionRuntimeFieldInfoarrayA0SystemSZArrayHelperget_ItemA0A0SystemReflectionRuntimeFieldInfoarrayA0SystemInt32', ID = '8064'
Method 'A0SystemVoidA0SystemSZArrayHelperset_ItemA0A0SystemReflectionRuntimeFieldInfoarrayA0SystemInt32A0A0SystemReflectionRuntimeFieldInfoarray', ID = '8065'
Method 'A0SystemVoidA0SystemSZArrayHelperAddA0A0SystemReflectionRuntimeFieldInfoarrayA0A0SystemReflectionRuntimeFieldInfoarray', ID = '8066'
Method 'A0SystemBooleanA0SystemSZArrayHelperContainsA0A0SystemReflectionRuntimeFieldInfoarrayA0A0SystemReflectionRuntimeFieldInfoarray', ID = '8067'
Method 'A0SystemBooleanA0SystemSZArrayHelperget_IsReadOnlyA0A0SystemReflectionRuntimeFieldInfoarray', ID = '8068'
Method 'A0SystemVoidA0SystemSZArrayHelperClearA0A0SystemReflectionRuntimeFieldInfoarray', ID = '8069'
Method 'A0SystemInt32A0SystemSZArrayHelperIndexOfA0A0SystemReflectionRuntimeFieldInfoarrayA0A0SystemReflectionRuntimeFieldInfoarray', ID = '8070'
Method 'A0SystemVoidA0SystemSZArrayHelperInsertA0A0SystemReflectionRuntimeFieldInfoarrayA0SystemInt32A0A0SystemReflectionRuntimeFieldInfoarray', ID = '8071'
Method 'A0SystemBooleanA0SystemSZArrayHelperRemoveA0A0SystemReflectionRuntimeFieldInfoarrayA0A0SystemReflectionRuntimeFieldInfoarray', ID = '8072'
Method 'A0SystemVoidA0SystemSZArrayHelperRemoveAtA0A0SystemReflectionRuntimeFieldInfoarrayA0SystemInt32', ID = '8073'
Method 'SystemVoidA0A0SystemSZGenericArrayEnumerator1A0SystemReflectionRuntimeFieldInfocctor', ID = '8080'
Method 'A0SystemVoidA0A0SystemSZGenericArrayEnumerator1A0SystemReflectionRuntimeFieldInfoDispose', ID = '8081'
Method 'A0SystemBooleanA0A0SystemSZGenericArrayEnumerator1A0SystemReflectionRuntimeFieldInfoMoveNext', ID = '8082'
Method 'A0SystemStringA0SystemReflectionRuntimeFieldInfoToString', ID = '8084'
Method 'A0SystemBooleanA0SystemReflectionFieldInfoEqualsA0SystemObject', ID = '8085'
Method 'A0SystemInt32A0SystemReflectionFieldInfoGetHashCode', ID = '8086'
Method 'A0SystemBooleanA0SystemRuntimeCompilerServicesRuntimeHelpersIsBitwiseEquatableA0SystemReflectionRuntimeFieldInfo', ID = '8087'
Method 'A0SystemInt32A0InternalRuntimeCompilerServicesUnsafeSizeOfA0SystemReflectionRuntimeFieldInfo', ID = '8088'
Method 'A0SystemByteA0InternalRuntimeCompilerServicesUnsafeAsA0SystemReflectionRuntimeFieldInfoA0SystemByteA0SystemReflectionRuntimeFieldInfo', ID = '8089'
Method 'A0SystemCharA0InternalRuntimeCompilerServicesUnsafeAsA0SystemReflectionRuntimeFieldInfoA0SystemCharA0SystemReflectionRuntimeFieldInfo', ID = '8090'
Method 'A0SystemInt32A0InternalRuntimeCompilerServicesUnsafeAsA0SystemReflectionRuntimeFieldInfoA0SystemInt32A0SystemReflectionRuntimeFieldInfo', ID = '8091'
Method 'A0SystemInt64A0InternalRuntimeCompilerServicesUnsafeAsA0SystemReflectionRuntimeFieldInfoA0SystemInt64A0SystemReflectionRuntimeFieldInfo', ID = '8092'
Method 'A0A0SystemCollectionsGenericEqualityComparer1A0SystemReflectionRuntimeFieldInfoA0A0SystemCollectionsGenericEqualityComparer1A0SystemReflectionRuntimeFieldInfoget_Default', ID = '8093'
Method 'A0SystemInt32A0A0SystemCollectionsGenericEqualityComparer1A0SystemReflectionRuntimeFieldInfoIndexOfA0A0SystemReflectionRuntimeFieldInfoarrayA0SystemReflectionRuntimeFieldInfoA0SystemInt32A0SystemInt32', ID = '8094'
Method 'SystemVoidA8A8CosmosIL2CPUSZArrayImpl1GetEnumeratord__0A0SystemReflectionRuntimeFieldInfoctorA0SystemInt32', ID = '8095'
Method 'A0A0SystemCollectionsGenericIEnumerator1A0A0SystemRuntimeTypearrayA0SystemSZArrayHelperGetEnumeratorA0A0SystemRuntimeTypearray', ID = '8097'
Method 'A0SystemVoidA0SystemSZArrayHelperCopyToA0A0SystemRuntimeTypearrayA0A0A0SystemRuntimeTypearrayarrayA0SystemInt32', ID = '8098'
Method 'A0SystemInt32A0SystemSZArrayHelperget_CountA0A0SystemRuntimeTypearray', ID = '8099'
Method 'A0A0SystemRuntimeTypearrayA0SystemSZArrayHelperget_ItemA0A0SystemRuntimeTypearrayA0SystemInt32', ID = '8100'
Method 'A0SystemVoidA0SystemSZArrayHelperset_ItemA0A0SystemRuntimeTypearrayA0SystemInt32A0A0SystemRuntimeTypearray', ID = '8101'
Method 'A0SystemVoidA0SystemSZArrayHelperAddA0A0SystemRuntimeTypearrayA0A0SystemRuntimeTypearray', ID = '8102'
Method 'A0SystemBooleanA0SystemSZArrayHelperContainsA0A0SystemRuntimeTypearrayA0A0SystemRuntimeTypearray', ID = '8103'
Method 'A0SystemBooleanA0SystemSZArrayHelperget_IsReadOnlyA0A0SystemRuntimeTypearray', ID = '8104'
Method 'A0SystemVoidA0SystemSZArrayHelperClearA0A0SystemRuntimeTypearray', ID = '8105'
Method 'A0SystemInt32A0SystemSZArrayHelperIndexOfA0A0SystemRuntimeTypearrayA0A0SystemRuntimeTypearray', ID = '8106'
Method 'A0SystemVoidA0SystemSZArrayHelperInsertA0A0SystemRuntimeTypearrayA0SystemInt32A0A0SystemRuntimeTypearray', ID = '8107'
Method 'A0SystemBooleanA0SystemSZArrayHelperRemoveA0A0SystemRuntimeTypearrayA0A0SystemRuntimeTypearray', ID = '8108'
Method 'A0SystemVoidA0SystemSZArrayHelperRemoveAtA0A0SystemRuntimeTypearrayA0SystemInt32', ID = '8109'
Method 'SystemVoidA0A0SystemSZGenericArrayEnumerator1A0SystemRuntimeTypecctor', ID = '8116'
Method 'A0SystemVoidA0A0SystemSZGenericArrayEnumerator1A0SystemRuntimeTypeDispose', ID = '8117'
Method 'A0SystemBooleanA0A0SystemSZGenericArrayEnumerator1A0SystemRuntimeTypeMoveNext', ID = '8118'
Method 'A0SystemBooleanA0SystemRuntimeCompilerServicesRuntimeHelpersIsBitwiseEquatableA0SystemRuntimeType', ID = '8119'
Method 'A0SystemInt32A0InternalRuntimeCompilerServicesUnsafeSizeOfA0SystemRuntimeType', ID = '8120'
Method 'A0SystemByteA0InternalRuntimeCompilerServicesUnsafeAsA0SystemRuntimeTypeA0SystemByteA0SystemRuntimeType', ID = '8121'
Method 'A0SystemCharA0InternalRuntimeCompilerServicesUnsafeAsA0SystemRuntimeTypeA0SystemCharA0SystemRuntimeType', ID = '8122'
Method 'A0SystemInt32A0InternalRuntimeCompilerServicesUnsafeAsA0SystemRuntimeTypeA0SystemInt32A0SystemRuntimeType', ID = '8123'
Method 'A0SystemInt64A0InternalRuntimeCompilerServicesUnsafeAsA0SystemRuntimeTypeA0SystemInt64A0SystemRuntimeType', ID = '8124'
Method 'A0A0SystemCollectionsGenericEqualityComparer1A0SystemRuntimeTypeA0A0SystemCollectionsGenericEqualityComparer1A0SystemRuntimeTypeget_Default', ID = '8125'
Method 'A0SystemInt32A0A0SystemCollectionsGenericEqualityComparer1A0SystemRuntimeTypeIndexOfA0A0SystemRuntimeTypearrayA0SystemRuntimeTypeA0SystemInt32A0SystemInt32', ID = '8126'
Method 'SystemVoidA8A8CosmosIL2CPUSZArrayImpl1GetEnumeratord__0A0SystemRuntimeTypectorA0SystemInt32', ID = '8127'
Method 'A0A0SystemCollectionsGenericIEnumerator1A0A0SystemReflectionRuntimePropertyInfoarrayA0SystemSZArrayHelperGetEnumeratorA0A0SystemReflectionRuntimePropertyInfoarray', ID = '8129'
Method 'A0SystemVoidA0SystemSZArrayHelperCopyToA0A0SystemReflectionRuntimePropertyInfoarrayA0A0A0SystemReflectionRuntimePropertyInfoarrayarrayA0SystemInt32', ID = '8130'
Method 'A0SystemInt32A0SystemSZArrayHelperget_CountA0A0SystemReflectionRuntimePropertyInfoarray', ID = '8131'
Method 'A0A0SystemReflectionRuntimePropertyInfoarrayA0SystemSZArrayHelperget_ItemA0A0SystemReflectionRuntimePropertyInfoarrayA0SystemInt32', ID = '8132'
Method 'A0SystemVoidA0SystemSZArrayHelperset_ItemA0A0SystemReflectionRuntimePropertyInfoarrayA0SystemInt32A0A0SystemReflectionRuntimePropertyInfoarray', ID = '8133'
Method 'A0SystemVoidA0SystemSZArrayHelperAddA0A0SystemReflectionRuntimePropertyInfoarrayA0A0SystemReflectionRuntimePropertyInfoarray', ID = '8134'
Method 'A0SystemBooleanA0SystemSZArrayHelperContainsA0A0SystemReflectionRuntimePropertyInfoarrayA0A0SystemReflectionRuntimePropertyInfoarray', ID = '8135'
Method 'A0SystemBooleanA0SystemSZArrayHelperget_IsReadOnlyA0A0SystemReflectionRuntimePropertyInfoarray', ID = '8136'
Method 'A0SystemVoidA0SystemSZArrayHelperClearA0A0SystemReflectionRuntimePropertyInfoarray', ID = '8137'
Method 'A0SystemInt32A0SystemSZArrayHelperIndexOfA0A0SystemReflectionRuntimePropertyInfoarrayA0A0SystemReflectionRuntimePropertyInfoarray', ID = '8138'
Method 'A0SystemVoidA0SystemSZArrayHelperInsertA0A0SystemReflectionRuntimePropertyInfoarrayA0SystemInt32A0A0SystemReflectionRuntimePropertyInfoarray', ID = '8139'
Method 'A0SystemBooleanA0SystemSZArrayHelperRemoveA0A0SystemReflectionRuntimePropertyInfoarrayA0A0SystemReflectionRuntimePropertyInfoarray', ID = '8140'
Method 'A0SystemVoidA0SystemSZArrayHelperRemoveAtA0A0SystemReflectionRuntimePropertyInfoarrayA0SystemInt32', ID = '8141'
Method 'SystemVoidA0A0SystemSZGenericArrayEnumerator1A0SystemReflectionRuntimePropertyInfocctor', ID = '8148'
Method 'A0SystemVoidA0A0SystemSZGenericArrayEnumerator1A0SystemReflectionRuntimePropertyInfoDispose', ID = '8149'
Method 'A0SystemBooleanA0A0SystemSZGenericArrayEnumerator1A0SystemReflectionRuntimePropertyInfoMoveNext', ID = '8150'
Method 'A0SystemStringA0SystemReflectionRuntimePropertyInfoget_Name', ID = '8155'
Method 'A0SystemBooleanA0SystemReflectionPropertyInfoEqualsA0SystemObject', ID = '8156'
Method 'A0SystemInt32A0SystemReflectionPropertyInfoGetHashCode', ID = '8157'
Method 'A0SystemInt32A0SystemReflectionRuntimePropertyInfoget_MetadataToken', ID = '8158'
Method 'A0SystemBooleanA0SystemRuntimeCompilerServicesRuntimeHelpersIsBitwiseEquatableA0SystemReflectionRuntimePropertyInfo', ID = '8159'
Method 'A0SystemInt32A0InternalRuntimeCompilerServicesUnsafeSizeOfA0SystemReflectionRuntimePropertyInfo', ID = '8160'
Method 'A0SystemByteA0InternalRuntimeCompilerServicesUnsafeAsA0SystemReflectionRuntimePropertyInfoA0SystemByteA0SystemReflectionRuntimePropertyInfo', ID = '8161'
Method 'A0SystemCharA0InternalRuntimeCompilerServicesUnsafeAsA0SystemReflectionRuntimePropertyInfoA0SystemCharA0SystemReflectionRuntimePropertyInfo', ID = '8162'
Method 'A0SystemInt32A0InternalRuntimeCompilerServicesUnsafeAsA0SystemReflectionRuntimePropertyInfoA0SystemInt32A0SystemReflectionRuntimePropertyInfo', ID = '8163'
Method 'A0SystemInt64A0InternalRuntimeCompilerServicesUnsafeAsA0SystemReflectionRuntimePropertyInfoA0SystemInt64A0SystemReflectionRuntimePropertyInfo', ID = '8164'
Method 'A0A0SystemCollectionsGenericEqualityComparer1A0SystemReflectionRuntimePropertyInfoA0A0SystemCollectionsGenericEqualityComparer1A0SystemReflectionRuntimePropertyInfoget_Default', ID = '8165'
Method 'A0SystemInt32A0A0SystemCollectionsGenericEqualityComparer1A0SystemReflectionRuntimePropertyInfoIndexOfA0A0SystemReflectionRuntimePropertyInfoarrayA0SystemReflectionRunt765014EA7C25C4A41579344D14A15F6E', ID = '8166'
Method 'SystemVoidA8A8CosmosIL2CPUSZArrayImpl1GetEnumeratord__0A0SystemReflectionRuntimePropertyInfoctorA0SystemInt32', ID = '8167'
Method 'A0A0SystemCollectionsGenericIEnumerator1A0A0SystemReflectionRuntimeEventInfoarrayA0SystemSZArrayHelperGetEnumeratorA0A0SystemReflectionRuntimeEventInfoarray', ID = '8169'
Method 'A0SystemVoidA0SystemSZArrayHelperCopyToA0A0SystemReflectionRuntimeEventInfoarrayA0A0A0SystemReflectionRuntimeEventInfoarrayarrayA0SystemInt32', ID = '8170'
Method 'A0SystemInt32A0SystemSZArrayHelperget_CountA0A0SystemReflectionRuntimeEventInfoarray', ID = '8171'
Method 'A0A0SystemReflectionRuntimeEventInfoarrayA0SystemSZArrayHelperget_ItemA0A0SystemReflectionRuntimeEventInfoarrayA0SystemInt32', ID = '8172'
Method 'A0SystemVoidA0SystemSZArrayHelperset_ItemA0A0SystemReflectionRuntimeEventInfoarrayA0SystemInt32A0A0SystemReflectionRuntimeEventInfoarray', ID = '8173'
Method 'A0SystemVoidA0SystemSZArrayHelperAddA0A0SystemReflectionRuntimeEventInfoarrayA0A0SystemReflectionRuntimeEventInfoarray', ID = '8174'
Method 'A0SystemBooleanA0SystemSZArrayHelperContainsA0A0SystemReflectionRuntimeEventInfoarrayA0A0SystemReflectionRuntimeEventInfoarray', ID = '8175'
Method 'A0SystemBooleanA0SystemSZArrayHelperget_IsReadOnlyA0A0SystemReflectionRuntimeEventInfoarray', ID = '8176'
Method 'A0SystemVoidA0SystemSZArrayHelperClearA0A0SystemReflectionRuntimeEventInfoarray', ID = '8177'
Method 'A0SystemInt32A0SystemSZArrayHelperIndexOfA0A0SystemReflectionRuntimeEventInfoarrayA0A0SystemReflectionRuntimeEventInfoarray', ID = '8178'
Method 'A0SystemVoidA0SystemSZArrayHelperInsertA0A0SystemReflectionRuntimeEventInfoarrayA0SystemInt32A0A0SystemReflectionRuntimeEventInfoarray', ID = '8179'
Method 'A0SystemBooleanA0SystemSZArrayHelperRemoveA0A0SystemReflectionRuntimeEventInfoarrayA0A0SystemReflectionRuntimeEventInfoarray', ID = '8180'
Method 'A0SystemVoidA0SystemSZArrayHelperRemoveAtA0A0SystemReflectionRuntimeEventInfoarrayA0SystemInt32', ID = '8181'
Method 'SystemVoidA0A0SystemSZGenericArrayEnumerator1A0SystemReflectionRuntimeEventInfocctor', ID = '8188'
Method 'A0SystemVoidA0A0SystemSZGenericArrayEnumerator1A0SystemReflectionRuntimeEventInfoDispose', ID = '8189'
Method 'A0SystemBooleanA0A0SystemSZGenericArrayEnumerator1A0SystemReflectionRuntimeEventInfoMoveNext', ID = '8190'
Method 'A0SystemStringA0SystemReflectionRuntimeEventInfoToString', ID = '8193'
Method 'A0SystemStringA0SystemReflectionRuntimeEventInfoget_Name', ID = '8194'
Method 'A0SystemBooleanA0SystemReflectionEventInfoEqualsA0SystemObject', ID = '8195'
Method 'A0SystemInt32A0SystemReflectionEventInfoGetHashCode', ID = '8196'
Method 'A0SystemInt32A0SystemReflectionRuntimeEventInfoget_MetadataToken', ID = '8197'
Method 'A0SystemBooleanA0SystemRuntimeCompilerServicesRuntimeHelpersIsBitwiseEquatableA0SystemReflectionRuntimeEventInfo', ID = '8198'
Method 'A0SystemInt32A0InternalRuntimeCompilerServicesUnsafeSizeOfA0SystemReflectionRuntimeEventInfo', ID = '8199'
Method 'A0SystemByteA0InternalRuntimeCompilerServicesUnsafeAsA0SystemReflectionRuntimeEventInfoA0SystemByteA0SystemReflectionRuntimeEventInfo', ID = '8200'
Method 'A0SystemCharA0InternalRuntimeCompilerServicesUnsafeAsA0SystemReflectionRuntimeEventInfoA0SystemCharA0SystemReflectionRuntimeEventInfo', ID = '8201'
Method 'A0SystemInt32A0InternalRuntimeCompilerServicesUnsafeAsA0SystemReflectionRuntimeEventInfoA0SystemInt32A0SystemReflectionRuntimeEventInfo', ID = '8202'
Method 'A0SystemInt64A0InternalRuntimeCompilerServicesUnsafeAsA0SystemReflectionRuntimeEventInfoA0SystemInt64A0SystemReflectionRuntimeEventInfo', ID = '8203'
Method 'A0A0SystemCollectionsGenericEqualityComparer1A0SystemReflectionRuntimeEventInfoA0A0SystemCollectionsGenericEqualityComparer1A0SystemReflectionRuntimeEventInfoget_Default', ID = '8204'
Method 'A0SystemInt32A0A0SystemCollectionsGenericEqualityComparer1A0SystemReflectionRuntimeEventInfoIndexOfA0A0SystemReflectionRuntimeEventInfoarrayA0SystemReflectionRuntimeEventInfoA0SystemInt32A0SystemInt32', ID = '8205'
Method 'SystemVoidA8A8CosmosIL2CPUSZArrayImpl1GetEnumeratord__0A0SystemReflectionRuntimeEventInfoctorA0SystemInt32', ID = '8206'
Method 'A0SystemVoidA2CosmosCore_PlugsSystemRuntimeTypeHandleImplGetInstantiationA0SystemObjectA0SystemObjectA0SystemObject', ID = '8210'
Method 'A0A0SystemRuntimeIntrinsicsVector1281A0SystemSingleA0InternalRuntimeCompilerServicesUnsafeAsRefA0A0SystemRuntimeIntrinsicsVector1281A0SystemSingleA0SystemVoidpointer', ID = '8211'
Method 'A0A0SystemRuntimeIntrinsicsVector1281A0SystemInt32A0SystemRuntimeIntrinsicsVector128AsA0SystemSingleA0SystemInt32A0A0SystemRuntimeIntrinsicsVector1281A0SystemSingle', ID = '8212'
Method 'A0SystemStringA2CosmosCore_PlugsSystemInternalEnvironmentImplGetEnvironmentVariableA0SystemString', ID = '8214'
Method 'A0SystemBooleanA0SystemGlobalizationGlobalizationModeTryGetStringValueA0SystemStringA0SystemStringA0SystemString', ID = '8215'
Method 'A0SystemInt32A2CosmosCore_PlugsInteropGlobalizationImplLoadICU', ID = '8216'
Method 'A0SystemVoidA0SystemGlobalizationGlobalizationModeLoadAppLocalIcuCoreA0A0SystemReadOnlySpan1A0SystemCharA0A0SystemReadOnlySpan1A0SystemChar', ID = '8217'
Method 'A0SystemInt32A0SystemByteCompareToA0SystemByte', ID = '8220'
Method 'A0SystemBooleanA0A0SystemNumericsVector1A0SystemUInt16op_InequalityA0A0SystemNumericsVector1A0SystemUInt16A0A0SystemNumericsVector1A0SystemUInt16', ID = '8221'
Method 'A0SystemInt32A0SystemCharCompareToA0SystemChar', ID = '8222'
Method 'A0SystemInt32A0SystemInt32CompareToA0SystemInt32', ID = '8224'
Method 'A0SystemBooleanA0SystemLocalAppContextSwitchesGetSwitchDefaultValueA0SystemString', ID = '8227'
Method 'A0SystemBooleanA0SystemStringContainsA0SystemChar', ID = '8228'
Method 'SystemVoidA0SystemTextStringBuilderctorA0SystemStringA0SystemInt32A0SystemInt32A0SystemInt32', ID = '8229'
Method 'A0SystemVoidA2CosmosCore_PlugsSystemBufferImpl__ZeroMemoryA0SystemVoidpointerA0SystemUIntPtr', ID = '8230'
Method 'A0SystemBooleanA0A0SystemNumericsVector1A0SystemUInt32ScalarEqualsA0SystemUInt32A0SystemUInt32', ID = '8231'
Method 'A0SystemBooleanA0A0SystemNumericsVector1A0SystemSingleScalarEqualsA0SystemSingleA0SystemSingle', ID = '8232'
Method 'A0SystemBooleanA0A0SystemNumericsVector1A0SystemDoubleScalarEqualsA0SystemDoubleA0SystemDouble', ID = '8233'
Method 'A0SystemInt32A0SystemTextASCIIEncodingGetByteCountA0A0SystemChararrayA0SystemInt32A0SystemInt32', ID = '8234'
Method 'A0SystemInt32A0SystemTextUTF8EncodingGetByteCountA0A0SystemChararrayA0SystemInt32A0SystemInt32', ID = '8235'
Method 'A0SystemInt32A4CosmosSystemConsoleConsoleEncodingGetByteCountA0A0SystemChararrayA0SystemInt32A0SystemInt32', ID = '8236'
Method 'A0SystemInt32A4CosmosSystemExtendedASCIISingleByteEncodingGetByteCountA0A0SystemChararrayA0SystemInt32A0SystemInt32', ID = '8237'
Method 'A0SystemInt32A0SystemTextEncodingDefaultEncoderGetByteCountA0SystemCharpointerA0SystemInt32A0SystemBoolean', ID = '8238'
Method 'A0SystemInt32A0SystemTextEncoderNLSGetByteCountA0SystemCharpointerA0SystemInt32A0SystemBoolean', ID = '8239'
Method 'A0SystemVoidA1CosmosCoreMemoryBlockMoveDownA0SystemUInt32A0SystemUInt32A0SystemUInt32', ID = '8240'
Method 'A0SystemVoidA6CosmosHALTextScreenset_ItemA0SystemInt32A0SystemInt32A0SystemByte', ID = '8241'
Method 'SystemVoidA0A0SystemBuffersArrayPool1A0SystemBytector', ID = '8243'
Method 'A0SystemInt32A0SystemTextEncodingGetBytesWithFallbackA0SystemCharpointerA0SystemInt32A0SystemBytepointerA0SystemInt32A0SystemInt32A0SystemInt32', ID = '8244'
Method 'A0SystemByteA4CosmosSystemExtendedASCIISingleByteEncodingGetByteA0SystemChar', ID = '8245'
Method 'A0SystemUIntPtrA0SystemTextASCIIUtilityNarrowUtf16ToAsciiA0SystemCharpointerA0SystemBytepointerA0SystemUIntPtr', ID = '8246'
Method 'A0SystemBuffersOperationStatusA0SystemTextUnicodeUtf8UtilityTranscodeToUtf8A0SystemCharpointerA0SystemInt32A0SystemBytepointerA0SystemInt32A0SystemCharpointerA0SystemBytepointer', ID = '8247'
Method 'A0SystemBooleanA0SystemTextEncoderNLSget_MustFlush', ID = '8248'
Method 'A0SystemBooleanA0SystemTextRuneTryCreateA0SystemCharA0SystemCharA0SystemTextRune', ID = '8249'
Method 'A0SystemBuffersOperationStatusA0SystemTextEncodingEncodeRuneA0SystemTextRuneA0A0SystemSpan1A0SystemByteA0SystemInt32', ID = '8250'
Method 'A0SystemTextEncoderFallbackBufferA0SystemTextEncoderget_FallbackBuffer', ID = '8251'
Method 'A0SystemBooleanA0SystemTextEncoderFallbackBufferTryDrainRemainingDataForGetBytesA0A0SystemSpan1A0SystemByteA0SystemInt32', ID = '8254'
Method 'A0SystemBooleanA0SystemTextEncoderget_InternalHasFallbackBuffer', ID = '8255'
Method 'A0SystemVoidA0SystemTextEncoderFallbackBufferInternalReset', ID = '8256'
Method 'A0SystemVoidA0SystemTextEncodingThrowBytesOverflow', ID = '8257'
Method 'A0SystemVoidA0SystemTextEncoderNLSClearMustFlush', ID = '8258'
Method 'A0SystemInt32A0SystemTextASCIIEncodingGetBytesWithFallbackA0A0SystemReadOnlySpan1A0SystemCharA0SystemInt32A0A0SystemSpan1A0SystemByteA0SystemInt32A0SystemTextEncoderNLS', ID = '8259'
Method 'A0SystemTextEncoderFallbackBufferA0SystemTextEncoderFallbackBufferCreateAndInitializeA0SystemTextEncodingA0SystemTextEncoderNLSA0SystemInt32', ID = '8260'
Method 'A0SystemBuffersOperationStatusA0SystemTextRuneDecodeFromUtf16A0A0SystemReadOnlySpan1A0SystemCharA0SystemTextRuneA0SystemInt32', ID = '8261'
Method 'A0A0SystemReadOnlySpan1A0SystemCharA0A0SystemReadOnlySpan1A0SystemCharget_Empty', ID = '8262'
Method 'A0SystemBooleanA0SystemTextEncoderFallbackBufferTryInternalFallbackGetBytesA0A0SystemReadOnlySpan1A0SystemCharA0A0SystemSpan1A0SystemByteA0SystemInt32A0SystemInt32', ID = '8263'
Method 'SystemVoidA0SystemExceptionctor', ID = '8264'
Method 'A0SystemBooleanA0SystemGlobalizationCompareInfoCanUseAsciiOrdinalForOptionsA0SystemGlobalizationCompareOptions', ID = '8265'
Method 'A0SystemBooleanA0SystemGlobalizationCompareInfoStartsWithOrdinalIgnoreCaseHelperA0A0SystemReadOnlySpan1A0SystemCharA0A0SystemReadOnlySpan1A0SystemCharA0SystemGlobalizat5E1C44EDC6FE48F8E5C791DB3E323EDD', ID = '8266'
Method 'A0SystemBooleanA0SystemGlobalizationCompareInfoStartsWithOrdinalHelperA0A0SystemReadOnlySpan1A0SystemCharA0A0SystemReadOnlySpan1A0SystemCharA0SystemGlobalizationCompareOptionsA0SystemInt32pointer', ID = '8267'
Method 'A0SystemInt32A0SystemGlobalizationCompareInfoGetNativeCompareFlagsA0SystemGlobalizationCompareOptions', ID = '8269'
Method 'A0SystemInt32A0SystemGlobalizationCompareInfoFindStringA0SystemUInt32A0A0SystemReadOnlySpan1A0SystemCharA0A0SystemReadOnlySpan1A0SystemCharA0SystemInt32pointer', ID = '8270'
Method 'A0SystemStringA2CosmosCore_PlugsSystemStringImplToLowerInvariant', ID = '8271'
Method 'A0SystemVoidA8A8CosmosIL2CPUSZArrayImpl1GetEnumeratord__0A0A0SystemCollectionsGenericDictionary2EntryA0SystemStringA0SystemReflectionAssemblySystemIDisposableDispose', ID = '8276'
Method 'A0SystemBooleanA8A8CosmosIL2CPUSZArrayImpl1GetEnumeratord__0A0A0SystemCollectionsGenericDictionary2EntryA0SystemStringA0SystemReflectionAssemblyMoveNext', ID = '8277'
Method 'A0A0SystemReflectionAssemblyarrayA0InternalRuntimeCompilerServicesUnsafeAsA0A0SystemReflectionAssemblyarrayA0SystemObject', ID = '8279'
Method 'SystemVoidA0A0SystemSZGenericArrayEnumerator1A0SystemReflectionAssemblyctorA0A0SystemReflectionAssemblyarray', ID = '8280'
Method 'A0SystemInt32A0SystemArrayIndexOfA0SystemReflectionAssemblyA0A0SystemReflectionAssemblyarrayA0SystemReflectionAssemblyA0SystemInt32A0SystemInt32', ID = '8283'
Method 'A0A0SystemCollectionsGenericIEnumerator1A0SystemReflectionAssemblyA8A8CosmosIL2CPUSZArrayImpl1A0SystemReflectionAssemblyGetEnumerator', ID = '8284'
Method 'A0SystemVoidA8A8CosmosIL2CPUSZArrayImpl1A0SystemReflectionAssemblyCopyToA0A0SystemReflectionAssemblyarrayA0SystemInt32', ID = '8285'
Method 'A0SystemInt32A8A8CosmosIL2CPUSZArrayImpl1A0SystemReflectionAssemblyget_Count', ID = '8286'
Method 'A0SystemReflectionAssemblyA8A8CosmosIL2CPUSZArrayImpl1A0SystemReflectionAssemblyget_ItemA0SystemInt32', ID = '8287'
Method 'A0SystemVoidA8A8CosmosIL2CPUSZArrayImpl1A0SystemReflectionAssemblyset_ItemA0SystemInt32A0SystemReflectionAssembly', ID = '8288'
Method 'A0SystemVoidA8A8CosmosIL2CPUSZArrayImpl1A0SystemReflectionAssemblyAddA0SystemReflectionAssembly', ID = '8289'
Method 'A0SystemBooleanA8A8CosmosIL2CPUSZArrayImpl1A0SystemReflectionAssemblyContainsA0SystemReflectionAssembly', ID = '8290'
Method 'A0SystemBooleanA8A8CosmosIL2CPUSZArrayImpl1A0SystemReflectionAssemblyget_IsReadOnly', ID = '8291'
Method 'A0SystemVoidA8A8CosmosIL2CPUSZArrayImpl1A0SystemReflectionAssemblyClear', ID = '8292'
Method 'A0SystemInt32A8A8CosmosIL2CPUSZArrayImpl1A0SystemReflectionAssemblyIndexOfA0SystemReflectionAssembly', ID = '8293'
Method 'A0SystemVoidA8A8CosmosIL2CPUSZArrayImpl1A0SystemReflectionAssemblyInsertA0SystemInt32A0SystemReflectionAssembly', ID = '8294'
Method 'A0SystemVoidA8A8CosmosIL2CPUSZArrayImpl1A0SystemReflectionAssemblyRemoveAtA0SystemInt32', ID = '8295'
Method 'A0SystemBooleanA8A8CosmosIL2CPUSZArrayImpl1A0SystemReflectionAssemblyget_IsFixedSize', ID = '8296'
Method 'A0SystemVoidA8A8CosmosIL2CPUSZArrayImpl1A0SystemReflectionAssemblyRemoveA0SystemReflectionAssembly', ID = '8297'
Method 'A0SystemObjectA8A8CosmosIL2CPUSZArrayImpl1A0SystemReflectionAssemblyget_SyncRoot', ID = '8298'
Method 'A0SystemBooleanA8A8CosmosIL2CPUSZArrayImpl1A0SystemReflectionAssemblyget_IsSynchronized', ID = '8299'
Method 'SystemVoidA0A0SystemSZGenericArrayEnumerator1A0A0SystemCollectionsGenericKeyValuePair2A0SystemStringA0SystemReflectionAssemblycctor', ID = '8300'
Method 'A0SystemVoidA0A0SystemSZGenericArrayEnumerator1A0A0SystemCollectionsGenericKeyValuePair2A0SystemStringA0SystemReflectionAssemblyDispose', ID = '8301'
Method 'A0SystemBooleanA0A0SystemSZGenericArrayEnumerator1A0A0SystemCollectionsGenericKeyValuePair2A0SystemStringA0SystemReflectionAssemblyMoveNext', ID = '8302'
Method 'A0SystemStringA0A0SystemCollectionsGenericKeyValuePair2A0SystemStringA0SystemReflectionAssemblyToString', ID = '8303'
Method 'A0SystemBooleanA0SystemRuntimeCompilerServicesRuntimeHelpersIsBitwiseEquatableA0A0SystemCollectionsGenericKeyValuePair2A0SystemStringA0SystemReflectionAssembly', ID = '8304'
Method 'A0SystemInt32A0InternalRuntimeCompilerServicesUnsafeSizeOfA0A0SystemCollectionsGenericKeyValuePair2A0SystemStringA0SystemReflectionAssembly', ID = '8305'
Method 'A0SystemByteA0InternalRuntimeCompilerServicesUnsafeAsA0A0SystemCollectionsGenericKeyValuePair2A0SystemStringA0SystemReflectionAssemblyA0SystemByteA0A0SystemCollectionsGCA1EB0FDE9BFCF76BA099B1FD1269FD5', ID = '8306'
Method 'A0SystemCharA0InternalRuntimeCompilerServicesUnsafeAsA0A0SystemCollectionsGenericKeyValuePair2A0SystemStringA0SystemReflectionAssemblyA0SystemCharA0A0SystemCollectionsG03506EC3CB8D62DDF5D1274926F7875F', ID = '8307'
Method 'A0SystemInt32A0InternalRuntimeCompilerServicesUnsafeAsA0A0SystemCollectionsGenericKeyValuePair2A0SystemStringA0SystemReflectionAssemblyA0SystemInt32A0A0SystemCollection1376156096EB685547AC00D3930B247B', ID = '8308'
Method 'A0SystemInt64A0InternalRuntimeCompilerServicesUnsafeAsA0A0SystemCollectionsGenericKeyValuePair2A0SystemStringA0SystemReflectionAssemblyA0SystemInt64A0A0SystemCollectionCBE8393989F2431524E41966C8572D51', ID = '8309'
Method 'A0A0SystemCollectionsGenericEqualityComparer1A0A0SystemCollectionsGenericKeyValuePair2A0SystemStringA0SystemReflectionAssemblyA0A0SystemCollectionsGenericEqualityCompar2ACFBDE48F5EECA6AAEA4434C874FAE4', ID = '8310'
Method 'A0SystemInt32A0A0SystemCollectionsGenericEqualityComparer1A0A0SystemCollectionsGenericKeyValuePair2A0SystemStringA0SystemReflectionAssemblyIndexOfA0A0A0SystemCollection06615EE517DFE0B5D9795DCC7010DACE', ID = '8311'
Method 'SystemVoidA8A8CosmosIL2CPUSZArrayImpl1GetEnumeratord__0A0A0SystemCollectionsGenericKeyValuePair2A0SystemStringA0SystemReflectionAssemblyctorA0SystemInt32', ID = '8312'
Method 'A0A0SystemRuntimeIntrinsicsVector1281A0SystemSingleA0SystemRuntimeIntrinsicsVector128AsA0SystemSingleA0SystemSingleA0A0SystemRuntimeIntrinsicsVector1281A0SystemSingle', ID = '8314'
Method 'A0A0SystemRuntimeIntrinsicsVector1281A0SystemDoubleA0SystemRuntimeIntrinsicsVector128AsA0SystemSingleA0SystemDoubleA0A0SystemRuntimeIntrinsicsVector1281A0SystemSingle', ID = '8315'
Method 'A0A0SystemRuntimeIntrinsicsVector1281A0SystemByteA0SystemRuntimeIntrinsicsVector128AsA0SystemSingleA0SystemByteA0A0SystemRuntimeIntrinsicsVector1281A0SystemSingle', ID = '8316'
Method 'A0A0SystemRuntimeIntrinsicsVector2561A0SystemSingleA0SystemRuntimeIntrinsicsVector256AsA0SystemSingleA0SystemSingleA0A0SystemRuntimeIntrinsicsVector2561A0SystemSingle', ID = '8318'
Method 'A0A0SystemRuntimeIntrinsicsVector2561A0SystemDoubleA0SystemRuntimeIntrinsicsVector256AsA0SystemSingleA0SystemDoubleA0A0SystemRuntimeIntrinsicsVector2561A0SystemSingle', ID = '8319'
Method 'A0A0SystemRuntimeIntrinsicsVector2561A0SystemSingleA0SystemRuntimeIntrinsicsVector256AsA0SystemDoubleA0SystemSingleA0A0SystemRuntimeIntrinsicsVector2561A0SystemDouble', ID = '8320'
Method 'A0A0SystemRuntimeIntrinsicsVector2561A0SystemDoubleA0SystemRuntimeIntrinsicsVector256AsA0SystemDoubleA0SystemDoubleA0A0SystemRuntimeIntrinsicsVector2561A0SystemDouble', ID = '8321'
Method 'A0A0SystemRuntimeIntrinsicsVector2561A0SystemByteA0SystemRuntimeIntrinsicsVector256AsA0SystemDoubleA0SystemByteA0A0SystemRuntimeIntrinsicsVector2561A0SystemDouble', ID = '8322'
Method 'A0A0SystemRuntimeIntrinsicsVector1281A0SystemDoubleA0SystemRuntimeIntrinsicsVector128AsA0SystemInt32A0SystemDoubleA0A0SystemRuntimeIntrinsicsVector1281A0SystemInt32', ID = '8323'
Method 'A0A0SystemRuntimeIntrinsicsVector1281A0SystemByteA0SystemRuntimeIntrinsicsVector128AsA0SystemInt32A0SystemByteA0A0SystemRuntimeIntrinsicsVector1281A0SystemInt32', ID = '8324'
Method 'SystemVoidA0SystemRandomctorA0SystemBoolean', ID = '8326'
Method 'A0SystemVoidA0SystemMathThrowAbsOverflow', ID = '8328'
Method 'A0SystemVoidA8A8CosmosIL2CPUSZArrayImpl1GetEnumeratord__0A0SystemBooleanSystemIDisposableDispose', ID = '8332'
Method 'A0SystemBooleanA8A8CosmosIL2CPUSZArrayImpl1GetEnumeratord__0A0SystemBooleanMoveNext', ID = '8333'
Method 'SystemVoidA0A0SystemCollectionsGenericEqualityComparer1A0A0SystemCollectionsGenericKeyValuePair2A0SystemStringA0SystemBooleancctor', ID = '8334'
Method 'A0SystemBooleanA0SystemMemoryExtensionsOverlapsA0SystemCharA0A0SystemReadOnlySpan1A0SystemCharA0A0SystemReadOnlySpan1A0SystemChar', ID = '8336'
Method 'A0SystemStringA0SystemSRget_InvalidOperation_SpanOverlappedOperation', ID = '8337'
Method 'A0SystemVoidA0SystemGlobalizationInvariantModeCasingToUpperA0A0SystemReadOnlySpan1A0SystemCharA0A0SystemSpan1A0SystemChar', ID = '8338'
Method 'A0SystemVoidA0SystemGlobalizationTextInfoChangeCaseToUpperA0A0SystemReadOnlySpan1A0SystemCharA0A0SystemSpan1A0SystemChar', ID = '8339'
Method 'A0SystemVoidA0SystemGlobalizationOrdinalCasingToUpperOrdinalA0A0SystemReadOnlySpan1A0SystemCharA0A0SystemSpan1A0SystemChar', ID = '8340'
Method 'A0SystemCharA0InternalRuntimeCompilerServicesUnsafeNullRefA0SystemChar', ID = '8341'
Method 'A0A0SystemValueTuple2A0SystemUInt32A0SystemInt32A0SystemGlobalizationInvariantModeCasingGetScalarA0SystemCharA0SystemInt32A0SystemInt32', ID = '8343'
Method 'A0SystemUInt32A0SystemGlobalizationCharUnicodeInfoToUpperA0SystemUInt32', ID = '8345'
Method 'A0SystemStringA0SystemSRget_Arg_ExternalException', ID = '8347'
Method 'A0SystemBooleanA0SystemCharIsLowSurrogateA0SystemChar', ID = '8349'
Method 'A0SystemCharA0SystemGlobalizationOrdinalCasingToUpperA0SystemChar', ID = '8350'
Method 'A0SystemUInt32A0SystemTextUnicodeUtilityGetScalarFromUtf16SurrogatePairA0SystemUInt32A0SystemUInt32', ID = '8351'
Method 'SystemVoidA0A0SystemCollectionsGenericEqualityComparer1A0A0SystemCollectionsGenericDictionary2EntryA0SystemStringA0SystemObjectcctor', ID = '8352'
Method 'A0SystemStringA0A0SystemCollectionsGenericKeyValuePair2A0SystemStringA0SystemObjectget_Key', ID = '8354'
Method 'A0SystemObjectA0A0SystemCollectionsGenericKeyValuePair2A0SystemStringA0SystemObjectget_Value', ID = '8355'
Method 'A0SystemVoidA8A8CosmosIL2CPUSZArrayImpl1GetEnumeratord__0A0A0SystemCollectionsGenericKeyValuePair2A0SystemStringA0SystemObjectSystemIDisposableDispose', ID = '8360'
Method 'A0SystemBooleanA8A8CosmosIL2CPUSZArrayImpl1GetEnumeratord__0A0A0SystemCollectionsGenericKeyValuePair2A0SystemStringA0SystemObjectMoveNext', ID = '8361'
Method 'A0A0SystemCollectionsGenericIEnumerator1A0A0SystemThreadingTasksTask1A0SystemInt32A0SystemSZArrayHelperGetEnumeratorA0A0SystemThreadingTasksTask1A0SystemInt32', ID = '8362'
Method 'A0SystemVoidA0SystemSZArrayHelperCopyToA0A0SystemThreadingTasksTask1A0SystemInt32A0A0A0SystemThreadingTasksTask1A0SystemInt32arrayA0SystemInt32', ID = '8363'
Method 'A0SystemInt32A0SystemSZArrayHelperget_CountA0A0SystemThreadingTasksTask1A0SystemInt32', ID = '8364'
Method 'A0A0SystemThreadingTasksTask1A0SystemInt32A0SystemSZArrayHelperget_ItemA0A0SystemThreadingTasksTask1A0SystemInt32A0SystemInt32', ID = '8365'
Method 'A0SystemVoidA0SystemSZArrayHelperset_ItemA0A0SystemThreadingTasksTask1A0SystemInt32A0SystemInt32A0A0SystemThreadingTasksTask1A0SystemInt32', ID = '8366'
Method 'A0SystemVoidA0SystemSZArrayHelperAddA0A0SystemThreadingTasksTask1A0SystemInt32A0A0SystemThreadingTasksTask1A0SystemInt32', ID = '8367'
Method 'A0SystemBooleanA0SystemSZArrayHelperContainsA0A0SystemThreadingTasksTask1A0SystemInt32A0A0SystemThreadingTasksTask1A0SystemInt32', ID = '8368'
Method 'A0SystemBooleanA0SystemSZArrayHelperget_IsReadOnlyA0A0SystemThreadingTasksTask1A0SystemInt32', ID = '8369'
Method 'A0SystemVoidA0SystemSZArrayHelperClearA0A0SystemThreadingTasksTask1A0SystemInt32', ID = '8370'
Method 'A0SystemInt32A0SystemSZArrayHelperIndexOfA0A0SystemThreadingTasksTask1A0SystemInt32A0A0SystemThreadingTasksTask1A0SystemInt32', ID = '8371'
Method 'A0SystemVoidA0SystemSZArrayHelperInsertA0A0SystemThreadingTasksTask1A0SystemInt32A0SystemInt32A0A0SystemThreadingTasksTask1A0SystemInt32', ID = '8372'
Method 'A0SystemBooleanA0SystemSZArrayHelperRemoveA0A0SystemThreadingTasksTask1A0SystemInt32A0A0SystemThreadingTasksTask1A0SystemInt32', ID = '8373'
Method 'A0SystemVoidA0SystemSZArrayHelperRemoveAtA0A0SystemThreadingTasksTask1A0SystemInt32A0SystemInt32', ID = '8374'
Method 'SystemVoidA0A0SystemThreadingTasksTask1A0SystemInt32cctor', ID = '8381'
Method 'SystemVoidA0A0SystemThreadingTasksTask1A0SystemInt32ctorA0SystemBooleanA0SystemInt32A0SystemThreadingTasksTaskCreationOptionsA0SystemThreadingCancellationToken', ID = '8382'
Method 'SystemVoidA0A0SystemCollectionsGenericEqualityComparer1A0SystemThreadingIAsyncLocalcctor', ID = '8383'
Method 'A0SystemVoidA8A8CosmosIL2CPUSZArrayImpl1GetEnumeratord__0A0SystemRuntimeExceptionServicesExceptionDispatchInfoSystemIDisposableDispose', ID = '8389'
Method 'A0SystemBooleanA8A8CosmosIL2CPUSZArrayImpl1GetEnumeratord__0A0SystemRuntimeExceptionServicesExceptionDispatchInfoMoveNext', ID = '8390'
Method 'SystemVoidA0SystemThreadingTimerQueueTimercompilergeneratedcctor', ID = '8391'
Method 'A0SystemBooleanA0SystemEnvironmentget_IsWindows8OrAbove', ID = '8392'
Method 'A0SystemDateTimeA3CosmosSystem_PlugsSystemDateTimeImplget_UtcNow', ID = '8395'
Method 'SystemVoidA0SystemThreadingTimerQueuectorA0SystemInt32', ID = '8399'
Method 'A0SystemInt32A2CosmosCore_PlugsSystemThreadingInterlockedImplExchangeA0SystemInt32A0SystemInt32', ID = '8400'
Method 'A0SystemThreadingVolatileVolatileInt32A0InternalRuntimeCompilerServicesUnsafeAsA0SystemInt32A0SystemThreadingVolatileVolatileInt32A0SystemInt32', ID = '8402'
Method 'SystemVoidA0SystemThreadingSpinWaitcctor', ID = '8404'
Method 'A0SystemVoidA3CosmosSystem_PlugsSystemThreadingSpinWaitImplSpinOnce', ID = '8405'
Method 'A0SystemThreadingVolatileVolatileIntPtrA0InternalRuntimeCompilerServicesUnsafeAsA0SystemInt64A0SystemThreadingVolatileVolatileIntPtrA0SystemInt64', ID = '8406'
Method 'A0SystemInt64A0SystemIntPtrop_ExplicitA0SystemIntPtr', ID = '8408'
Method 'SystemVoidA0A0SystemCollectionsGenericEqualityComparer1A0SystemThreadingTasksTaskcctor', ID = '8409'
Method 'A0SystemUIntPtrA0SystemTextASCIIUtilityWidenAsciiToUtf16A0SystemBytepointerA0SystemCharpointerA0SystemUIntPtr', ID = '8411'
Method 'A0SystemBuffersOperationStatusA0SystemTextUnicodeUtf8UtilityTranscodeToUtf16A0SystemBytepointerA0SystemInt32A0SystemCharpointerA0SystemInt32A0SystemBytepointerA0SystemCharpointer', ID = '8412'
Method 'A0SystemInt32A0SystemTextASCIIEncodingGetCharsWithFallbackA0A0SystemReadOnlySpan1A0SystemByteA0SystemInt32A0A0SystemSpan1A0SystemCharA0SystemInt32A0SystemTextDecoderNLS', ID = '8414'
Method 'A0SystemInt32A0SystemTextUTF8EncodingGetCharsWithFallbackA0A0SystemReadOnlySpan1A0SystemByteA0SystemInt32A0A0SystemSpan1A0SystemCharA0SystemInt32A0SystemTextDecoderNLS', ID = '8415'
Method 'A0SystemTextDecoderFallbackBufferA0SystemTextDecoderFallbackBufferCreateAndInitializeA0SystemTextEncodingA0SystemTextDecoderNLSA0SystemInt32', ID = '8416'
Method 'A0SystemBuffersOperationStatusA0SystemTextEncodingDecodeFirstRuneA0A0SystemReadOnlySpan1A0SystemByteA0SystemTextRuneA0SystemInt32', ID = '8417'
Method 'A0SystemBooleanA0SystemTextDecoderNLSget_MustFlush', ID = '8418'
Method 'A0SystemVoidA0SystemTextDecoderNLSSetLeftoverDataA0A0SystemReadOnlySpan1A0SystemByte', ID = '8419'
Method 'A0A0SystemReadOnlySpan1A0SystemByteA0A0SystemReadOnlySpan1A0SystemByteget_Empty', ID = '8420'
Method 'A0SystemBooleanA0SystemTextDecoderFallbackBufferTryInternalFallbackGetCharsA0A0SystemReadOnlySpan1A0SystemByteA0SystemInt32A0A0SystemSpan1A0SystemCharA0SystemInt32', ID = '8421'
Method 'A0SystemBooleanA0A0SystemReadOnlySpan1A0SystemByteget_IsEmpty', ID = '8422'
Method 'A0SystemVoidA0SystemTextEncodingThrowCharsOverflowA0SystemTextDecoderNLSA0SystemBoolean', ID = '8423'
Method 'A0SystemInt32A0SystemTextEncodingGetCharCountFastA0SystemBytepointerA0SystemInt32A0SystemTextDecoderFallbackA0SystemInt32', ID = '8424'
Method 'A0SystemInt32A0SystemTextEncodingGetCharCountWithFallbackA0SystemBytepointerA0SystemInt32A0SystemInt32', ID = '8425'
Method 'A0SystemVoidA0SystemTextEncodingThrowConversionOverflow', ID = '8426'
Method 'A0A0SystemChararrayA4CosmosSystemExtendedASCIISingleByteEncodingget_CodePageTable', ID = '8427'
Method 'SystemVoidA0A0SystemCollectionsGenericEqualityComparer1A6CosmosHALBlockDeviceRegistersHBAPRDTEntrycctor', ID = '8428'
Method 'SystemVoidA0SystemRuntimeCompilerServicesQCallAssemblyctorA0SystemReflectionRuntimeAssembly', ID = '8430'
Method 'A0SystemStringA0SystemThreadingInterlockedCompareExchangeA0SystemStringA0SystemStringA0SystemStringA0SystemString', ID = '8432'
Method 'A0SystemStringA0SystemSRget_InvalidOperation_EnumEnded', ID = '8433'
Method 'A0SystemStringA0SystemSRget_InvalidOperation_EnumNotStarted', ID = '8434'
Method 'SystemVoidA0A0SystemCollectionsGenericEqualityComparer1A4CosmosSystemKeyMappingcctor', ID = '8435'
Method 'SystemVoidA0A0SystemCollectionsGenericEqualityComparer1A0A0SystemCollectionsGenericKeyValuePair2A0SystemInt32A0SystemUInt32cctor', ID = '8437'
Method 'A0SystemBooleanA0SystemTypeIsRuntimeImplemented', ID = '8445'
Method 'A0SystemStringA0SystemSRget_Argument_MustBeRuntimeType', ID = '8446'
Method 'A0SystemVoidA0SystemResourcesResourceManagerCommonAssemblyInit', ID = '8447'
Method 'SystemVoidA0SystemTextEncoderExceptionFallbackctor', ID = '8449'
Method 'SystemVoidA0SystemTextDecoderExceptionFallbackctor', ID = '8450'
Method 'A0SystemBooleanA2CosmosCore_PlugsSystemRuntimeCompilerServicesRuntimeHelpersImplIsReferenceOrContainsReferencesA4CosmosSystemKeyEvent', ID = '8451'
Method 'A0SystemVoidA14A14SystemCollectionsGenericStack1A4CosmosSystemKeyEventGrowA0SystemInt32', ID = '8452'
Method 'A0A0SystemBytearrayA0SystemTextUTF8EncodingUTF8EncodingSealedGetBytesForSmallInputA0SystemString', ID = '8453'
Method 'A0SystemInt32A0SystemTextASCIIEncodingGetByteCountA0SystemString', ID = '8454'
Method 'A0SystemInt32A0SystemTextUTF8EncodingGetByteCountA0SystemString', ID = '8455'
Method 'A0SystemInt32A4CosmosSystemConsoleConsoleEncodingGetByteCountA0SystemString', ID = '8456'
Method 'A0SystemInt32A0SystemTextASCIIEncodingGetBytesA0SystemStringA0SystemInt32A0SystemInt32A0A0SystemBytearrayA0SystemInt32', ID = '8457'
Method 'A0SystemInt32A0SystemTextUTF8EncodingGetBytesA0SystemStringA0SystemInt32A0SystemInt32A0A0SystemBytearrayA0SystemInt32', ID = '8458'
Method 'A0SystemInt32A4CosmosSystemConsoleConsoleEncodingGetBytesA0SystemStringA0SystemInt32A0SystemInt32A0A0SystemBytearrayA0SystemInt32', ID = '8459'
Method 'A0A0SystemBytearrayA4CosmosSystemConsoleConsoleEncodingGetBytesA0A0SystemChararrayA0SystemInt32A0SystemInt32', ID = '8460'
Method 'A0SystemStringA14SystemSRGetResourceStringA0SystemString', ID = '8462'
Method 'A0A0SystemRuntimeIntrinsicsVector1281A0SystemSingleA0InternalRuntimeCompilerServicesUnsafeAsA0A0SystemRuntimeIntrinsicsVector1281A0SystemUInt64A0A0SystemRuntimeIntrinsi79DA1898309C18359F74D29E26B479E8', ID = '8463'
Method 'A0A0SystemRuntimeIntrinsicsVector1281A0SystemDoubleA0InternalRuntimeCompilerServicesUnsafeAsA0A0SystemRuntimeIntrinsicsVector1281A0SystemUInt64A0A0SystemRuntimeIntrinsiA6B4011090C603B74297E645D271DEBF', ID = '8464'
Method 'A0SystemBooleanA0SystemUInt64EqualsA0SystemUInt64', ID = '8465'
Method 'A0A0SystemRuntimeIntrinsicsVector1281A0SystemSingleA0InternalRuntimeCompilerServicesUnsafeAsA0A0SystemRuntimeIntrinsicsVector1281A0SystemUInt32A0A0SystemRuntimeIntrinsi28BA464AA23735000765A9BB64427BD2', ID = '8466'
Method 'A0A0SystemRuntimeIntrinsicsVector1281A0SystemDoubleA0InternalRuntimeCompilerServicesUnsafeAsA0A0SystemRuntimeIntrinsicsVector1281A0SystemUInt32A0A0SystemRuntimeIntrinsi8B2F6465D4ABC0C982D6E899B0FB69F0', ID = '8467'
Method 'A0A0SystemRuntimeIntrinsicsVector1281A0SystemByteA0InternalRuntimeCompilerServicesUnsafeAsA0A0SystemRuntimeIntrinsicsVector1281A0SystemUInt32A0A0SystemRuntimeIntrinsicsE75D4B5A5A898F59B11184FF8F6716FC', ID = '8468'
Method 'A0SystemBooleanA0SystemUInt32EqualsA0SystemUInt32', ID = '8469'
Method 'A0SystemStringA3CosmosSystem_PlugsSystemIOPathImplNormalizePathA0SystemStringA0SystemBoolean', ID = '8472'
Method 'A0SystemStringA3CosmosSystem_PlugsSystemIOPathImplGetFileNameA0SystemString', ID = '8475'
Method 'A0SystemStringA2CosmosCore_PlugsSystemStringImplToUpper', ID = '8478'
Method 'A0SystemInt64A3CosmosSystem_PlugsSystemIOFileStreamImplSeekA0SystemIOStreamA0SystemInt64A0SystemIOSeekOrigin', ID = '8479'
Method 'A0SystemVoidA3CosmosSystem_PlugsSystemIOFileStreamImplset_PositionA0SystemIOStreamA0SystemInt64', ID = '8481'
Method 'A0SystemVoidA3CosmosSystem_PlugsSystemIOFileStreamImplSetLengthA0SystemInt64A0SystemIOStream', ID = '8482'
Method 'SystemVoidA0A0SystemCollectionsGenericEqualityComparer1A0SystemTypecctor', ID = '8483'
Method 'A0A0A0SystemReflectionRuntimeMethodInfoarrayarrayA0InternalRuntimeCompilerServicesUnsafeAsA0A0A0SystemReflectionRuntimeMethodInfoarrayarrayA0SystemObject', ID = '8486'
Method 'SystemVoidA0A0SystemSZGenericArrayEnumerator1A0A0SystemReflectionRuntimeMethodInfoarrayctorA0A0A0SystemReflectionRuntimeMethodInfoarrayarray', ID = '8487'
Method 'A0SystemInt32A0SystemArrayIndexOfA0A0SystemReflectionRuntimeMethodInfoarrayA0A0A0SystemReflectionRuntimeMethodInfoarrayarrayA0A0SystemReflectionRuntimeMethodInfoarrayA0SystemInt32A0SystemInt32', ID = '8490'
Method 'A0A0SystemCollectionsGenericIEnumerator1A0A0SystemReflectionRuntimeMethodInfoarrayA8A8CosmosIL2CPUSZArrayImpl1A0A0SystemReflectionRuntimeMethodInfoarrayGetEnumerator', ID = '8491'
Method 'A0SystemVoidA8A8CosmosIL2CPUSZArrayImpl1A0A0SystemReflectionRuntimeMethodInfoarrayCopyToA0A0A0SystemReflectionRuntimeMethodInfoarrayarrayA0SystemInt32', ID = '8492'
Method 'A0SystemInt32A8A8CosmosIL2CPUSZArrayImpl1A0A0SystemReflectionRuntimeMethodInfoarrayget_Count', ID = '8493'
Method 'A0A0SystemReflectionRuntimeMethodInfoarrayA8A8CosmosIL2CPUSZArrayImpl1A0A0SystemReflectionRuntimeMethodInfoarrayget_ItemA0SystemInt32', ID = '8494'
Method 'A0SystemVoidA8A8CosmosIL2CPUSZArrayImpl1A0A0SystemReflectionRuntimeMethodInfoarrayset_ItemA0SystemInt32A0A0SystemReflectionRuntimeMethodInfoarray', ID = '8495'
Method 'A0SystemVoidA8A8CosmosIL2CPUSZArrayImpl1A0A0SystemReflectionRuntimeMethodInfoarrayAddA0A0SystemReflectionRuntimeMethodInfoarray', ID = '8496'
Method 'A0SystemBooleanA8A8CosmosIL2CPUSZArrayImpl1A0A0SystemReflectionRuntimeMethodInfoarrayContainsA0A0SystemReflectionRuntimeMethodInfoarray', ID = '8497'
Method 'A0SystemBooleanA8A8CosmosIL2CPUSZArrayImpl1A0A0SystemReflectionRuntimeMethodInfoarrayget_IsReadOnly', ID = '8498'
Method 'A0SystemVoidA8A8CosmosIL2CPUSZArrayImpl1A0A0SystemReflectionRuntimeMethodInfoarrayClear', ID = '8499'
Method 'A0SystemInt32A8A8CosmosIL2CPUSZArrayImpl1A0A0SystemReflectionRuntimeMethodInfoarrayIndexOfA0A0SystemReflectionRuntimeMethodInfoarray', ID = '8500'
Method 'A0SystemVoidA8A8CosmosIL2CPUSZArrayImpl1A0A0SystemReflectionRuntimeMethodInfoarrayInsertA0SystemInt32A0A0SystemReflectionRuntimeMethodInfoarray', ID = '8501'
Method 'A0SystemVoidA8A8CosmosIL2CPUSZArrayImpl1A0A0SystemReflectionRuntimeMethodInfoarrayRemoveAtA0SystemInt32', ID = '8502'
Method 'A0SystemBooleanA8A8CosmosIL2CPUSZArrayImpl1A0A0SystemReflectionRuntimeMethodInfoarrayget_IsFixedSize', ID = '8503'
Method 'A0SystemVoidA8A8CosmosIL2CPUSZArrayImpl1A0A0SystemReflectionRuntimeMethodInfoarrayRemoveA0A0SystemReflectionRuntimeMethodInfoarray', ID = '8504'
Method 'A0SystemObjectA8A8CosmosIL2CPUSZArrayImpl1A0A0SystemReflectionRuntimeMethodInfoarrayget_SyncRoot', ID = '8505'
Method 'A0SystemBooleanA8A8CosmosIL2CPUSZArrayImpl1A0A0SystemReflectionRuntimeMethodInfoarrayget_IsSynchronized', ID = '8506'
Method 'A0SystemBooleanA0SystemReflectionMethodInfoEqualsA0SystemObject', ID = '8507'
Method 'A0SystemInt32A0SystemReflectionMethodInfoGetHashCode', ID = '8508'
Method 'A0A0SystemCollectionsGenericIEnumerator1A0SystemReflectionParameterInfoA0SystemSZArrayHelperGetEnumeratorA0SystemReflectionParameterInfo', ID = '8509'
Method 'A0SystemVoidA0SystemSZArrayHelperCopyToA0SystemReflectionParameterInfoA0A0SystemReflectionParameterInfoarrayA0SystemInt32', ID = '8510'
Method 'A0SystemInt32A0SystemSZArrayHelperget_CountA0SystemReflectionParameterInfo', ID = '8511'
Method 'A0SystemReflectionParameterInfoA0SystemSZArrayHelperget_ItemA0SystemReflectionParameterInfoA0SystemInt32', ID = '8512'
Method 'A0SystemVoidA0SystemSZArrayHelperset_ItemA0SystemReflectionParameterInfoA0SystemInt32A0SystemReflectionParameterInfo', ID = '8513'
Method 'A0SystemVoidA0SystemSZArrayHelperAddA0SystemReflectionParameterInfoA0SystemReflectionParameterInfo', ID = '8514'
Method 'A0SystemBooleanA0SystemSZArrayHelperContainsA0SystemReflectionParameterInfoA0SystemReflectionParameterInfo', ID = '8515'
Method 'A0SystemBooleanA0SystemSZArrayHelperget_IsReadOnlyA0SystemReflectionParameterInfo', ID = '8516'
Method 'A0SystemVoidA0SystemSZArrayHelperClearA0SystemReflectionParameterInfo', ID = '8517'
Method 'A0SystemInt32A0SystemSZArrayHelperIndexOfA0SystemReflectionParameterInfoA0SystemReflectionParameterInfo', ID = '8518'
Method 'A0SystemVoidA0SystemSZArrayHelperInsertA0SystemReflectionParameterInfoA0SystemInt32A0SystemReflectionParameterInfo', ID = '8519'
Method 'A0SystemBooleanA0SystemSZArrayHelperRemoveA0SystemReflectionParameterInfoA0SystemReflectionParameterInfo', ID = '8520'
Method 'A0SystemVoidA0SystemSZArrayHelperRemoveAtA0SystemReflectionParameterInfoA0SystemInt32', ID = '8521'
Method 'A0SystemStringA0SystemReflectionParameterInfoToString', ID = '8529'
Method 'A0SystemStringA3CosmosSystem_PlugsSystemReflectionRuntimeMethodInfoImplToString', ID = '8531'
Method 'A0SystemBooleanA3CosmosSystem_PlugsSystemReflectionRuntimeMethodInfoImplEqualsA0SystemObject', ID = '8533'
Method 'A0SystemBooleanA0SystemReflectionMethodBaseget_IsGenericMethod', ID = '8534'
Method 'A0SystemInt32A3CosmosSystem_PlugsSystemReflectionRuntimeMethodInfoImplget_MetadataToken', ID = '8535'
Method 'A0SystemVoidA8A8CosmosIL2CPUSZArrayImpl1GetEnumeratord__0A0SystemReflectionRuntimeMethodInfoSystemIDisposableDispose', ID = '8540'
Method 'A0SystemBooleanA8A8CosmosIL2CPUSZArrayImpl1GetEnumeratord__0A0SystemReflectionRuntimeMethodInfoMoveNext', ID = '8541'
Method 'A0A0A0SystemReflectionRuntimeConstructorInfoarrayarrayA0InternalRuntimeCompilerServicesUnsafeAsA0A0A0SystemReflectionRuntimeConstructorInfoarrayarrayA0SystemObject', ID = '8543'
Method 'SystemVoidA0A0SystemSZGenericArrayEnumerator1A0A0SystemReflectionRuntimeConstructorInfoarrayctorA0A0A0SystemReflectionRuntimeConstructorInfoarrayarray', ID = '8544'
Method 'A0SystemInt32A0SystemArrayIndexOfA0A0SystemReflectionRuntimeConstructorInfoarrayA0A0A0SystemReflectionRuntimeConstructorInfoarrayarrayA0A0SystemReflectionRuntimeConstru69E0141EEE6457B8B80CA9AF9FA045DD', ID = '8547'
Method 'A0A0SystemCollectionsGenericIEnumerator1A0A0SystemReflectionRuntimeConstructorInfoarrayA8A8CosmosIL2CPUSZArrayImpl1A0A0SystemReflectionRuntimeConstructorInfoarrayGetEnumerator', ID = '8548'
Method 'A0SystemVoidA8A8CosmosIL2CPUSZArrayImpl1A0A0SystemReflectionRuntimeConstructorInfoarrayCopyToA0A0A0SystemReflectionRuntimeConstructorInfoarrayarrayA0SystemInt32', ID = '8549'
Method 'A0SystemInt32A8A8CosmosIL2CPUSZArrayImpl1A0A0SystemReflectionRuntimeConstructorInfoarrayget_Count', ID = '8550'
Method 'A0A0SystemReflectionRuntimeConstructorInfoarrayA8A8CosmosIL2CPUSZArrayImpl1A0A0SystemReflectionRuntimeConstructorInfoarrayget_ItemA0SystemInt32', ID = '8551'
Method 'A0SystemVoidA8A8CosmosIL2CPUSZArrayImpl1A0A0SystemReflectionRuntimeConstructorInfoarrayset_ItemA0SystemInt32A0A0SystemReflectionRuntimeConstructorInfoarray', ID = '8552'
Method 'A0SystemVoidA8A8CosmosIL2CPUSZArrayImpl1A0A0SystemReflectionRuntimeConstructorInfoarrayAddA0A0SystemReflectionRuntimeConstructorInfoarray', ID = '8553'
Method 'A0SystemBooleanA8A8CosmosIL2CPUSZArrayImpl1A0A0SystemReflectionRuntimeConstructorInfoarrayContainsA0A0SystemReflectionRuntimeConstructorInfoarray', ID = '8554'
Method 'A0SystemBooleanA8A8CosmosIL2CPUSZArrayImpl1A0A0SystemReflectionRuntimeConstructorInfoarrayget_IsReadOnly', ID = '8555'
Method 'A0SystemVoidA8A8CosmosIL2CPUSZArrayImpl1A0A0SystemReflectionRuntimeConstructorInfoarrayClear', ID = '8556'
Method 'A0SystemInt32A8A8CosmosIL2CPUSZArrayImpl1A0A0SystemReflectionRuntimeConstructorInfoarrayIndexOfA0A0SystemReflectionRuntimeConstructorInfoarray', ID = '8557'
Method 'A0SystemVoidA8A8CosmosIL2CPUSZArrayImpl1A0A0SystemReflectionRuntimeConstructorInfoarrayInsertA0SystemInt32A0A0SystemReflectionRuntimeConstructorInfoarray', ID = '8558'
Method 'A0SystemVoidA8A8CosmosIL2CPUSZArrayImpl1A0A0SystemReflectionRuntimeConstructorInfoarrayRemoveAtA0SystemInt32', ID = '8559'
Method 'A0SystemBooleanA8A8CosmosIL2CPUSZArrayImpl1A0A0SystemReflectionRuntimeConstructorInfoarrayget_IsFixedSize', ID = '8560'
Method 'A0SystemVoidA8A8CosmosIL2CPUSZArrayImpl1A0A0SystemReflectionRuntimeConstructorInfoarrayRemoveA0A0SystemReflectionRuntimeConstructorInfoarray', ID = '8561'
Method 'A0SystemObjectA8A8CosmosIL2CPUSZArrayImpl1A0A0SystemReflectionRuntimeConstructorInfoarrayget_SyncRoot', ID = '8562'
Method 'A0SystemBooleanA8A8CosmosIL2CPUSZArrayImpl1A0A0SystemReflectionRuntimeConstructorInfoarrayget_IsSynchronized', ID = '8563'
Method 'SystemVoidA0SystemReflectionConstructorInfocctor', ID = '8564'
Method 'SystemVoidA0SystemTextValueStringBuilderctorA0SystemInt32', ID = '8565'
Method 'A0A0SystemTypearrayA0SystemReflectionMethodBaseGetParameterTypes', ID = '8566'
Method 'A0SystemReflectionCallingConventionsA0SystemReflectionMethodBaseget_CallingConvention', ID = '8567'
Method 'A0SystemVoidA0SystemReflectionMethodBaseAppendParametersA0SystemTextValueStringBuilderA0A0SystemTypearrayA0SystemReflectionCallingConventions', ID = '8568'
Method 'A0SystemInt32A3CosmosSystem_PlugsSystemReflectionRuntimeConstructorInfoImplget_MetadataToken', ID = '8569'
Method 'A0SystemVoidA8A8CosmosIL2CPUSZArrayImpl1GetEnumeratord__0A0SystemReflectionRuntimeConstructorInfoSystemIDisposableDispose', ID = '8574'
Method 'A0SystemBooleanA8A8CosmosIL2CPUSZArrayImpl1GetEnumeratord__0A0SystemReflectionRuntimeConstructorInfoMoveNext', ID = '8575'
Method 'A0A0A0SystemReflectionRuntimeFieldInfoarrayarrayA0InternalRuntimeCompilerServicesUnsafeAsA0A0A0SystemReflectionRuntimeFieldInfoarrayarrayA0SystemObject', ID = '8577'
Method 'SystemVoidA0A0SystemSZGenericArrayEnumerator1A0A0SystemReflectionRuntimeFieldInfoarrayctorA0A0A0SystemReflectionRuntimeFieldInfoarrayarray', ID = '8578'
Method 'A0SystemInt32A0SystemArrayIndexOfA0A0SystemReflectionRuntimeFieldInfoarrayA0A0A0SystemReflectionRuntimeFieldInfoarrayarrayA0A0SystemReflectionRuntimeFieldInfoarrayA0SystemInt32A0SystemInt32', ID = '8581'
Method 'A0A0SystemCollectionsGenericIEnumerator1A0A0SystemReflectionRuntimeFieldInfoarrayA8A8CosmosIL2CPUSZArrayImpl1A0A0SystemReflectionRuntimeFieldInfoarrayGetEnumerator', ID = '8582'
Method 'A0SystemVoidA8A8CosmosIL2CPUSZArrayImpl1A0A0SystemReflectionRuntimeFieldInfoarrayCopyToA0A0A0SystemReflectionRuntimeFieldInfoarrayarrayA0SystemInt32', ID = '8583'
Method 'A0SystemInt32A8A8CosmosIL2CPUSZArrayImpl1A0A0SystemReflectionRuntimeFieldInfoarrayget_Count', ID = '8584'
Method 'A0A0SystemReflectionRuntimeFieldInfoarrayA8A8CosmosIL2CPUSZArrayImpl1A0A0SystemReflectionRuntimeFieldInfoarrayget_ItemA0SystemInt32', ID = '8585'
Method 'A0SystemVoidA8A8CosmosIL2CPUSZArrayImpl1A0A0SystemReflectionRuntimeFieldInfoarrayset_ItemA0SystemInt32A0A0SystemReflectionRuntimeFieldInfoarray', ID = '8586'
Method 'A0SystemVoidA8A8CosmosIL2CPUSZArrayImpl1A0A0SystemReflectionRuntimeFieldInfoarrayAddA0A0SystemReflectionRuntimeFieldInfoarray', ID = '8587'
Method 'A0SystemBooleanA8A8CosmosIL2CPUSZArrayImpl1A0A0SystemReflectionRuntimeFieldInfoarrayContainsA0A0SystemReflectionRuntimeFieldInfoarray', ID = '8588'
Method 'A0SystemBooleanA8A8CosmosIL2CPUSZArrayImpl1A0A0SystemReflectionRuntimeFieldInfoarrayget_IsReadOnly', ID = '8589'
Method 'A0SystemVoidA8A8CosmosIL2CPUSZArrayImpl1A0A0SystemReflectionRuntimeFieldInfoarrayClear', ID = '8590'
Method 'A0SystemInt32A8A8CosmosIL2CPUSZArrayImpl1A0A0SystemReflectionRuntimeFieldInfoarrayIndexOfA0A0SystemReflectionRuntimeFieldInfoarray', ID = '8591'
Method 'A0SystemVoidA8A8CosmosIL2CPUSZArrayImpl1A0A0SystemReflectionRuntimeFieldInfoarrayInsertA0SystemInt32A0A0SystemReflectionRuntimeFieldInfoarray', ID = '8592'
Method 'A0SystemVoidA8A8CosmosIL2CPUSZArrayImpl1A0A0SystemReflectionRuntimeFieldInfoarrayRemoveAtA0SystemInt32', ID = '8593'
Method 'A0SystemBooleanA8A8CosmosIL2CPUSZArrayImpl1A0A0SystemReflectionRuntimeFieldInfoarrayget_IsFixedSize', ID = '8594'
Method 'A0SystemVoidA8A8CosmosIL2CPUSZArrayImpl1A0A0SystemReflectionRuntimeFieldInfoarrayRemoveA0A0SystemReflectionRuntimeFieldInfoarray', ID = '8595'
Method 'A0SystemObjectA8A8CosmosIL2CPUSZArrayImpl1A0A0SystemReflectionRuntimeFieldInfoarrayget_SyncRoot', ID = '8596'
Method 'A0SystemBooleanA8A8CosmosIL2CPUSZArrayImpl1A0A0SystemReflectionRuntimeFieldInfoarrayget_IsSynchronized', ID = '8597'
Method 'A0SystemStringA0SystemTypeFormatTypeName', ID = '8599'
Method 'A0SystemVoidA8A8CosmosIL2CPUSZArrayImpl1GetEnumeratord__0A0SystemReflectionRuntimeFieldInfoSystemIDisposableDispose', ID = '8604'
Method 'A0SystemBooleanA8A8CosmosIL2CPUSZArrayImpl1GetEnumeratord__0A0SystemReflectionRuntimeFieldInfoMoveNext', ID = '8605'
Method 'A0A0A0SystemRuntimeTypearrayarrayA0InternalRuntimeCompilerServicesUnsafeAsA0A0A0SystemRuntimeTypearrayarrayA0SystemObject', ID = '8607'
Method 'SystemVoidA0A0SystemSZGenericArrayEnumerator1A0A0SystemRuntimeTypearrayctorA0A0A0SystemRuntimeTypearrayarray', ID = '8608'
Method 'A0SystemInt32A0SystemArrayIndexOfA0A0SystemRuntimeTypearrayA0A0A0SystemRuntimeTypearrayarrayA0A0SystemRuntimeTypearrayA0SystemInt32A0SystemInt32', ID = '8611'
Method 'A0A0SystemCollectionsGenericIEnumerator1A0A0SystemRuntimeTypearrayA8A8CosmosIL2CPUSZArrayImpl1A0A0SystemRuntimeTypearrayGetEnumerator', ID = '8612'
Method 'A0SystemVoidA8A8CosmosIL2CPUSZArrayImpl1A0A0SystemRuntimeTypearrayCopyToA0A0A0SystemRuntimeTypearrayarrayA0SystemInt32', ID = '8613'
Method 'A0SystemInt32A8A8CosmosIL2CPUSZArrayImpl1A0A0SystemRuntimeTypearrayget_Count', ID = '8614'
Method 'A0A0SystemRuntimeTypearrayA8A8CosmosIL2CPUSZArrayImpl1A0A0SystemRuntimeTypearrayget_ItemA0SystemInt32', ID = '8615'
Method 'A0SystemVoidA8A8CosmosIL2CPUSZArrayImpl1A0A0SystemRuntimeTypearrayset_ItemA0SystemInt32A0A0SystemRuntimeTypearray', ID = '8616'
Method 'A0SystemVoidA8A8CosmosIL2CPUSZArrayImpl1A0A0SystemRuntimeTypearrayAddA0A0SystemRuntimeTypearray', ID = '8617'
Method 'A0SystemBooleanA8A8CosmosIL2CPUSZArrayImpl1A0A0SystemRuntimeTypearrayContainsA0A0SystemRuntimeTypearray', ID = '8618'
Method 'A0SystemBooleanA8A8CosmosIL2CPUSZArrayImpl1A0A0SystemRuntimeTypearrayget_IsReadOnly', ID = '8619'
Method 'A0SystemVoidA8A8CosmosIL2CPUSZArrayImpl1A0A0SystemRuntimeTypearrayClear', ID = '8620'
Method 'A0SystemInt32A8A8CosmosIL2CPUSZArrayImpl1A0A0SystemRuntimeTypearrayIndexOfA0A0SystemRuntimeTypearray', ID = '8621'
Method 'A0SystemVoidA8A8CosmosIL2CPUSZArrayImpl1A0A0SystemRuntimeTypearrayInsertA0SystemInt32A0A0SystemRuntimeTypearray', ID = '8622'
Method 'A0SystemVoidA8A8CosmosIL2CPUSZArrayImpl1A0A0SystemRuntimeTypearrayRemoveAtA0SystemInt32', ID = '8623'
Method 'A0SystemBooleanA8A8CosmosIL2CPUSZArrayImpl1A0A0SystemRuntimeTypearrayget_IsFixedSize', ID = '8624'
Method 'A0SystemVoidA8A8CosmosIL2CPUSZArrayImpl1A0A0SystemRuntimeTypearrayRemoveA0A0SystemRuntimeTypearray', ID = '8625'
Method 'A0SystemObjectA8A8CosmosIL2CPUSZArrayImpl1A0A0SystemRuntimeTypearrayget_SyncRoot', ID = '8626'
Method 'A0SystemBooleanA8A8CosmosIL2CPUSZArrayImpl1A0A0SystemRuntimeTypearrayget_IsSynchronized', ID = '8627'
Method 'A0SystemVoidA8A8CosmosIL2CPUSZArrayImpl1GetEnumeratord__0A0SystemRuntimeTypeSystemIDisposableDispose', ID = '8632'
Method 'A0SystemBooleanA8A8CosmosIL2CPUSZArrayImpl1GetEnumeratord__0A0SystemRuntimeTypeMoveNext', ID = '8633'
Method 'A0A0A0SystemReflectionRuntimePropertyInfoarrayarrayA0InternalRuntimeCompilerServicesUnsafeAsA0A0A0SystemReflectionRuntimePropertyInfoarrayarrayA0SystemObject', ID = '8635'
Method 'SystemVoidA0A0SystemSZGenericArrayEnumerator1A0A0SystemReflectionRuntimePropertyInfoarrayctorA0A0A0SystemReflectionRuntimePropertyInfoarrayarray', ID = '8636'
Method 'A0SystemInt32A0SystemArrayIndexOfA0A0SystemReflectionRuntimePropertyInfoarrayA0A0A0SystemReflectionRuntimePropertyInfoarrayarrayA0A0SystemReflectionRuntimePropertyInfoarrayA0SystemInt32A0SystemInt32', ID = '8639'
Method 'A0A0SystemCollectionsGenericIEnumerator1A0A0SystemReflectionRuntimePropertyInfoarrayA8A8CosmosIL2CPUSZArrayImpl1A0A0SystemReflectionRuntimePropertyInfoarrayGetEnumerator', ID = '8640'
Method 'A0SystemVoidA8A8CosmosIL2CPUSZArrayImpl1A0A0SystemReflectionRuntimePropertyInfoarrayCopyToA0A0A0SystemReflectionRuntimePropertyInfoarrayarrayA0SystemInt32', ID = '8641'
Method 'A0SystemInt32A8A8CosmosIL2CPUSZArrayImpl1A0A0SystemReflectionRuntimePropertyInfoarrayget_Count', ID = '8642'
Method 'A0A0SystemReflectionRuntimePropertyInfoarrayA8A8CosmosIL2CPUSZArrayImpl1A0A0SystemReflectionRuntimePropertyInfoarrayget_ItemA0SystemInt32', ID = '8643'
Method 'A0SystemVoidA8A8CosmosIL2CPUSZArrayImpl1A0A0SystemReflectionRuntimePropertyInfoarrayset_ItemA0SystemInt32A0A0SystemReflectionRuntimePropertyInfoarray', ID = '8644'
Method 'A0SystemVoidA8A8CosmosIL2CPUSZArrayImpl1A0A0SystemReflectionRuntimePropertyInfoarrayAddA0A0SystemReflectionRuntimePropertyInfoarray', ID = '8645'
Method 'A0SystemBooleanA8A8CosmosIL2CPUSZArrayImpl1A0A0SystemReflectionRuntimePropertyInfoarrayContainsA0A0SystemReflectionRuntimePropertyInfoarray', ID = '8646'
Method 'A0SystemBooleanA8A8CosmosIL2CPUSZArrayImpl1A0A0SystemReflectionRuntimePropertyInfoarrayget_IsReadOnly', ID = '8647'
Method 'A0SystemVoidA8A8CosmosIL2CPUSZArrayImpl1A0A0SystemReflectionRuntimePropertyInfoarrayClear', ID = '8648'
Method 'A0SystemInt32A8A8CosmosIL2CPUSZArrayImpl1A0A0SystemReflectionRuntimePropertyInfoarrayIndexOfA0A0SystemReflectionRuntimePropertyInfoarray', ID = '8649'
Method 'A0SystemVoidA8A8CosmosIL2CPUSZArrayImpl1A0A0SystemReflectionRuntimePropertyInfoarrayInsertA0SystemInt32A0A0SystemReflectionRuntimePropertyInfoarray', ID = '8650'
Method 'A0SystemVoidA8A8CosmosIL2CPUSZArrayImpl1A0A0SystemReflectionRuntimePropertyInfoarrayRemoveAtA0SystemInt32', ID = '8651'
Method 'A0SystemBooleanA8A8CosmosIL2CPUSZArrayImpl1A0A0SystemReflectionRuntimePropertyInfoarrayget_IsFixedSize', ID = '8652'
Method 'A0SystemVoidA8A8CosmosIL2CPUSZArrayImpl1A0A0SystemReflectionRuntimePropertyInfoarrayRemoveA0A0SystemReflectionRuntimePropertyInfoarray', ID = '8653'
Method 'A0SystemObjectA8A8CosmosIL2CPUSZArrayImpl1A0A0SystemReflectionRuntimePropertyInfoarrayget_SyncRoot', ID = '8654'
Method 'A0SystemBooleanA8A8CosmosIL2CPUSZArrayImpl1A0A0SystemReflectionRuntimePropertyInfoarrayget_IsSynchronized', ID = '8655'
Method 'A0A0SystemCollectionsGenericIEnumerator1A0SystemReflectionMethodInfoA0SystemSZArrayHelperGetEnumeratorA0SystemReflectionMethodInfo', ID = '8656'
Method 'A0SystemVoidA0SystemSZArrayHelperCopyToA0SystemReflectionMethodInfoA0A0SystemReflectionMethodInfoarrayA0SystemInt32', ID = '8657'
Method 'A0SystemInt32A0SystemSZArrayHelperget_CountA0SystemReflectionMethodInfo', ID = '8658'
Method 'A0SystemReflectionMethodInfoA0SystemSZArrayHelperget_ItemA0SystemReflectionMethodInfoA0SystemInt32', ID = '8659'
Method 'A0SystemVoidA0SystemSZArrayHelperset_ItemA0SystemReflectionMethodInfoA0SystemInt32A0SystemReflectionMethodInfo', ID = '8660'
Method 'A0SystemVoidA0SystemSZArrayHelperAddA0SystemReflectionMethodInfoA0SystemReflectionMethodInfo', ID = '8661'
Method 'A0SystemBooleanA0SystemSZArrayHelperContainsA0SystemReflectionMethodInfoA0SystemReflectionMethodInfo', ID = '8662'
Method 'A0SystemBooleanA0SystemSZArrayHelperget_IsReadOnlyA0SystemReflectionMethodInfo', ID = '8663'
Method 'A0SystemVoidA0SystemSZArrayHelperClearA0SystemReflectionMethodInfo', ID = '8664'
Method 'A0SystemInt32A0SystemSZArrayHelperIndexOfA0SystemReflectionMethodInfoA0SystemReflectionMethodInfo', ID = '8665'
Method 'A0SystemVoidA0SystemSZArrayHelperInsertA0SystemReflectionMethodInfoA0SystemInt32A0SystemReflectionMethodInfo', ID = '8666'
Method 'A0SystemBooleanA0SystemSZArrayHelperRemoveA0SystemReflectionMethodInfoA0SystemReflectionMethodInfo', ID = '8667'
Method 'A0SystemVoidA0SystemSZArrayHelperRemoveAtA0SystemReflectionMethodInfoA0SystemInt32', ID = '8668'
Method 'A0SystemStringA3CosmosSystem_PlugsSystemReflectionRuntimePropertyInfoImplToString', ID = '8675'
Method 'SystemVoidA0SystemMdUtf8StringctorA0SystemVoidpointer', ID = '8676'
Method 'A0SystemVoidA8A8CosmosIL2CPUSZArrayImpl1GetEnumeratord__0A0SystemReflectionRuntimePropertyInfoSystemIDisposableDispose', ID = '8682'
Method 'A0SystemBooleanA8A8CosmosIL2CPUSZArrayImpl1GetEnumeratord__0A0SystemReflectionRuntimePropertyInfoMoveNext', ID = '8683'
Method 'A0A0A0SystemReflectionRuntimeEventInfoarrayarrayA0InternalRuntimeCompilerServicesUnsafeAsA0A0A0SystemReflectionRuntimeEventInfoarrayarrayA0SystemObject', ID = '8685'
Method 'SystemVoidA0A0SystemSZGenericArrayEnumerator1A0A0SystemReflectionRuntimeEventInfoarrayctorA0A0A0SystemReflectionRuntimeEventInfoarrayarray', ID = '8686'
Method 'A0SystemInt32A0SystemArrayIndexOfA0A0SystemReflectionRuntimeEventInfoarrayA0A0A0SystemReflectionRuntimeEventInfoarrayarrayA0A0SystemReflectionRuntimeEventInfoarrayA0SystemInt32A0SystemInt32', ID = '8689'
Method 'A0A0SystemCollectionsGenericIEnumerator1A0A0SystemReflectionRuntimeEventInfoarrayA8A8CosmosIL2CPUSZArrayImpl1A0A0SystemReflectionRuntimeEventInfoarrayGetEnumerator', ID = '8690'
Method 'A0SystemVoidA8A8CosmosIL2CPUSZArrayImpl1A0A0SystemReflectionRuntimeEventInfoarrayCopyToA0A0A0SystemReflectionRuntimeEventInfoarrayarrayA0SystemInt32', ID = '8691'
Method 'A0SystemInt32A8A8CosmosIL2CPUSZArrayImpl1A0A0SystemReflectionRuntimeEventInfoarrayget_Count', ID = '8692'
Method 'A0A0SystemReflectionRuntimeEventInfoarrayA8A8CosmosIL2CPUSZArrayImpl1A0A0SystemReflectionRuntimeEventInfoarrayget_ItemA0SystemInt32', ID = '8693'
Method 'A0SystemVoidA8A8CosmosIL2CPUSZArrayImpl1A0A0SystemReflectionRuntimeEventInfoarrayset_ItemA0SystemInt32A0A0SystemReflectionRuntimeEventInfoarray', ID = '8694'
Method 'A0SystemVoidA8A8CosmosIL2CPUSZArrayImpl1A0A0SystemReflectionRuntimeEventInfoarrayAddA0A0SystemReflectionRuntimeEventInfoarray', ID = '8695'
Method 'A0SystemBooleanA8A8CosmosIL2CPUSZArrayImpl1A0A0SystemReflectionRuntimeEventInfoarrayContainsA0A0SystemReflectionRuntimeEventInfoarray', ID = '8696'
Method 'A0SystemBooleanA8A8CosmosIL2CPUSZArrayImpl1A0A0SystemReflectionRuntimeEventInfoarrayget_IsReadOnly', ID = '8697'
Method 'A0SystemVoidA8A8CosmosIL2CPUSZArrayImpl1A0A0SystemReflectionRuntimeEventInfoarrayClear', ID = '8698'
Method 'A0SystemInt32A8A8CosmosIL2CPUSZArrayImpl1A0A0SystemReflectionRuntimeEventInfoarrayIndexOfA0A0SystemReflectionRuntimeEventInfoarray', ID = '8699'
Method 'A0SystemVoidA8A8CosmosIL2CPUSZArrayImpl1A0A0SystemReflectionRuntimeEventInfoarrayInsertA0SystemInt32A0A0SystemReflectionRuntimeEventInfoarray', ID = '8700'
Method 'A0SystemVoidA8A8CosmosIL2CPUSZArrayImpl1A0A0SystemReflectionRuntimeEventInfoarrayRemoveAtA0SystemInt32', ID = '8701'
Method 'A0SystemBooleanA8A8CosmosIL2CPUSZArrayImpl1A0A0SystemReflectionRuntimeEventInfoarrayget_IsFixedSize', ID = '8702'
Method 'A0SystemVoidA8A8CosmosIL2CPUSZArrayImpl1A0A0SystemReflectionRuntimeEventInfoarrayRemoveA0A0SystemReflectionRuntimeEventInfoarray', ID = '8703'
Method 'A0SystemObjectA8A8CosmosIL2CPUSZArrayImpl1A0A0SystemReflectionRuntimeEventInfoarrayget_SyncRoot', ID = '8704'
Method 'A0SystemBooleanA8A8CosmosIL2CPUSZArrayImpl1A0A0SystemReflectionRuntimeEventInfoarrayget_IsSynchronized', ID = '8705'
Method 'A0SystemBooleanA0SystemReflectionMethodInfoop_EqualityA0SystemReflectionMethodInfoA0SystemReflectionMethodInfo', ID = '8706'
Method 'A0A0SystemReflectionParameterInfoarrayA0SystemReflectionMethodBaseGetParametersNoCopy', ID = '8707'
Method 'A0SystemStringA0SystemSRget_InvalidOperation_NoPublicAddMethod', ID = '8708'
Method 'A0SystemTypeA0SystemReflectionParameterInfoget_ParameterType', ID = '8709'
Method 'A0SystemVoidA8A8CosmosIL2CPUSZArrayImpl1GetEnumeratord__0A0SystemReflectionRuntimeEventInfoSystemIDisposableDispose', ID = '8714'
Method 'A0SystemBooleanA8A8CosmosIL2CPUSZArrayImpl1GetEnumeratord__0A0SystemReflectionRuntimeEventInfoMoveNext', ID = '8715'
Method 'A0SystemObjectA2CosmosCore_PlugsSystemRuntimeTypeHandleImplGetCorElementTypeA0SystemObject', ID = '8717'
Method 'A0A0SystemRuntimeIntrinsicsVector1281A0SystemInt32A0InternalRuntimeCompilerServicesUnsafeAsA0A0SystemRuntimeIntrinsicsVector1281A0SystemSingleA0A0SystemRuntimeIntrinsic84BFDC34D56E0564925527570AA6EB4A', ID = '8718'
Method 'A0SystemInt32A0SystemMemoryExtensionsIndexOfA0SystemCharA0A0SystemReadOnlySpan1A0SystemCharA0SystemChar', ID = '8719'
Method 'A0SystemStringA0SystemGlobalizationGlobalizationModeCreateLibraryNameA0A0SystemReadOnlySpan1A0SystemCharA0A0SystemReadOnlySpan1A0SystemCharA0A0SystemReadOnlySpan1A0Syst13387951E8C781FAB5DEF2E6EC99BFD3', ID = '8720'
Method 'A0SystemIntPtrA0SystemGlobalizationGlobalizationModeLoadLibraryA0SystemStringA0SystemBoolean', ID = '8721'
Method 'A0SystemVoidA0InteropGlobalizationInitICUFunctionsA0SystemIntPtrA0SystemIntPtrA0A0SystemReadOnlySpan1A0SystemCharA0A0SystemReadOnlySpan1A0SystemChar', ID = '8722'
Method 'A0SystemStringA0SystemSRget_ArgumentOutOfRange_MustBeNonNegNum', ID = '8723'
Method 'A0SystemVoidpointerA0SystemUIntPtrToPointer', ID = '8724'
Method 'A0SystemInt32A0SystemTextASCIIEncodingGetByteCountCommonA0SystemCharpointerA0SystemInt32', ID = '8725'
Method 'A0SystemInt32A0SystemTextUTF8EncodingGetByteCountCommonA0SystemCharpointerA0SystemInt32', ID = '8726'
Method 'A0SystemInt32A0SystemTextEncodingGetByteCountA0SystemCharpointerA0SystemInt32', ID = '8727'
Method 'A0SystemInt32A0SystemTextEncodingGetByteCountA0SystemCharpointerA0SystemInt32A0SystemTextEncoderNLS', ID = '8728'
Method 'A0A0SystemBytearrayA2A2CosmosCore_PlugsSystemBuffersArrayPoolImpl1CosmosArrayPoolA0SystemByteRentA0SystemInt32', ID = '8729'
Method 'A0SystemVoidA2A2CosmosCore_PlugsSystemBuffersArrayPoolImpl1CosmosArrayPoolA0SystemByteReturnA0A0SystemBytearrayA0SystemBoolean', ID = '8730'
Method 'A0SystemInt32A4CosmosSystemExtendedASCIISingleByteEncodingGetCodePageIdxFromChrA0SystemChar', ID = '8731'
Method 'A0SystemInt32A0InternalRuntimeCompilerServicesUnsafeSizeOfA0A0SystemRuntimeIntrinsicsVector1281A0SystemByte', ID = '8733'
Method 'A0SystemUInt64A0InternalRuntimeCompilerServicesUnsafeReadUnalignedA0SystemUInt64A0SystemVoidpointer', ID = '8734'
Method 'A0SystemBooleanA0SystemTextASCIIUtilityAllCharsInUInt64AreAsciiA0SystemUInt64', ID = '8735'
Method 'A0SystemUIntPtrA0SystemTextASCIIUtilityNarrowUtf16ToAscii_Sse2A0SystemCharpointerA0SystemBytepointerA0SystemUIntPtr', ID = '8736'
Method 'A0A0SystemNumericsVector1A0SystemUInt16A0InternalRuntimeCompilerServicesUnsafeReadUnalignedA0A0SystemNumericsVector1A0SystemUInt16A0SystemVoidpointer', ID = '8737'
Method 'A0A0SystemNumericsVector1A0SystemUInt16A0SystemNumericsVectorBitwiseOrA0SystemUInt16A0A0SystemNumericsVector1A0SystemUInt16A0A0SystemNumericsVector1A0SystemUInt16', ID = '8738'
Method 'A0SystemBooleanA0SystemNumericsVectorGreaterThanAnyA0SystemUInt16A0A0SystemNumericsVector1A0SystemUInt16A0A0SystemNumericsVector1A0SystemUInt16', ID = '8739'
Method 'A0A0SystemNumericsVector1A0SystemByteA0SystemNumericsVectorNarrowA0A0SystemNumericsVector1A0SystemUInt16A0A0SystemNumericsVector1A0SystemUInt16', ID = '8740'
Method 'A0SystemVoidA0InternalRuntimeCompilerServicesUnsafeWriteUnalignedA0A0SystemNumericsVector1A0SystemByteA0SystemVoidpointerA0A0SystemNumericsVector1A0SystemByte', ID = '8741'
Method 'A0SystemVoidA0SystemTextASCIIUtilityNarrowFourUtf16CharsToAsciiAndWriteToBufferA0SystemByteA0SystemUInt64', ID = '8742'
Method 'A0SystemUInt32A0InternalRuntimeCompilerServicesUnsafeReadUnalignedA0SystemUInt32A0SystemVoidpointer', ID = '8743'
Method 'A0SystemBooleanA0SystemTextASCIIUtilityAllCharsInUInt32AreAsciiA0SystemUInt32', ID = '8744'
Method 'A0SystemVoidA0SystemTextASCIIUtilityNarrowTwoUtf16CharsToAsciiAndWriteToBufferA0SystemByteA0SystemUInt32', ID = '8745'
Method 'A0SystemBooleanA0SystemTextASCIIUtilityFirstCharInUInt32IsAsciiA0SystemUInt32', ID = '8746'
Method 'A0A0SystemRuntimeIntrinsicsVector1281A0SystemInt16A0SystemRuntimeIntrinsicsVector128CreateA0SystemInt16', ID = '8752'
Method 'A0SystemVoidA0InternalRuntimeCompilerServicesUnsafeWriteUnalignedA0SystemUInt16A0SystemVoidpointerA0SystemUInt16', ID = '8753'
Method 'A0SystemInt64A0SystemMathMinA0SystemInt64A0SystemInt64', ID = '8754'
Method 'A0SystemVoidA0InternalRuntimeCompilerServicesUnsafeSkipInitA0A0SystemRuntimeIntrinsicsVector1281A0SystemInt16A0A0SystemRuntimeIntrinsicsVector1281A0SystemInt16', ID = '8755'
Method 'A0A0SystemRuntimeIntrinsicsVector1281A0SystemInt16A0InternalRuntimeCompilerServicesUnsafeReadUnalignedA0A0SystemRuntimeIntrinsicsVector1281A0SystemInt16A0SystemVoidpointer', ID = '8756'
Method 'A0SystemBooleanA0SystemRuntimeIntrinsicsX86Sse41TestZA0A0SystemRuntimeIntrinsicsVector1281A0SystemInt16A0A0SystemRuntimeIntrinsicsVector1281A0SystemInt16', ID = '8757'
Method 'A0A0SystemRuntimeIntrinsicsVector1281A0SystemByteA0SystemRuntimeIntrinsicsX86Sse2PackUnsignedSaturateA0A0SystemRuntimeIntrinsicsVector1281A0SystemInt16A0A0SystemRuntime51EA6179507DA0FE60D535A6C7A418C9', ID = '8758'
Method 'A0SystemVoidA0SystemRuntimeIntrinsicsX86Sse2StoreScalarA0SystemUInt64pointerA0A0SystemRuntimeIntrinsicsVector1281A0SystemUInt64', ID = '8759'
Method 'A0SystemBooleanA0SystemTextUnicodeUtf16UtilityAllCharsInUInt64AreAsciiA0SystemUInt64', ID = '8760'
Method 'A0A0SystemRuntimeIntrinsicsVector1281A0SystemUInt64A0SystemRuntimeIntrinsicsVector128CreateScalarUnsafeA0SystemUInt64', ID = '8761'
Method 'A0A0SystemRuntimeIntrinsicsVector1281A0SystemInt16A0SystemRuntimeIntrinsicsVector128AsInt16A0SystemUInt64A0A0SystemRuntimeIntrinsicsVector1281A0SystemUInt64', ID = '8762'
Method 'A0SystemVoidA0InternalRuntimeCompilerServicesUnsafeWriteUnalignedA0SystemUInt32A0SystemVoidpointerA0SystemUInt32', ID = '8763'
Method 'A0A0SystemRuntimeIntrinsicsVector1281A0SystemUInt64A0SystemRuntimeIntrinsicsVector128AsUInt64A0SystemInt16A0A0SystemRuntimeIntrinsicsVector1281A0SystemInt16', ID = '8764'
Method 'A0SystemUInt64A0SystemRuntimeIntrinsicsX86Sse2X64ConvertToUInt64A0A0SystemRuntimeIntrinsicsVector1281A0SystemUInt64', ID = '8765'
Method 'A0SystemUInt64A0SystemRuntimeIntrinsicsVector128ToScalarA0SystemUInt64A0A0SystemRuntimeIntrinsicsVector1281A0SystemUInt64', ID = '8766'
Method 'A0SystemBooleanA0SystemTextUnicodeUtf8UtilityIsFirstCharAsciiA0SystemUInt32', ID = '8767'
Method 'A0SystemBooleanA0SystemTextUnicodeUtf8UtilityIsFirstCharAtLeastThreeUtf8BytesA0SystemUInt32', ID = '8768'
Method 'A0SystemBooleanA0SystemTextUnicodeUtf8UtilityIsSecondCharTwoUtf8BytesA0SystemUInt32', ID = '8769'
Method 'A0SystemUInt32A0SystemTextUnicodeUtf8UtilityExtractTwoUtf8TwoByteSequencesFromTwoPackedUtf16CharsA0SystemUInt32', ID = '8770'
Method 'A0SystemBooleanA0SystemTextUnicodeUtf8UtilityIsFirstCharTwoUtf8BytesA0SystemUInt32', ID = '8771'
Method 'A0SystemUInt32A0SystemTextUnicodeUtf8UtilityExtractUtf8TwoByteSequenceFromFirstUtf16CharA0SystemUInt32', ID = '8772'
Method 'A0SystemBooleanA0SystemTextUnicodeUtf8UtilityIsSecondCharAsciiA0SystemUInt32', ID = '8773'
Method 'A0SystemBooleanA0SystemTextUnicodeUtf8UtilityIsFirstCharSurrogateA0SystemUInt32', ID = '8774'
Method 'A0SystemBooleanA0SystemTextUnicodeUtf8UtilityIsSecondCharAtLeastThreeUtf8BytesA0SystemUInt32', ID = '8775'
Method 'A0SystemBooleanA0SystemTextUnicodeUtf8UtilityIsSecondCharSurrogateA0SystemUInt32', ID = '8776'
Method 'A0SystemVoidA0SystemTextUnicodeUtf8UtilityWriteTwoUtf16CharsAsTwoUtf8ThreeByteSequencesA0SystemByteA0SystemUInt32', ID = '8777'
Method 'A0SystemVoidA0SystemTextUnicodeUtf8UtilityWriteFirstUtf16CharAsUtf8ThreeByteSequenceA0SystemByteA0SystemUInt32', ID = '8778'
Method 'A0SystemBooleanA0SystemTextUnicodeUtf8UtilityIsWellFormedUtf16SurrogatePairA0SystemUInt32', ID = '8779'
Method 'A0SystemUInt32A0SystemTextUnicodeUtf8UtilityExtractFourUtf8BytesFromSurrogatePairA0SystemUInt32', ID = '8780'
Method 'A0SystemBooleanA0SystemTextUnicodeUtilityIsSurrogateCodePointA0SystemUInt32', ID = '8781'
Method 'A0SystemTextRuneA0SystemTextRuneUnsafeCreateA0SystemUInt32', ID = '8784'
Method 'A0SystemBuffersOperationStatusA0SystemTextASCIIEncodingEncodeRuneA0SystemTextRuneA0A0SystemSpan1A0SystemByteA0SystemInt32', ID = '8785'
Method 'A0SystemBuffersOperationStatusA0SystemTextUTF8EncodingEncodeRuneA0SystemTextRuneA0A0SystemSpan1A0SystemByteA0SystemInt32', ID = '8786'
Method 'A0SystemInt32A0SystemTextRuneget_Utf16SequenceLength', ID = '8789'
Method 'A0SystemInt32A0SystemTextRuneget_Value', ID = '8790'
Method 'A0SystemVoidA0SystemTextEncoderFallbackBufferThrowLastCharRecursiveA0SystemInt32', ID = '8791'
Method 'A0SystemTextRuneA0SystemTextEncoderFallbackBufferGetNextRune', ID = '8792'
Method 'A0SystemStringA0SystemSRget_Argument_EncodingConversionOverflowBytes', ID = '8793'
Method 'A0SystemStringA0SystemTextEncodingget_EncodingName', ID = '8794'
Method 'A0SystemTextEncoderFallbackA0SystemTextEncoderget_Fallback', ID = '8795'
Method 'A0SystemStringA0SystemTextEncoderReplacementFallbackget_DefaultString', ID = '8796'
Method 'A0SystemBooleanA0SystemTextRuneTryCreateA0SystemCharA0SystemTextRune', ID = '8797'
Method 'A0SystemTextRuneA0SystemTextRuneget_ReplacementChar', ID = '8798'
Method 'A0SystemBooleanA0SystemTextEncoderFallbackBufferInternalFallbackA0A0SystemReadOnlySpan1A0SystemCharA0SystemInt32', ID = '8799'
Method 'A0A0SystemReadOnlySpan1A0SystemBooleanA0SystemGlobalizationCompareInfoget_HighCharTable', ID = '8800'
Method 'A0SystemBooleanA0A0SystemReadOnlySpan1A0SystemBooleanget_ItemA0SystemInt32', ID = '8801'
Method 'A0SystemBooleanA2CosmosCore_PlugsInteropGlobalizationImplStartsWithA0SystemIntPtrA0SystemCharpointerA0SystemInt32A0SystemCharpointerA0SystemInt32A0SystemGlobalizationCompareOptionsA0SystemInt32pointer', ID = '8802'
Method 'A0SystemStringA2CosmosCore_PlugsSystemStringImplChangeCasingA0SystemStringA0SystemInt32A0SystemInt32A0SystemInt32', ID = '8804'
Method 'SystemVoidA0A0SystemCollectionsGenericEqualityComparer1A0A0SystemCollectionsGenericDictionary2EntryA0SystemStringA0SystemReflectionAssemblycctor', ID = '8805'
Method 'SystemVoidA0A0SystemSZGenericArrayEnumerator1A0SystemReflectionAssemblycctor', ID = '8807'
Method 'A0SystemVoidA0A0SystemSZGenericArrayEnumerator1A0SystemReflectionAssemblyDispose', ID = '8808'
Method 'A0SystemBooleanA0A0SystemSZGenericArrayEnumerator1A0SystemReflectionAssemblyMoveNext', ID = '8809'
Method 'A0SystemBooleanA0SystemRuntimeCompilerServicesRuntimeHelpersIsBitwiseEquatableA0SystemReflectionAssembly', ID = '8810'
Method 'A0SystemInt32A0InternalRuntimeCompilerServicesUnsafeSizeOfA0SystemReflectionAssembly', ID = '8811'
Method 'A0SystemByteA0InternalRuntimeCompilerServicesUnsafeAsA0SystemReflectionAssemblyA0SystemByteA0SystemReflectionAssembly', ID = '8812'
Method 'A0SystemCharA0InternalRuntimeCompilerServicesUnsafeAsA0SystemReflectionAssemblyA0SystemCharA0SystemReflectionAssembly', ID = '8813'
Method 'A0SystemInt32A0InternalRuntimeCompilerServicesUnsafeAsA0SystemReflectionAssemblyA0SystemInt32A0SystemReflectionAssembly', ID = '8814'
Method 'A0SystemInt64A0InternalRuntimeCompilerServicesUnsafeAsA0SystemReflectionAssemblyA0SystemInt64A0SystemReflectionAssembly', ID = '8815'
Method 'A0A0SystemCollectionsGenericEqualityComparer1A0SystemReflectionAssemblyA0A0SystemCollectionsGenericEqualityComparer1A0SystemReflectionAssemblyget_Default', ID = '8816'
Method 'A0SystemInt32A0A0SystemCollectionsGenericEqualityComparer1A0SystemReflectionAssemblyIndexOfA0A0SystemReflectionAssemblyarrayA0SystemReflectionAssemblyA0SystemInt32A0SystemInt32', ID = '8817'
Method 'SystemVoidA8A8CosmosIL2CPUSZArrayImpl1GetEnumeratord__0A0SystemReflectionAssemblyctorA0SystemInt32', ID = '8818'
Method 'A0SystemStringA0A0SystemCollectionsGenericKeyValuePair2A0SystemStringA0SystemReflectionAssemblyget_Key', ID = '8820'
Method 'A0SystemReflectionAssemblyA0A0SystemCollectionsGenericKeyValuePair2A0SystemStringA0SystemReflectionAssemblyget_Value', ID = '8821'
Method 'A0SystemVoidA8A8CosmosIL2CPUSZArrayImpl1GetEnumeratord__0A0A0SystemCollectionsGenericKeyValuePair2A0SystemStringA0SystemReflectionAssemblySystemIDisposableDispose', ID = '8826'
Method 'A0SystemBooleanA8A8CosmosIL2CPUSZArrayImpl1GetEnumeratord__0A0A0SystemCollectionsGenericKeyValuePair2A0SystemStringA0SystemReflectionAssemblyMoveNext', ID = '8827'
Method 'A0A0SystemRuntimeIntrinsicsVector1281A0SystemSingleA0InternalRuntimeCompilerServicesUnsafeAsA0A0SystemRuntimeIntrinsicsVector1281A0SystemSingleA0A0SystemRuntimeIntrinsiA1E2242D414B4119044FF251071D57C7', ID = '8828'
Method 'A0A0SystemRuntimeIntrinsicsVector1281A0SystemDoubleA0InternalRuntimeCompilerServicesUnsafeAsA0A0SystemRuntimeIntrinsicsVector1281A0SystemSingleA0A0SystemRuntimeIntrinsi0CE4B984182CE661B5D48520B4D45826', ID = '8829'
Method 'A0A0SystemRuntimeIntrinsicsVector1281A0SystemByteA0InternalRuntimeCompilerServicesUnsafeAsA0A0SystemRuntimeIntrinsicsVector1281A0SystemSingleA0A0SystemRuntimeIntrinsicsA70E8D53621DB9F69E0DF968DFCB1D86', ID = '8830'
Method 'A0SystemBooleanA0SystemSingleEqualsA0SystemSingle', ID = '8831'
Method 'A0A0SystemRuntimeIntrinsicsVector2561A0SystemSingleA0InternalRuntimeCompilerServicesUnsafeAsA0A0SystemRuntimeIntrinsicsVector2561A0SystemSingleA0A0SystemRuntimeIntrinsi4F3E2200FF3CF300CA19EAE7BEABF923', ID = '8832'
Method 'A0A0SystemRuntimeIntrinsicsVector2561A0SystemDoubleA0InternalRuntimeCompilerServicesUnsafeAsA0A0SystemRuntimeIntrinsicsVector2561A0SystemSingleA0A0SystemRuntimeIntrinsiDF6E8A87202B07CAB1A88F69267C100A', ID = '8833'
Method 'A0A0SystemRuntimeIntrinsicsVector2561A0SystemSingleA0InternalRuntimeCompilerServicesUnsafeAsA0A0SystemRuntimeIntrinsicsVector2561A0SystemDoubleA0A0SystemRuntimeIntrinsi954ECCB484EEB1C54AFC8A6F1B32AF61', ID = '8834'
Method 'A0A0SystemRuntimeIntrinsicsVector2561A0SystemDoubleA0InternalRuntimeCompilerServicesUnsafeAsA0A0SystemRuntimeIntrinsicsVector2561A0SystemDoubleA0A0SystemRuntimeIntrinsi0DD02B24213317EFDF0C2AECFBAA528F', ID = '8835'
Method 'A0A0SystemRuntimeIntrinsicsVector2561A0SystemByteA0InternalRuntimeCompilerServicesUnsafeAsA0A0SystemRuntimeIntrinsicsVector2561A0SystemDoubleA0A0SystemRuntimeIntrinsicsA9781FF4CA76B9C569954E75A914D50A', ID = '8836'
Method 'A0A0SystemRuntimeIntrinsicsVector1281A0SystemDoubleA0InternalRuntimeCompilerServicesUnsafeAsA0A0SystemRuntimeIntrinsicsVector1281A0SystemInt32A0A0SystemRuntimeIntrinsic64C6AC11465F7BCECD04217D88F9CA60', ID = '8837'
Method 'A0A0SystemRuntimeIntrinsicsVector1281A0SystemByteA0InternalRuntimeCompilerServicesUnsafeAsA0A0SystemRuntimeIntrinsicsVector1281A0SystemInt32A0A0SystemRuntimeIntrinsicsV275C52055B6B1079CAC5421149F0FE2A', ID = '8838'
Method 'A0SystemVoidA0SystemRandomThreadSafeRandomNextBytesA0A0SystemBytearray', ID = '8839'
Method 'A0SystemUInt64A12CosmosCore_AsmCPUImplReadTimestampCounter', ID = '8840'
Method 'A0SystemStringA0SystemSRget_Overflow_NegateTwosCompNum', ID = '8841'
Method 'SystemVoidA0A0SystemCollectionsGenericEqualityComparer1A0SystemBooleancctor', ID = '8842'
Method 'A0SystemIntPtrA0InternalRuntimeCompilerServicesUnsafeByteOffsetA0SystemCharA0SystemCharA0SystemChar', ID = '8844'
Method 'A0SystemInt32A0InternalRuntimeCompilerServicesUnsafeSizeOfA0SystemIntPtr', ID = '8845'
Method 'A0SystemVoidA0SystemGlobalizationSurrogateCasingToUpperA0SystemCharA0SystemCharA0SystemCharA0SystemChar', ID = '8846'
Method 'A0SystemCharA0SystemGlobalizationInvariantModeCasingToUpperA0SystemChar', ID = '8847'
Method 'A0SystemVoidA0SystemGlobalizationTextInfoChangeCaseCommonA0SystemGlobalizationTextInfoToUpperConversionA0SystemCharA0SystemCharA0SystemInt32', ID = '8848'
Method 'SystemVoidA0A0SystemValueTuple2A0SystemUInt32A0SystemInt32ctorA0SystemUInt32A0SystemInt32', ID = '8850'
Method 'A0SystemStringA0A0SystemValueTuple2A0SystemUInt32A0SystemInt32ToString', ID = '8851'
Method 'A0SystemBooleanA0A0SystemValueTuple2A0SystemUInt32A0SystemInt32EqualsA0SystemObject', ID = '8852'
Method 'A0SystemInt32A0A0SystemValueTuple2A0SystemUInt32A0SystemInt32GetHashCode', ID = '8853'
Method 'A0SystemBooleanA0SystemTextUnicodeUtilityIsValidCodePointA0SystemUInt32', ID = '8856'
Method 'A0A0SystemReadOnlySpan1A0SystemByteA0SystemGlobalizationCharUnicodeInfoget_UppercaseValues', ID = '8857'
Method 'A0SystemInt16A0InternalRuntimeCompilerServicesUnsafeAsA0SystemByteA0SystemInt16A0SystemByte', ID = '8858'
Method 'A0SystemInt16A0InternalRuntimeCompilerServicesUnsafeAddA0SystemInt16A0SystemInt16A0SystemIntPtr', ID = '8859'
Method 'A0SystemInt32A2CosmosCore_PlugsInteropKernel32ImplCompareStringOrdinalA0SystemCharpointerA0SystemInt32A0SystemCharpointerA0SystemInt32A0SystemBoolean', ID = '8860'
Method 'SystemVoidA0SystemGlobalizationOrdinalCasingcctor', ID = '8861'
Method 'A0A0SystemUInt16arrayA0SystemGlobalizationOrdinalCasingInitOrdinalCasingPageA0SystemInt32', ID = '8864'
Method 'SystemVoidA0A0SystemCollectionsGenericEqualityComparer1A0A0SystemCollectionsGenericKeyValuePair2A0SystemStringA0SystemObjectcctor', ID = '8866'
Method 'A0A0A0SystemThreadingTasksTask1A0SystemInt32arrayA0InternalRuntimeCompilerServicesUnsafeAsA0A0A0SystemThreadingTasksTask1A0SystemInt32arrayA0SystemObject', ID = '8869'
Method 'SystemVoidA0A0SystemSZGenericArrayEnumerator1A0A0SystemThreadingTasksTask1A0SystemInt32ctorA0A0A0SystemThreadingTasksTask1A0SystemInt32array', ID = '8870'
Method 'A0SystemInt32A0SystemArrayIndexOfA0A0SystemThreadingTasksTask1A0SystemInt32A0A0A0SystemThreadingTasksTask1A0SystemInt32arrayA0A0SystemThreadingTasksTask1A0SystemInt32A0SystemInt32A0SystemInt32', ID = '8873'
Method 'A0A0SystemCollectionsGenericIEnumerator1A0A0SystemThreadingTasksTask1A0SystemInt32A8A8CosmosIL2CPUSZArrayImpl1A0A0SystemThreadingTasksTask1A0SystemInt32GetEnumerator', ID = '8874'
Method 'A0SystemVoidA8A8CosmosIL2CPUSZArrayImpl1A0A0SystemThreadingTasksTask1A0SystemInt32CopyToA0A0A0SystemThreadingTasksTask1A0SystemInt32arrayA0SystemInt32', ID = '8875'
Method 'A0SystemInt32A8A8CosmosIL2CPUSZArrayImpl1A0A0SystemThreadingTasksTask1A0SystemInt32get_Count', ID = '8876'
Method 'A0A0SystemThreadingTasksTask1A0SystemInt32A8A8CosmosIL2CPUSZArrayImpl1A0A0SystemThreadingTasksTask1A0SystemInt32get_ItemA0SystemInt32', ID = '8877'
Method 'A0SystemVoidA8A8CosmosIL2CPUSZArrayImpl1A0A0SystemThreadingTasksTask1A0SystemInt32set_ItemA0SystemInt32A0A0SystemThreadingTasksTask1A0SystemInt32', ID = '8878'
Method 'A0SystemVoidA8A8CosmosIL2CPUSZArrayImpl1A0A0SystemThreadingTasksTask1A0SystemInt32AddA0A0SystemThreadingTasksTask1A0SystemInt32', ID = '8879'
Method 'A0SystemBooleanA8A8CosmosIL2CPUSZArrayImpl1A0A0SystemThreadingTasksTask1A0SystemInt32ContainsA0A0SystemThreadingTasksTask1A0SystemInt32', ID = '8880'
Method 'A0SystemBooleanA8A8CosmosIL2CPUSZArrayImpl1A0A0SystemThreadingTasksTask1A0SystemInt32get_IsReadOnly', ID = '8881'
Method 'A0SystemVoidA8A8CosmosIL2CPUSZArrayImpl1A0A0SystemThreadingTasksTask1A0SystemInt32Clear', ID = '8882'
Method 'A0SystemInt32A8A8CosmosIL2CPUSZArrayImpl1A0A0SystemThreadingTasksTask1A0SystemInt32IndexOfA0A0SystemThreadingTasksTask1A0SystemInt32', ID = '8883'
Method 'A0SystemVoidA8A8CosmosIL2CPUSZArrayImpl1A0A0SystemThreadingTasksTask1A0SystemInt32InsertA0SystemInt32A0A0SystemThreadingTasksTask1A0SystemInt32', ID = '8884'
Method 'A0SystemVoidA8A8CosmosIL2CPUSZArrayImpl1A0A0SystemThreadingTasksTask1A0SystemInt32RemoveAtA0SystemInt32', ID = '8885'
Method 'A0SystemBooleanA8A8CosmosIL2CPUSZArrayImpl1A0A0SystemThreadingTasksTask1A0SystemInt32get_IsFixedSize', ID = '8886'
Method 'A0SystemVoidA8A8CosmosIL2CPUSZArrayImpl1A0A0SystemThreadingTasksTask1A0SystemInt32RemoveA0A0SystemThreadingTasksTask1A0SystemInt32', ID = '8887'
Method 'A0SystemObjectA8A8CosmosIL2CPUSZArrayImpl1A0A0SystemThreadingTasksTask1A0SystemInt32get_SyncRoot', ID = '8888'
Method 'A0SystemBooleanA8A8CosmosIL2CPUSZArrayImpl1A0A0SystemThreadingTasksTask1A0SystemInt32get_IsSynchronized', ID = '8889'
Method 'SystemVoidA0A0SystemCollectionsGenericEqualityComparer1A0SystemRuntimeExceptionServicesExceptionDispatchInfocctor', ID = '8891'
Method 'A0SystemBooleanA2CosmosCore_PlugsInteropKernel32ImplQueryUnbiasedInterruptTimeA0SystemUInt64', ID = '8895'
Method 'A0SystemInt64A2CosmosCore_PlugsSystemInternalEnvironmentImplget_TickCount64', ID = '8896'
Method 'A0SystemStringA0A0SystemValueTuple2A0SystemInt64A0SystemDateTimeToString', ID = '8897'
Method 'A0SystemBooleanA0A0SystemValueTuple2A0SystemInt64A0SystemDateTimeEqualsA0SystemObject', ID = '8898'
Method 'A0SystemInt32A0A0SystemValueTuple2A0SystemInt64A0SystemDateTimeGetHashCode', ID = '8899'
Method 'A0A0SystemCollectionsGenericIEnumerator1A0SystemThreadingTimerQueueA0SystemSZArrayHelperGetEnumeratorA0SystemThreadingTimerQueue', ID = '8902'
Method 'A0SystemVoidA0SystemSZArrayHelperCopyToA0SystemThreadingTimerQueueA0A0SystemThreadingTimerQueuearrayA0SystemInt32', ID = '8903'
Method 'A0SystemInt32A0SystemSZArrayHelperget_CountA0SystemThreadingTimerQueue', ID = '8904'
Method 'A0SystemThreadingTimerQueueA0SystemSZArrayHelperget_ItemA0SystemThreadingTimerQueueA0SystemInt32', ID = '8905'
Method 'A0SystemVoidA0SystemSZArrayHelperset_ItemA0SystemThreadingTimerQueueA0SystemInt32A0SystemThreadingTimerQueue', ID = '8906'
Method 'A0SystemVoidA0SystemSZArrayHelperAddA0SystemThreadingTimerQueueA0SystemThreadingTimerQueue', ID = '8907'
Method 'A0SystemBooleanA0SystemSZArrayHelperContainsA0SystemThreadingTimerQueueA0SystemThreadingTimerQueue', ID = '8908'
Method 'A0SystemBooleanA0SystemSZArrayHelperget_IsReadOnlyA0SystemThreadingTimerQueue', ID = '8909'
Method 'A0SystemVoidA0SystemSZArrayHelperClearA0SystemThreadingTimerQueue', ID = '8910'
Method 'A0SystemInt32A0SystemSZArrayHelperIndexOfA0SystemThreadingTimerQueueA0SystemThreadingTimerQueue', ID = '8911'
Method 'A0SystemVoidA0SystemSZArrayHelperInsertA0SystemThreadingTimerQueueA0SystemInt32A0SystemThreadingTimerQueue', ID = '8912'
Method 'A0SystemBooleanA0SystemSZArrayHelperRemoveA0SystemThreadingTimerQueueA0SystemThreadingTimerQueue', ID = '8913'
Method 'A0SystemVoidA0SystemSZArrayHelperRemoveAtA0SystemThreadingTimerQueueA0SystemInt32', ID = '8914'
Method 'A0SystemInt32A2CosmosCore_PlugsSystemInternalEnvironmentImplget_ProcessorCount', ID = '8921'
Method 'A0SystemBooleanA0SystemEnvironmentget_IsSingleProcessor', ID = '8923'
Method 'A0SystemUIntPtrA0SystemTextASCIIUtilityWidenAsciiToUtf16_IntrinsifiedA0SystemBytepointerA0SystemCharpointerA0SystemUIntPtr', ID = '8928'
Method 'A0A0SystemNumericsVector1A0SystemSByteA0InternalRuntimeCompilerServicesUnsafeReadUnalignedA0A0SystemNumericsVector1A0SystemSByteA0SystemVoidpointer', ID = '8929'
Method 'A0A0SystemNumericsVector1A0SystemSByteA0A0SystemNumericsVector1A0SystemSByteget_Zero', ID = '8930'
Method 'A0SystemBooleanA0SystemNumericsVectorLessThanAnyA0SystemSByteA0A0SystemNumericsVector1A0SystemSByteA0A0SystemNumericsVector1A0SystemSByte', ID = '8931'
Method 'A0A0SystemNumericsVector1A0SystemByteA0SystemNumericsVectorAsVectorByteA0SystemSByteA0A0SystemNumericsVector1A0SystemSByte', ID = '8932'
Method 'A0SystemVoidA0SystemNumericsVectorWidenA0A0SystemNumericsVector1A0SystemByteA0A0SystemNumericsVector1A0SystemUInt16A0A0SystemNumericsVector1A0SystemUInt16', ID = '8933'
Method 'A0SystemVoidA0InternalRuntimeCompilerServicesUnsafeWriteUnalignedA0A0SystemNumericsVector1A0SystemUInt16A0SystemVoidpointerA0A0SystemNumericsVector1A0SystemUInt16', ID = '8934'
Method 'A0SystemBooleanA0SystemTextASCIIUtilityAllBytesInUInt32AreAsciiA0SystemUInt32', ID = '8935'
Method 'A0SystemVoidA0SystemTextASCIIUtilityWidenFourAsciiBytesToUtf16AndWriteToBufferA0SystemCharA0SystemUInt32', ID = '8936'
Method 'A0SystemUInt16A0InternalRuntimeCompilerServicesUnsafeReadUnalignedA0SystemUInt16A0SystemVoidpointer', ID = '8937'
Method 'A0SystemIntPtrA0InternalRuntimeCompilerServicesUnsafeByteOffsetA0SystemByteA0SystemByteA0SystemByte', ID = '8938'
Method 'A0SystemBooleanA0SystemTextUnicodeUtf8UtilityUInt32FirstByteIsAsciiA0SystemUInt32', ID = '8939'
Method 'A0SystemUInt32A0SystemTextUnicodeUtf8UtilityToLittleEndianA0SystemUInt32', ID = '8940'
Method 'A0SystemBooleanA0SystemTextUnicodeUtf8UtilityUInt32SecondByteIsAsciiA0SystemUInt32', ID = '8941'
Method 'A0SystemBooleanA0SystemTextUnicodeUtf8UtilityUInt32ThirdByteIsAsciiA0SystemUInt32', ID = '8942'
Method 'A0SystemBooleanA0SystemTextUnicodeUtf8UtilityUInt32BeginsWithUtf8TwoByteMaskA0SystemUInt32', ID = '8943'
Method 'A0SystemBooleanA0SystemTextUnicodeUtf8UtilityUInt32BeginsWithOverlongUtf8TwoByteSequenceA0SystemUInt32', ID = '8944'
Method 'A0SystemBooleanA0SystemTextUnicodeUtf8UtilityUInt32EndsWithValidUtf8TwoByteSequenceLittleEndianA0SystemUInt32', ID = '8945'
Method 'A0SystemUInt32A0SystemTextUnicodeUtf8UtilityExtractTwoCharsPackedFromTwoAdjacentTwoByteSequencesA0SystemUInt32', ID = '8946'
Method 'A0SystemBooleanA0SystemTextUnicodeUtf8UtilityUInt32BeginsWithValidUtf8TwoByteSequenceLittleEndianA0SystemUInt32', ID = '8947'
Method 'A0SystemUInt32A0SystemTextUnicodeUtf8UtilityExtractCharFromFirstTwoByteSequenceA0SystemUInt32', ID = '8948'
Method 'A0SystemBooleanA0SystemTextUnicodeUtf8UtilityUInt32FourthByteIsAsciiA0SystemUInt32', ID = '8949'
Method 'A0SystemBooleanA0SystemTextUnicodeUtf8UtilityUInt32BeginsWithUtf8ThreeByteMaskA0SystemUInt32', ID = '8950'
Method 'A0SystemUInt32A0SystemTextUnicodeUtf8UtilityExtractCharFromFirstThreeByteSequenceA0SystemUInt32', ID = '8951'
Method 'A0SystemBooleanA0SystemTextUnicodeUtf8UtilityUInt32BeginsWithUtf8FourByteMaskA0SystemUInt32', ID = '8952'
Method 'A0SystemUInt32A0SystemNumericsBitOperationsRotateRightA0SystemUInt32A0SystemInt32', ID = '8953'
Method 'A0SystemBooleanA0SystemTextUnicodeUtilityIsInRangeInclusiveA0SystemUInt32A0SystemUInt32A0SystemUInt32', ID = '8954'
Method 'A0SystemUInt32A0SystemTextUnicodeUtf8UtilityExtractCharsFromFourByteSequenceA0SystemUInt32', ID = '8955'
Method 'A0SystemBooleanA0SystemTextUnicodeUtf8UtilityIsLowByteUtf8ContinuationByteA0SystemUInt32', ID = '8956'
Method 'A0SystemTextDecoderFallbackA0SystemTextDecoderget_Fallback', ID = '8959'
Method 'A0SystemStringA0SystemTextDecoderReplacementFallbackget_DefaultString', ID = '8961'
Method 'A0SystemBuffersOperationStatusA0SystemTextUnicodeUtf8ToUtf16A0A0SystemReadOnlySpan1A0SystemByteA0A0SystemSpan1A0SystemCharA0SystemInt32A0SystemInt32A0SystemBooleanA0SystemBoolean', ID = '8962'
Method 'A0SystemTextDecoderFallbackBufferA0SystemTextDecoderget_FallbackBuffer', ID = '8963'
Method 'A0SystemBuffersOperationStatusA0SystemTextASCIIEncodingDecodeFirstRuneA0A0SystemReadOnlySpan1A0SystemByteA0SystemTextRuneA0SystemInt32', ID = '8965'
Method 'A0SystemBuffersOperationStatusA0SystemTextUTF8EncodingDecodeFirstRuneA0A0SystemReadOnlySpan1A0SystemByteA0SystemTextRuneA0SystemInt32', ID = '8966'
Method 'A0A0SystemSpan1A0SystemByteA0SystemRuntimeInteropServicesMemoryMarshalAsBytesA0SystemInt32A0A0SystemSpan1A0SystemInt32', ID = '8967'
Method 'A0SystemBooleanA0SystemTextDecoderFallbackBufferTryDrainRemainingDataForGetCharsA0A0SystemSpan1A0SystemCharA0SystemInt32', ID = '8969'
Method 'A0SystemBooleanA0SystemTextDecoderget_InternalHasFallbackBuffer', ID = '8970'
Method 'A0SystemVoidA0SystemTextDecoderFallbackBufferInternalReset', ID = '8971'
Method 'A0SystemVoidA0SystemTextEncodingThrowCharsOverflow', ID = '8972'
Method 'A0SystemVoidA0SystemTextDecoderNLSClearMustFlush', ID = '8973'
Method 'A0SystemInt32A0SystemTextASCIIEncodingGetCharCountFastA0SystemBytepointerA0SystemInt32A0SystemTextDecoderFallbackA0SystemInt32', ID = '8974'
Method 'A0SystemInt32A0SystemTextUTF8EncodingGetCharCountFastA0SystemBytepointerA0SystemInt32A0SystemTextDecoderFallbackA0SystemInt32', ID = '8975'
Method 'A0SystemInt32A0SystemTextEncodingGetCharCountWithFallbackA0A0SystemReadOnlySpan1A0SystemByteA0SystemInt32A0SystemTextDecoderNLS', ID = '8976'
Method 'A0SystemStringA0SystemSRget_Argument_ConversionOverflow', ID = '8977'
Method 'A0SystemVoidpointerA0InternalRuntimeCompilerServicesUnsafeAsPointerA0SystemReflectionRuntimeAssemblyA0SystemReflectionRuntimeAssembly', ID = '8980'
Method 'A0SystemIntPtrA0SystemReflectionRuntimeAssemblyGetUnderlyingNativeHandle', ID = '8981'
Method 'A0SystemVoidA2CosmosCore_PlugsSystemReflectionRuntimeAssemblyImplGetFullNameA0SystemObjectA0SystemObject', ID = '8982'
Method 'A0SystemObjectA0InternalRuntimeCompilerServicesUnsafeAsA0SystemStringA0SystemObjectA0SystemString', ID = '8983'
Method 'A0SystemStringA0InternalRuntimeCompilerServicesUnsafeAsA0SystemStringA0SystemObject', ID = '8984'
Method 'A0SystemVoidA2CosmosCore_PlugsSystemResourcesResourceManagerImplCCtor', ID = '8985'
Method 'A0SystemStringA0SystemVersionToString', ID = '8995'
Method 'A0SystemBooleanA0SystemVersionSystemISpanFormattableTryFormatA0A0SystemSpan1A0SystemCharA0SystemInt32A0A0SystemReadOnlySpan1A0SystemCharA0SystemIFormatProvider', ID = '8996'
Method 'A0SystemStringA0SystemVersionSystemIFormattableToStringA0SystemStringA0SystemIFormatProvider', ID = '8997'
Method 'A0SystemBooleanA0SystemVersionEqualsA0SystemObject', ID = '8998'
Method 'A0SystemInt32A0SystemVersionGetHashCode', ID = '8999'
Method 'SystemVoidA0A0SystemCollectionsGenericDictionary2A0SystemStringA0SystemResourcesResourceSetctor', ID = '9002'
Method 'SystemVoidA0SystemResourcesResourceManagerCultureNameResourceSetPairctor', ID = '9003'
Method 'SystemVoidA0SystemResourcesResourceManagerResourceManagerMediatorctorA0SystemResourcesResourceManager', ID = '9004'
Method 'SystemVoidA0SystemResourcesManifestBasedResourceGrovelerctorA0SystemResourcesResourceManagerResourceManagerMediator', ID = '9005'
Method 'A0SystemGlobalizationCultureInfoA0SystemResourcesManifestBasedResourceGrovelerGetNeutralResourcesLanguageA0SystemReflectionAssemblyA0SystemResourcesUltimateResourceFallbackLocation', ID = '9006'
Method 'A0SystemVoidA0SystemArrayResizeA4CosmosSystemKeyEventA4A4CosmosSystemKeyEventarrayA0SystemInt32', ID = '9007'
Method 'A0A0SystemBytearrayA0A0SystemSpan1A0SystemByteToArray', ID = '9008'
Method 'SystemVoidA14SystemSRcctor', ID = '9009'
Method 'A0SystemBooleanA14SystemSRUsingResourceKeys', ID = '9010'
Method 'A0SystemResourcesResourceManagerA14SystemSRget_ResourceManager', ID = '9011'
Method 'A0SystemVoidA3CosmosSystem_PlugsSystemIOPathImplCctorA0SystemCharA0SystemCharA0SystemChar', ID = '9012'
Method 'A0SystemBooleanA3CosmosSystem_PlugsSystemIOPathImplIsRelativeA0SystemString', ID = '9013'
Method 'A0SystemBooleanA3CosmosSystem_PlugsSystemIOPathImplIsDirectorySeparatorA0SystemChar', ID = '9014'
Method 'A0SystemVoidA3CosmosSystem_PlugsSystemIOPathImplCheckInvalidPathCharsA0SystemStringA0SystemBoolean', ID = '9015'
Method 'SystemVoidA0A0SystemCollectionsGenericList1A4CosmosSystemFileSystemListingDirectoryEntrycctor', ID = '9018'
Method 'A0SystemStringA2CosmosCore_PlugsSystemStringImplToUpperInvariant', ID = '9025'
Method 'SystemVoidA0A0SystemSZGenericArrayEnumerator1A0A0SystemReflectionRuntimeMethodInfoarraycctor', ID = '9026'
Method 'A0SystemVoidA0A0SystemSZGenericArrayEnumerator1A0A0SystemReflectionRuntimeMethodInfoarrayDispose', ID = '9027'
Method 'A0SystemBooleanA0A0SystemSZGenericArrayEnumerator1A0A0SystemReflectionRuntimeMethodInfoarrayMoveNext', ID = '9028'
Method 'A0SystemBooleanA0SystemRuntimeCompilerServicesRuntimeHelpersIsBitwiseEquatableA0A0SystemReflectionRuntimeMethodInfoarray', ID = '9029'
Method 'A0SystemInt32A0InternalRuntimeCompilerServicesUnsafeSizeOfA0A0SystemReflectionRuntimeMethodInfoarray', ID = '9030'
Method 'A0SystemByteA0InternalRuntimeCompilerServicesUnsafeAsA0A0SystemReflectionRuntimeMethodInfoarrayA0SystemByteA0A0SystemReflectionRuntimeMethodInfoarray', ID = '9031'
Method 'A0SystemCharA0InternalRuntimeCompilerServicesUnsafeAsA0A0SystemReflectionRuntimeMethodInfoarrayA0SystemCharA0A0SystemReflectionRuntimeMethodInfoarray', ID = '9032'
Method 'A0SystemInt32A0InternalRuntimeCompilerServicesUnsafeAsA0A0SystemReflectionRuntimeMethodInfoarrayA0SystemInt32A0A0SystemReflectionRuntimeMethodInfoarray', ID = '9033'
Method 'A0SystemInt64A0InternalRuntimeCompilerServicesUnsafeAsA0A0SystemReflectionRuntimeMethodInfoarrayA0SystemInt64A0A0SystemReflectionRuntimeMethodInfoarray', ID = '9034'
Method 'A0A0SystemCollectionsGenericEqualityComparer1A0A0SystemReflectionRuntimeMethodInfoarrayA0A0SystemCollectionsGenericEqualityComparer1A0A0SystemReflectionRuntimeMethodInfoarrayget_Default', ID = '9035'
Method 'A0SystemInt32A0A0SystemCollectionsGenericEqualityComparer1A0A0SystemReflectionRuntimeMethodInfoarrayIndexOfA0A0A0SystemReflectionRuntimeMethodInfoarrayarrayA0A0SystemRe3ABEF4ECF8BE411E951CC58A1BD2D787', ID = '9036'
Method 'SystemVoidA8A8CosmosIL2CPUSZArrayImpl1GetEnumeratord__0A0A0SystemReflectionRuntimeMethodInfoarrayctorA0SystemInt32', ID = '9037'
Method 'A0A0SystemReflectionParameterInfoarrayA0InternalRuntimeCompilerServicesUnsafeAsA0A0SystemReflectionParameterInfoarrayA0SystemObject', ID = '9040'
Method 'SystemVoidA0A0SystemSZGenericArrayEnumerator1A0SystemReflectionParameterInfoctorA0A0SystemReflectionParameterInfoarray', ID = '9041'
Method 'A0SystemInt32A0SystemArrayIndexOfA0SystemReflectionParameterInfoA0A0SystemReflectionParameterInfoarrayA0SystemReflectionParameterInfoA0SystemInt32A0SystemInt32', ID = '9044'
Method 'A0A0SystemCollectionsGenericIEnumerator1A0SystemReflectionParameterInfoA8A8CosmosIL2CPUSZArrayImpl1A0SystemReflectionParameterInfoGetEnumerator', ID = '9045'
Method 'A0SystemVoidA8A8CosmosIL2CPUSZArrayImpl1A0SystemReflectionParameterInfoCopyToA0A0SystemReflectionParameterInfoarrayA0SystemInt32', ID = '9046'
Method 'A0SystemInt32A8A8CosmosIL2CPUSZArrayImpl1A0SystemReflectionParameterInfoget_Count', ID = '9047'
Method 'A0SystemReflectionParameterInfoA8A8CosmosIL2CPUSZArrayImpl1A0SystemReflectionParameterInfoget_ItemA0SystemInt32', ID = '9048'
Method 'A0SystemVoidA8A8CosmosIL2CPUSZArrayImpl1A0SystemReflectionParameterInfoset_ItemA0SystemInt32A0SystemReflectionParameterInfo', ID = '9049'
Method 'A0SystemVoidA8A8CosmosIL2CPUSZArrayImpl1A0SystemReflectionParameterInfoAddA0SystemReflectionParameterInfo', ID = '9050'
Method 'A0SystemBooleanA8A8CosmosIL2CPUSZArrayImpl1A0SystemReflectionParameterInfoContainsA0SystemReflectionParameterInfo', ID = '9051'
Method 'A0SystemBooleanA8A8CosmosIL2CPUSZArrayImpl1A0SystemReflectionParameterInfoget_IsReadOnly', ID = '9052'
Method 'A0SystemVoidA8A8CosmosIL2CPUSZArrayImpl1A0SystemReflectionParameterInfoClear', ID = '9053'
Method 'A0SystemInt32A8A8CosmosIL2CPUSZArrayImpl1A0SystemReflectionParameterInfoIndexOfA0SystemReflectionParameterInfo', ID = '9054'
Method 'A0SystemVoidA8A8CosmosIL2CPUSZArrayImpl1A0SystemReflectionParameterInfoInsertA0SystemInt32A0SystemReflectionParameterInfo', ID = '9055'
Method 'A0SystemVoidA8A8CosmosIL2CPUSZArrayImpl1A0SystemReflectionParameterInfoRemoveAtA0SystemInt32', ID = '9056'
Method 'A0SystemBooleanA8A8CosmosIL2CPUSZArrayImpl1A0SystemReflectionParameterInfoget_IsFixedSize', ID = '9057'
Method 'A0SystemVoidA8A8CosmosIL2CPUSZArrayImpl1A0SystemReflectionParameterInfoRemoveA0SystemReflectionParameterInfo', ID = '9058'
Method 'A0SystemObjectA8A8CosmosIL2CPUSZArrayImpl1A0SystemReflectionParameterInfoget_SyncRoot', ID = '9059'
Method 'A0SystemBooleanA8A8CosmosIL2CPUSZArrayImpl1A0SystemReflectionParameterInfoget_IsSynchronized', ID = '9060'
Method 'A0SystemStringA0SystemReflectionParameterInfoget_Name', ID = '9061'
Method 'A0SystemStringA2CosmosCore_PlugsSystemRuntimeMethodHandleImplGetNameA0SystemObject', ID = '9064'
Method 'A0SystemBooleanA0SystemReflectionRuntimeMethodInfoget_IsGenericMethod', ID = '9065'
Method 'SystemVoidA0A0SystemCollectionsGenericEqualityComparer1A0SystemReflectionRuntimeMethodInfocctor', ID = '9066'
Method 'SystemVoidA0A0SystemSZGenericArrayEnumerator1A0A0SystemReflectionRuntimeConstructorInfoarraycctor', ID = '9068'
Method 'A0SystemVoidA0A0SystemSZGenericArrayEnumerator1A0A0SystemReflectionRuntimeConstructorInfoarrayDispose', ID = '9069'
Method 'A0SystemBooleanA0A0SystemSZGenericArrayEnumerator1A0A0SystemReflectionRuntimeConstructorInfoarrayMoveNext', ID = '9070'
Method 'A0SystemBooleanA0SystemRuntimeCompilerServicesRuntimeHelpersIsBitwiseEquatableA0A0SystemReflectionRuntimeConstructorInfoarray', ID = '9071'
Method 'A0SystemInt32A0InternalRuntimeCompilerServicesUnsafeSizeOfA0A0SystemReflectionRuntimeConstructorInfoarray', ID = '9072'
Method 'A0SystemByteA0InternalRuntimeCompilerServicesUnsafeAsA0A0SystemReflectionRuntimeConstructorInfoarrayA0SystemByteA0A0SystemReflectionRuntimeConstructorInfoarray', ID = '9073'
Method 'A0SystemCharA0InternalRuntimeCompilerServicesUnsafeAsA0A0SystemReflectionRuntimeConstructorInfoarrayA0SystemCharA0A0SystemReflectionRuntimeConstructorInfoarray', ID = '9074'
Method 'A0SystemInt32A0InternalRuntimeCompilerServicesUnsafeAsA0A0SystemReflectionRuntimeConstructorInfoarrayA0SystemInt32A0A0SystemReflectionRuntimeConstructorInfoarray', ID = '9075'
Method 'A0SystemInt64A0InternalRuntimeCompilerServicesUnsafeAsA0A0SystemReflectionRuntimeConstructorInfoarrayA0SystemInt64A0A0SystemReflectionRuntimeConstructorInfoarray', ID = '9076'
Method 'A0A0SystemCollectionsGenericEqualityComparer1A0A0SystemReflectionRuntimeConstructorInfoarrayA0A0SystemCollectionsGenericEqualityComparer1A0A0SystemReflectionRuntimeConstructorInfoarrayget_Default', ID = '9077'
Method 'A0SystemInt32A0A0SystemCollectionsGenericEqualityComparer1A0A0SystemReflectionRuntimeConstructorInfoarrayIndexOfA0A0A0SystemReflectionRuntimeConstructorInfoarrayarrayA00D0489D81DFD2A99D2643B500238B3F1', ID = '9078'
Method 'SystemVoidA8A8CosmosIL2CPUSZArrayImpl1GetEnumeratord__0A0A0SystemReflectionRuntimeConstructorInfoarrayctorA0SystemInt32', ID = '9079'
Method 'A0SystemBooleanA0SystemTypeget_IsByRef', ID = '9086'
Method 'A0A0SystemReadOnlySpan1A0SystemCharA0SystemMemoryExtensionsTrimEndA0A0SystemReadOnlySpan1A0SystemCharA0SystemChar', ID = '9087'
Method 'SystemVoidA0A0SystemCollectionsGenericEqualityComparer1A0SystemReflectionRuntimeConstructorInfocctor', ID = '9089'
Method 'SystemVoidA0A0SystemSZGenericArrayEnumerator1A0A0SystemReflectionRuntimeFieldInfoarraycctor', ID = '9091'
Method 'A0SystemVoidA0A0SystemSZGenericArrayEnumerator1A0A0SystemReflectionRuntimeFieldInfoarrayDispose', ID = '9092'
Method 'A0SystemBooleanA0A0SystemSZGenericArrayEnumerator1A0A0SystemReflectionRuntimeFieldInfoarrayMoveNext', ID = '9093'
Method 'A0SystemBooleanA0SystemRuntimeCompilerServicesRuntimeHelpersIsBitwiseEquatableA0A0SystemReflectionRuntimeFieldInfoarray', ID = '9094'
Method 'A0SystemInt32A0InternalRuntimeCompilerServicesUnsafeSizeOfA0A0SystemReflectionRuntimeFieldInfoarray', ID = '9095'
Method 'A0SystemByteA0InternalRuntimeCompilerServicesUnsafeAsA0A0SystemReflectionRuntimeFieldInfoarrayA0SystemByteA0A0SystemReflectionRuntimeFieldInfoarray', ID = '9096'
Method 'A0SystemCharA0InternalRuntimeCompilerServicesUnsafeAsA0A0SystemReflectionRuntimeFieldInfoarrayA0SystemCharA0A0SystemReflectionRuntimeFieldInfoarray', ID = '9097'
Method 'A0SystemInt32A0InternalRuntimeCompilerServicesUnsafeAsA0A0SystemReflectionRuntimeFieldInfoarrayA0SystemInt32A0A0SystemReflectionRuntimeFieldInfoarray', ID = '9098'
Method 'A0SystemInt64A0InternalRuntimeCompilerServicesUnsafeAsA0A0SystemReflectionRuntimeFieldInfoarrayA0SystemInt64A0A0SystemReflectionRuntimeFieldInfoarray', ID = '9099'
Method 'A0A0SystemCollectionsGenericEqualityComparer1A0A0SystemReflectionRuntimeFieldInfoarrayA0A0SystemCollectionsGenericEqualityComparer1A0A0SystemReflectionRuntimeFieldInfoarrayget_Default', ID = '9100'
Method 'A0SystemInt32A0A0SystemCollectionsGenericEqualityComparer1A0A0SystemReflectionRuntimeFieldInfoarrayIndexOfA0A0A0SystemReflectionRuntimeFieldInfoarrayarrayA0A0SystemReflAF0FBE7D1F97557C9D053A4B38251198', ID = '9101'
Method 'SystemVoidA8A8CosmosIL2CPUSZArrayImpl1GetEnumeratord__0A0A0SystemReflectionRuntimeFieldInfoarrayctorA0SystemInt32', ID = '9102'
Method 'A0SystemBooleanA0SystemTypeget_IsPrimitive', ID = '9104'
Method 'A0SystemBooleanA0SystemTypeget_IsNested', ID = '9105'
Method 'SystemVoidA0A0SystemCollectionsGenericEqualityComparer1A0SystemReflectionRuntimeFieldInfocctor', ID = '9107'
Method 'SystemVoidA0A0SystemSZGenericArrayEnumerator1A0A0SystemRuntimeTypearraycctor', ID = '9109'
Method 'A0SystemVoidA0A0SystemSZGenericArrayEnumerator1A0A0SystemRuntimeTypearrayDispose', ID = '9110'
Method 'A0SystemBooleanA0A0SystemSZGenericArrayEnumerator1A0A0SystemRuntimeTypearrayMoveNext', ID = '9111'
Method 'A0SystemBooleanA0SystemRuntimeCompilerServicesRuntimeHelpersIsBitwiseEquatableA0A0SystemRuntimeTypearray', ID = '9112'
Method 'A0SystemInt32A0InternalRuntimeCompilerServicesUnsafeSizeOfA0A0SystemRuntimeTypearray', ID = '9113'
Method 'A0SystemByteA0InternalRuntimeCompilerServicesUnsafeAsA0A0SystemRuntimeTypearrayA0SystemByteA0A0SystemRuntimeTypearray', ID = '9114'
Method 'A0SystemCharA0InternalRuntimeCompilerServicesUnsafeAsA0A0SystemRuntimeTypearrayA0SystemCharA0A0SystemRuntimeTypearray', ID = '9115'
Method 'A0SystemInt32A0InternalRuntimeCompilerServicesUnsafeAsA0A0SystemRuntimeTypearrayA0SystemInt32A0A0SystemRuntimeTypearray', ID = '9116'
Method 'A0SystemInt64A0InternalRuntimeCompilerServicesUnsafeAsA0A0SystemRuntimeTypearrayA0SystemInt64A0A0SystemRuntimeTypearray', ID = '9117'
Method 'A0A0SystemCollectionsGenericEqualityComparer1A0A0SystemRuntimeTypearrayA0A0SystemCollectionsGenericEqualityComparer1A0A0SystemRuntimeTypearrayget_Default', ID = '9118'
Method 'A0SystemInt32A0A0SystemCollectionsGenericEqualityComparer1A0A0SystemRuntimeTypearrayIndexOfA0A0A0SystemRuntimeTypearrayarrayA0A0SystemRuntimeTypearrayA0SystemInt32A0SystemInt32', ID = '9119'
Method 'SystemVoidA8A8CosmosIL2CPUSZArrayImpl1GetEnumeratord__0A0A0SystemRuntimeTypearrayctorA0SystemInt32', ID = '9120'
Method 'SystemVoidA0A0SystemCollectionsGenericEqualityComparer1A0SystemRuntimeTypecctor', ID = '9122'
Method 'SystemVoidA0A0SystemSZGenericArrayEnumerator1A0A0SystemReflectionRuntimePropertyInfoarraycctor', ID = '9124'
Method 'A0SystemVoidA0A0SystemSZGenericArrayEnumerator1A0A0SystemReflectionRuntimePropertyInfoarrayDispose', ID = '9125'
Method 'A0SystemBooleanA0A0SystemSZGenericArrayEnumerator1A0A0SystemReflectionRuntimePropertyInfoarrayMoveNext', ID = '9126'
Method 'A0SystemBooleanA0SystemRuntimeCompilerServicesRuntimeHelpersIsBitwiseEquatableA0A0SystemReflectionRuntimePropertyInfoarray', ID = '9127'
Method 'A0SystemInt32A0InternalRuntimeCompilerServicesUnsafeSizeOfA0A0SystemReflectionRuntimePropertyInfoarray', ID = '9128'
Method 'A0SystemByteA0InternalRuntimeCompilerServicesUnsafeAsA0A0SystemReflectionRuntimePropertyInfoarrayA0SystemByteA0A0SystemReflectionRuntimePropertyInfoarray', ID = '9129'
Method 'A0SystemCharA0InternalRuntimeCompilerServicesUnsafeAsA0A0SystemReflectionRuntimePropertyInfoarrayA0SystemCharA0A0SystemReflectionRuntimePropertyInfoarray', ID = '9130'
Method 'A0SystemInt32A0InternalRuntimeCompilerServicesUnsafeAsA0A0SystemReflectionRuntimePropertyInfoarrayA0SystemInt32A0A0SystemReflectionRuntimePropertyInfoarray', ID = '9131'
Method 'A0SystemInt64A0InternalRuntimeCompilerServicesUnsafeAsA0A0SystemReflectionRuntimePropertyInfoarrayA0SystemInt64A0A0SystemReflectionRuntimePropertyInfoarray', ID = '9132'
Method 'A0A0SystemCollectionsGenericEqualityComparer1A0A0SystemReflectionRuntimePropertyInfoarrayA0A0SystemCollectionsGenericEqualityComparer1A0A0SystemReflectionRuntimePropertyInfoarrayget_Default', ID = '9133'
Method 'A0SystemInt32A0A0SystemCollectionsGenericEqualityComparer1A0A0SystemReflectionRuntimePropertyInfoarrayIndexOfA0A0A0SystemReflectionRuntimePropertyInfoarrayarrayA0A0Syst2D70CD5AFC7E0225EBD778DAB8AFE3F2', ID = '9134'
Method 'SystemVoidA8A8CosmosIL2CPUSZArrayImpl1GetEnumeratord__0A0A0SystemReflectionRuntimePropertyInfoarrayctorA0SystemInt32', ID = '9135'
Method 'A0A0SystemReflectionMethodInfoarrayA0InternalRuntimeCompilerServicesUnsafeAsA0A0SystemReflectionMethodInfoarrayA0SystemObject', ID = '9138'
Method 'SystemVoidA0A0SystemSZGenericArrayEnumerator1A0SystemReflectionMethodInfoctorA0A0SystemReflectionMethodInfoarray', ID = '9139'
Method 'A0SystemInt32A0SystemArrayIndexOfA0SystemReflectionMethodInfoA0A0SystemReflectionMethodInfoarrayA0SystemReflectionMethodInfoA0SystemInt32A0SystemInt32', ID = '9142'
Method 'A0A0SystemCollectionsGenericIEnumerator1A0SystemReflectionMethodInfoA8A8CosmosIL2CPUSZArrayImpl1A0SystemReflectionMethodInfoGetEnumerator', ID = '9143'
Method 'A0SystemVoidA8A8CosmosIL2CPUSZArrayImpl1A0SystemReflectionMethodInfoCopyToA0A0SystemReflectionMethodInfoarrayA0SystemInt32', ID = '9144'
Method 'A0SystemInt32A8A8CosmosIL2CPUSZArrayImpl1A0SystemReflectionMethodInfoget_Count', ID = '9145'
Method 'A0SystemReflectionMethodInfoA8A8CosmosIL2CPUSZArrayImpl1A0SystemReflectionMethodInfoget_ItemA0SystemInt32', ID = '9146'
Method 'A0SystemVoidA8A8CosmosIL2CPUSZArrayImpl1A0SystemReflectionMethodInfoset_ItemA0SystemInt32A0SystemReflectionMethodInfo', ID = '9147'
Method 'A0SystemVoidA8A8CosmosIL2CPUSZArrayImpl1A0SystemReflectionMethodInfoAddA0SystemReflectionMethodInfo', ID = '9148'
Method 'A0SystemBooleanA8A8CosmosIL2CPUSZArrayImpl1A0SystemReflectionMethodInfoContainsA0SystemReflectionMethodInfo', ID = '9149'
Method 'A0SystemBooleanA8A8CosmosIL2CPUSZArrayImpl1A0SystemReflectionMethodInfoget_IsReadOnly', ID = '9150'
Method 'A0SystemVoidA8A8CosmosIL2CPUSZArrayImpl1A0SystemReflectionMethodInfoClear', ID = '9151'
Method 'A0SystemInt32A8A8CosmosIL2CPUSZArrayImpl1A0SystemReflectionMethodInfoIndexOfA0SystemReflectionMethodInfo', ID = '9152'
Method 'A0SystemVoidA8A8CosmosIL2CPUSZArrayImpl1A0SystemReflectionMethodInfoInsertA0SystemInt32A0SystemReflectionMethodInfo', ID = '9153'
Method 'A0SystemVoidA8A8CosmosIL2CPUSZArrayImpl1A0SystemReflectionMethodInfoRemoveAtA0SystemInt32', ID = '9154'
Method 'A0SystemBooleanA8A8CosmosIL2CPUSZArrayImpl1A0SystemReflectionMethodInfoget_IsFixedSize', ID = '9155'
Method 'A0SystemVoidA8A8CosmosIL2CPUSZArrayImpl1A0SystemReflectionMethodInfoRemoveA0SystemReflectionMethodInfo', ID = '9156'
Method 'A0SystemObjectA8A8CosmosIL2CPUSZArrayImpl1A0SystemReflectionMethodInfoget_SyncRoot', ID = '9157'
Method 'A0SystemBooleanA8A8CosmosIL2CPUSZArrayImpl1A0SystemReflectionMethodInfoget_IsSynchronized', ID = '9158'
Method 'A0SystemInt32A0SystemStringstrlenA0SystemBytepointer', ID = '9160'
Method 'A0SystemStringA0SystemMdUtf8StringToString', ID = '9161'
Method 'SystemVoidA0A0SystemCollectionsGenericEqualityComparer1A0SystemReflectionRuntimePropertyInfocctor', ID = '9162'
Method 'SystemVoidA0A0SystemSZGenericArrayEnumerator1A0A0SystemReflectionRuntimeEventInfoarraycctor', ID = '9164'
Method 'A0SystemVoidA0A0SystemSZGenericArrayEnumerator1A0A0SystemReflectionRuntimeEventInfoarrayDispose', ID = '9165'
Method 'A0SystemBooleanA0A0SystemSZGenericArrayEnumerator1A0A0SystemReflectionRuntimeEventInfoarrayMoveNext', ID = '9166'
Method 'A0SystemBooleanA0SystemRuntimeCompilerServicesRuntimeHelpersIsBitwiseEquatableA0A0SystemReflectionRuntimeEventInfoarray', ID = '9167'
Method 'A0SystemInt32A0InternalRuntimeCompilerServicesUnsafeSizeOfA0A0SystemReflectionRuntimeEventInfoarray', ID = '9168'
Method 'A0SystemByteA0InternalRuntimeCompilerServicesUnsafeAsA0A0SystemReflectionRuntimeEventInfoarrayA0SystemByteA0A0SystemReflectionRuntimeEventInfoarray', ID = '9169'
Method 'A0SystemCharA0InternalRuntimeCompilerServicesUnsafeAsA0A0SystemReflectionRuntimeEventInfoarrayA0SystemCharA0A0SystemReflectionRuntimeEventInfoarray', ID = '9170'
Method 'A0SystemInt32A0InternalRuntimeCompilerServicesUnsafeAsA0A0SystemReflectionRuntimeEventInfoarrayA0SystemInt32A0A0SystemReflectionRuntimeEventInfoarray', ID = '9171'
Method 'A0SystemInt64A0InternalRuntimeCompilerServicesUnsafeAsA0A0SystemReflectionRuntimeEventInfoarrayA0SystemInt64A0A0SystemReflectionRuntimeEventInfoarray', ID = '9172'
Method 'A0A0SystemCollectionsGenericEqualityComparer1A0A0SystemReflectionRuntimeEventInfoarrayA0A0SystemCollectionsGenericEqualityComparer1A0A0SystemReflectionRuntimeEventInfoarrayget_Default', ID = '9173'
Method 'A0SystemInt32A0A0SystemCollectionsGenericEqualityComparer1A0A0SystemReflectionRuntimeEventInfoarrayIndexOfA0A0A0SystemReflectionRuntimeEventInfoarrayarrayA0A0SystemRefl62F688AD8FF289A360340FD824A83668', ID = '9174'
Method 'SystemVoidA8A8CosmosIL2CPUSZArrayImpl1GetEnumeratord__0A0A0SystemReflectionRuntimeEventInfoarrayctorA0SystemInt32', ID = '9175'
Method 'SystemVoidA0A0SystemCollectionsGenericEqualityComparer1A0SystemReflectionRuntimeEventInfocctor', ID = '9180'
Method 'A0SystemInt32A0SystemSpanHelpersIndexOfA0SystemCharA0SystemCharA0SystemCharA0SystemInt32', ID = '9182'
Method 'A0SystemStringA0SystemStringConcatA0A0SystemReadOnlySpan1A0SystemCharA0A0SystemReadOnlySpan1A0SystemCharA0A0SystemReadOnlySpan1A0SystemCharA0A0SystemReadOnlySpan1A0SystemChar', ID = '9183'
Method 'SystemVoidA0A0SystemNullable1A0SystemRuntimeInteropServicesDllImportSearchPathctorA0SystemRuntimeInteropServicesDllImportSearchPath', ID = '9184'
Method 'A0SystemBooleanA0SystemRuntimeInteropServicesNativeLibraryTryLoadA0SystemStringA0SystemReflectionAssemblyA0A0SystemNullable1A0SystemRuntimeInteropServicesDllImportSearchPathA0SystemIntPtr', ID = '9185'
Method 'A0SystemInt32A0SystemTextEncodingGetByteCountFastA0SystemCharpointerA0SystemInt32A0SystemTextEncoderFallbackA0SystemInt32', ID = '9188'
Method 'A0SystemInt32A0SystemTextEncodingGetByteCountWithFallbackA0SystemCharpointerA0SystemInt32A0SystemInt32', ID = '9189'
Method 'A0SystemInt32A0SystemTextASCIIEncodingGetByteCountA0SystemCharpointerA0SystemInt32', ID = '9190'
Method 'A0SystemInt32A0SystemTextUTF8EncodingGetByteCountA0SystemCharpointerA0SystemInt32', ID = '9191'
Method 'A0SystemInt32A4CosmosSystemConsoleConsoleEncodingGetByteCountA0SystemCharpointerA0SystemInt32', ID = '9192'
Method 'A0SystemInt32A0SystemTextEncodingGetByteCountWithFallbackA0SystemCharpointerA0SystemInt32A0SystemInt32A0SystemTextEncoderNLS', ID = '9193'
Method 'A0A0SystemRuntimeIntrinsicsVector1281A0SystemInt16A0SystemRuntimeIntrinsicsX86Sse2LoadVector128A0SystemInt16pointer', ID = '9194'
Method 'A0A0SystemRuntimeIntrinsicsVector1281A0SystemUInt16A0SystemRuntimeIntrinsicsVector128AsUInt16A0SystemInt16A0A0SystemRuntimeIntrinsicsVector1281A0SystemInt16', ID = '9195'
Method 'A0A0SystemRuntimeIntrinsicsVector1281A0SystemUInt16A0SystemRuntimeIntrinsicsX86Sse2AddSaturateA0A0SystemRuntimeIntrinsicsVector1281A0SystemUInt16A0A0SystemRuntimeIntrinsicsVector1281A0SystemUInt16', ID = '9196'
Method 'A0A0SystemRuntimeIntrinsicsVector1281A0SystemInt16A0SystemRuntimeIntrinsicsX86Sse2OrA0A0SystemRuntimeIntrinsicsVector1281A0SystemInt16A0A0SystemRuntimeIntrinsicsVector1281A0SystemInt16', ID = '9197'
Method 'A0SystemVoidA0SystemRuntimeIntrinsicsX86Sse2StoreAlignedA0SystemBytepointerA0A0SystemRuntimeIntrinsicsVector1281A0SystemByte', ID = '9198'
Method 'A0A0SystemNumericsVector1A0SystemUInt16A0A0SystemNumericsVector1A0SystemUInt16op_BitwiseOrA0A0SystemNumericsVector1A0SystemUInt16A0A0SystemNumericsVector1A0SystemUInt16', ID = '9199'
Method 'A0A0SystemNumericsVector1A0SystemUInt16A0A0SystemNumericsVector1A0SystemUInt16GreaterThanA0A0SystemNumericsVector1A0SystemUInt16A0A0SystemNumericsVector1A0SystemUInt16', ID = '9200'
Method 'A0A0SystemNumericsVector1A0SystemInt32A0A0SystemNumericsVector1A0SystemUInt16op_ExplicitA0A0SystemNumericsVector1A0SystemUInt16', ID = '9201'
Method 'A0A0SystemNumericsVector1A0SystemInt32A0A0SystemNumericsVector1A0SystemInt32get_Zero', ID = '9202'
Method 'A0SystemBooleanA0A0SystemNumericsVector1A0SystemInt32EqualsA0A0SystemNumericsVector1A0SystemInt32', ID = '9203'
Method 'A0SystemUInt16A0A0SystemNumericsVector1A0SystemUInt16get_ItemA0SystemInt32', ID = '9204'
Method 'A0A0SystemRuntimeIntrinsicsVector1281A0SystemUInt64A0SystemRuntimeIntrinsicsX86Sse2X64ConvertScalarToVector128UInt64A0SystemUInt64', ID = '9205'
Method 'A0SystemVoidA0InternalRuntimeCompilerServicesUnsafeWriteUnalignedA0SystemUInt32A0SystemByteA0SystemUInt32', ID = '9206'
Method 'A0SystemBooleanA2CosmosCore_PlugsRuntimeIntrinsicsX86Sse41X86Implget_IsSupported', ID = '9208'
Method 'A0A0SystemRuntimeIntrinsicsVector1281A0SystemInt16A0SystemRuntimeIntrinsicsVector128Createg__SoftwareFallbacksLine22_0A0SystemInt16', ID = '9210'
Method 'A0A0SystemRuntimeIntrinsicsVector1281A0SystemUInt64A0InternalRuntimeCompilerServicesUnsafeAsRefA0A0SystemRuntimeIntrinsicsVector1281A0SystemUInt64A0SystemVoidpointer', ID = '9213'
Method 'A0A0SystemRuntimeIntrinsicsVector1281A0SystemInt16A0SystemRuntimeIntrinsicsVector128AsA0SystemUInt64A0SystemInt16A0A0SystemRuntimeIntrinsicsVector1281A0SystemUInt64', ID = '9214'
Method 'A0A0SystemRuntimeIntrinsicsVector1281A0SystemUInt64A0SystemRuntimeIntrinsicsVector128AsA0SystemInt16A0SystemUInt64A0A0SystemRuntimeIntrinsicsVector1281A0SystemInt16', ID = '9215'
Method 'A0SystemUInt16A0SystemBuffersBinaryBinaryPrimitivesReverseEndiannessA0SystemUInt16', ID = '9216'
Method 'A0SystemVoidA0InternalRuntimeCompilerServicesUnsafeWriteUnalignedA0SystemUInt16A0SystemByteA0SystemUInt16', ID = '9217'
Method 'A0SystemUInt32A0SystemBuffersBinaryBinaryPrimitivesReverseEndiannessA0SystemUInt32', ID = '9218'
Method 'A0SystemStringA0SystemTextRuneToString', ID = '9219'
Method 'A0SystemBooleanA0SystemTextRuneSystemISpanFormattableTryFormatA0A0SystemSpan1A0SystemCharA0SystemInt32A0A0SystemReadOnlySpan1A0SystemCharA0SystemIFormatProvider', ID = '9220'
Method 'A0SystemStringA0SystemTextRuneSystemIFormattableToStringA0SystemStringA0SystemIFormatProvider', ID = '9221'
Method 'A0SystemBooleanA0SystemTextRuneEqualsA0SystemObject', ID = '9222'
Method 'A0SystemInt32A0SystemTextRuneGetHashCode', ID = '9223'
Method 'SystemVoidA0SystemTextRunectorA0SystemUInt32A0SystemBoolean', ID = '9226'
Method 'A0SystemBooleanA0SystemTextRuneget_IsAscii', ID = '9227'
Method 'A0SystemBooleanA0A0SystemSpan1A0SystemByteget_IsEmpty', ID = '9228'
Method 'A0SystemBooleanA0SystemTextRuneTryEncodeToUtf8A0A0SystemSpan1A0SystemByteA0SystemInt32', ID = '9229'
Method 'A0SystemTextEncoderFallbackBufferA0SystemTextEncoderReplacementFallbackCreateFallbackBuffer', ID = '9230'
Method 'A0SystemTextEncoderFallbackBufferA0SystemTextEncoderExceptionFallbackCreateFallbackBuffer', ID = '9231'
Method 'A0SystemInt32A0SystemTextUnicodeUtilityGetUtf16SequenceLengthA0SystemUInt32', ID = '9232'
Method 'A0SystemStringA0SystemSRget_Argument_RecursiveFallback', ID = '9233'
Method 'A0SystemStringA4CosmosSystemConsoleConsoleEncodingget_EncodingName', ID = '9234'
Method 'A0SystemVoidA0SystemTextEncodingGetDataItem', ID = '9235'
Method 'A0SystemStringA0SystemTextCodePageDataItemget_DisplayName', ID = '9236'
Method 'A0SystemBooleanA0SystemCharIsSurrogatePairA0SystemCharA0SystemChar', ID = '9237'
Method 'SystemVoidA0A0SystemReadOnlySpan1A0SystemBooleanctorA0SystemVoidpointerA0SystemInt32', ID = '9240'
Method 'A0SystemBooleanA0A0SystemByReference1A0SystemBooleanget_Value', ID = '9241'
Method 'A0SystemBooleanA0InternalRuntimeCompilerServicesUnsafeAddA0SystemBooleanA0SystemBooleanA0SystemIntPtr', ID = '9242'
Method 'A0SystemInt32A2CosmosCore_PlugsInteropKernel32ImplFindNLSStringExA0SystemCharpointerA0SystemUInt32A0SystemCharpointerA0SystemInt32A0SystemCharpointerA0SystemInt32A0SystD1D09C2313436C2ED46B7CA216C12964', ID = '9243'
Method 'A0SystemVoidA8A8CosmosIL2CPUSZArrayImpl1GetEnumeratord__0A0SystemReflectionAssemblySystemIDisposableDispose', ID = '9248'
Method 'A0SystemBooleanA8A8CosmosIL2CPUSZArrayImpl1GetEnumeratord__0A0SystemReflectionAssemblyMoveNext', ID = '9249'
Method 'SystemVoidA0A0SystemCollectionsGenericEqualityComparer1A0A0SystemCollectionsGenericKeyValuePair2A0SystemStringA0SystemReflectionAssemblycctor', ID = '9250'
Method 'A0SystemRandomXoshiroImplA0SystemRandomThreadSafeRandomget_LocalRandom', ID = '9252'
Method 'A0SystemVoidA0SystemTextUnicodeUtilityGetUtf16SurrogatesFromSupplementaryPlaneScalarA0SystemUInt32A0SystemCharA0SystemChar', ID = '9255'
Method 'A0SystemCharA0SystemGlobalizationCharUnicodeInfoToUpperA0SystemChar', ID = '9256'
Method 'A0SystemBooleanA0SystemGlobalizationTextInfoget_IsAsciiCasingSameAsInvariant', ID = '9258'
Method 'A0SystemUInt32A0SystemTextUnicodeUtf16UtilityConvertAllAsciiCharsInUInt32ToLowercaseA0SystemUInt32', ID = '9259'
Method 'A0SystemVoidA0SystemGlobalizationTextInfoChangeCaseCoreA0SystemCharpointerA0SystemInt32A0SystemCharpointerA0SystemInt32A0SystemBoolean', ID = '9260'
Method 'A0SystemBooleanA0A0SystemValueTuple2A0SystemUInt32A0SystemInt32EqualsA0A0SystemValueTuple2A0SystemUInt32A0SystemInt32', ID = '9261'
Method 'A0A0SystemUInt16arrayA0SystemArrayEmptyA0SystemUInt16', ID = '9263'
Method 'A0A0A0SystemUInt16arrayarrayA0SystemGlobalizationOrdinalCasingInitCasingTable', ID = '9265'
Method 'A0SystemVoidA0SystemThreadingVolatileWriteA0A0SystemUInt16arrayA0A0SystemUInt16arrayA0A0SystemUInt16array', ID = '9267'
Method 'SystemVoidA0A0SystemSZGenericArrayEnumerator1A0A0SystemThreadingTasksTask1A0SystemInt32cctor', ID = '9268'
Method 'A0SystemVoidA0A0SystemSZGenericArrayEnumerator1A0A0SystemThreadingTasksTask1A0SystemInt32Dispose', ID = '9269'
Method 'A0SystemBooleanA0A0SystemSZGenericArrayEnumerator1A0A0SystemThreadingTasksTask1A0SystemInt32MoveNext', ID = '9270'
Method 'A0SystemBooleanA0SystemRuntimeCompilerServicesRuntimeHelpersIsBitwiseEquatableA0A0SystemThreadingTasksTask1A0SystemInt32', ID = '9271'
Method 'A0SystemInt32A0InternalRuntimeCompilerServicesUnsafeSizeOfA0A0SystemThreadingTasksTask1A0SystemInt32', ID = '9272'
Method 'A0SystemByteA0InternalRuntimeCompilerServicesUnsafeAsA0A0SystemThreadingTasksTask1A0SystemInt32A0SystemByteA0A0SystemThreadingTasksTask1A0SystemInt32', ID = '9273'
Method 'A0SystemCharA0InternalRuntimeCompilerServicesUnsafeAsA0A0SystemThreadingTasksTask1A0SystemInt32A0SystemCharA0A0SystemThreadingTasksTask1A0SystemInt32', ID = '9274'
Method 'A0SystemInt32A0InternalRuntimeCompilerServicesUnsafeAsA0A0SystemThreadingTasksTask1A0SystemInt32A0SystemInt32A0A0SystemThreadingTasksTask1A0SystemInt32', ID = '9275'
Method 'A0SystemInt64A0InternalRuntimeCompilerServicesUnsafeAsA0A0SystemThreadingTasksTask1A0SystemInt32A0SystemInt64A0A0SystemThreadingTasksTask1A0SystemInt32', ID = '9276'
Method 'A0A0SystemCollectionsGenericEqualityComparer1A0A0SystemThreadingTasksTask1A0SystemInt32A0A0SystemCollectionsGenericEqualityComparer1A0A0SystemThreadingTasksTask1A0SystemInt32get_Default', ID = '9277'
Method 'A0SystemInt32A0A0SystemCollectionsGenericEqualityComparer1A0A0SystemThreadingTasksTask1A0SystemInt32IndexOfA0A0A0SystemThreadingTasksTask1A0SystemInt32arrayA0A0SystemTh7842A74113271E801841F50EA0C69F39', ID = '9278'
Method 'SystemVoidA8A8CosmosIL2CPUSZArrayImpl1GetEnumeratord__0A0A0SystemThreadingTasksTask1A0SystemInt32ctorA0SystemInt32', ID = '9279'
Method 'SystemVoidA0SystemEnvironmentWindowsVersioncctor', ID = '9281'
Method 'A0SystemBooleanA0A0SystemValueTuple2A0SystemInt64A0SystemDateTimeEqualsA0A0SystemValueTuple2A0SystemInt64A0SystemDateTime', ID = '9282'
Method 'A0A0SystemThreadingTimerQueuearrayA0InternalRuntimeCompilerServicesUnsafeAsA0A0SystemThreadingTimerQueuearrayA0SystemObject', ID = '9284'
Method 'SystemVoidA0A0SystemSZGenericArrayEnumerator1A0SystemThreadingTimerQueuectorA0A0SystemThreadingTimerQueuearray', ID = '9285'
Method 'A0SystemInt32A0SystemArrayIndexOfA0SystemThreadingTimerQueueA0A0SystemThreadingTimerQueuearrayA0SystemThreadingTimerQueueA0SystemInt32A0SystemInt32', ID = '9288'
Method 'A0A0SystemCollectionsGenericIEnumerator1A0SystemThreadingTimerQueueA8A8CosmosIL2CPUSZArrayImpl1A0SystemThreadingTimerQueueGetEnumerator', ID = '9289'
Method 'A0SystemVoidA8A8CosmosIL2CPUSZArrayImpl1A0SystemThreadingTimerQueueCopyToA0A0SystemThreadingTimerQueuearrayA0SystemInt32', ID = '9290'
Method 'A0SystemInt32A8A8CosmosIL2CPUSZArrayImpl1A0SystemThreadingTimerQueueget_Count', ID = '9291'
Method 'A0SystemThreadingTimerQueueA8A8CosmosIL2CPUSZArrayImpl1A0SystemThreadingTimerQueueget_ItemA0SystemInt32', ID = '9292'
Method 'A0SystemVoidA8A8CosmosIL2CPUSZArrayImpl1A0SystemThreadingTimerQueueset_ItemA0SystemInt32A0SystemThreadingTimerQueue', ID = '9293'
Method 'A0SystemVoidA8A8CosmosIL2CPUSZArrayImpl1A0SystemThreadingTimerQueueAddA0SystemThreadingTimerQueue', ID = '9294'
Method 'A0SystemBooleanA8A8CosmosIL2CPUSZArrayImpl1A0SystemThreadingTimerQueueContainsA0SystemThreadingTimerQueue', ID = '9295'
Method 'A0SystemBooleanA8A8CosmosIL2CPUSZArrayImpl1A0SystemThreadingTimerQueueget_IsReadOnly', ID = '9296'
Method 'A0SystemVoidA8A8CosmosIL2CPUSZArrayImpl1A0SystemThreadingTimerQueueClear', ID = '9297'
Method 'A0SystemInt32A8A8CosmosIL2CPUSZArrayImpl1A0SystemThreadingTimerQueueIndexOfA0SystemThreadingTimerQueue', ID = '9298'
Method 'A0SystemVoidA8A8CosmosIL2CPUSZArrayImpl1A0SystemThreadingTimerQueueInsertA0SystemInt32A0SystemThreadingTimerQueue', ID = '9299'
Method 'A0SystemVoidA8A8CosmosIL2CPUSZArrayImpl1A0SystemThreadingTimerQueueRemoveAtA0SystemInt32', ID = '9300'
Method 'A0SystemBooleanA8A8CosmosIL2CPUSZArrayImpl1A0SystemThreadingTimerQueueget_IsFixedSize', ID = '9301'
Method 'A0SystemVoidA8A8CosmosIL2CPUSZArrayImpl1A0SystemThreadingTimerQueueRemoveA0SystemThreadingTimerQueue', ID = '9302'
Method 'A0SystemObjectA8A8CosmosIL2CPUSZArrayImpl1A0SystemThreadingTimerQueueget_SyncRoot', ID = '9303'
Method 'A0SystemBooleanA8A8CosmosIL2CPUSZArrayImpl1A0SystemThreadingTimerQueueget_IsSynchronized', ID = '9304'
Method 'A0A0SystemRuntimeIntrinsicsVector1281A0SystemByteA0SystemRuntimeIntrinsicsX86Sse2LoadVector128A0SystemBytepointer', ID = '9305'
Method 'A0A0SystemRuntimeIntrinsicsVector1281A0SystemByteA0A0SystemRuntimeIntrinsicsVector1281A0SystemByteget_Zero', ID = '9306'
Method 'A0A0SystemRuntimeIntrinsicsVector1281A0SystemByteA0SystemRuntimeIntrinsicsX86Sse2UnpackLowA0A0SystemRuntimeIntrinsicsVector1281A0SystemByteA0A0SystemRuntimeIntrinsicsVector1281A0SystemByte', ID = '9307'
Method 'A0SystemVoidA0SystemRuntimeIntrinsicsX86Sse2StoreA0SystemBytepointerA0A0SystemRuntimeIntrinsicsVector1281A0SystemByte', ID = '9308'
Method 'A0A0SystemRuntimeIntrinsicsVector1281A0SystemByteA0SystemRuntimeIntrinsicsX86Sse2UnpackHighA0A0SystemRuntimeIntrinsicsVector1281A0SystemByteA0A0SystemRuntimeIntrinsicsVector1281A0SystemByte', ID = '9309'
Method 'A0SystemVoidA0SystemThrowHelperThrowForUnsupportedNumericsVectorBaseTypeA0SystemSByte', ID = '9311'
Method 'A0A0SystemNumericsVector1A0SystemSByteA0A0SystemNumericsVector1A0SystemSByteLessThanA0A0SystemNumericsVector1A0SystemSByteA0A0SystemNumericsVector1A0SystemSByte', ID = '9312'
Method 'A0A0SystemNumericsVector1A0SystemInt32A0A0SystemNumericsVector1A0SystemSByteop_ExplicitA0A0SystemNumericsVector1A0SystemSByte', ID = '9313'
Method 'A0A0SystemNumericsVector1A0SystemByteA0A0SystemNumericsVector1A0SystemSByteop_ExplicitA0A0SystemNumericsVector1A0SystemSByte', ID = '9314'
Method 'A0SystemByteA0A0SystemNumericsVector1A0SystemByteget_ItemA0SystemInt32', ID = '9315'
Method 'A0A0SystemRuntimeIntrinsicsVector1281A0SystemUInt32A0SystemRuntimeIntrinsicsX86Sse2ConvertScalarToVector128UInt32A0SystemUInt32', ID = '9316'
Method 'A0SystemVoidA0InternalRuntimeCompilerServicesUnsafeWriteUnalignedA0SystemUInt64A0SystemByteA0SystemUInt64', ID = '9317'
Method 'A0SystemInt32A0SystemTextDecoderReplacementFallbackget_MaxCharCount', ID = '9318'
Method 'A0SystemInt32A0SystemTextDecoderExceptionFallbackget_MaxCharCount', ID = '9319'
Method 'A0SystemBuffersOperationStatusA0SystemTextRuneDecodeFromUtf8A0A0SystemReadOnlySpan1A0SystemByteA0SystemTextRuneA0SystemInt32', ID = '9321'
Method 'A0SystemTextDecoderFallbackBufferA0SystemTextDecoderReplacementFallbackCreateFallbackBuffer', ID = '9322'
Method 'A0SystemTextDecoderFallbackBufferA0SystemTextDecoderExceptionFallbackCreateFallbackBuffer', ID = '9323'
Method 'SystemVoidA0SystemTextRunectorA0SystemInt32', ID = '9324'
Method 'A0SystemInt32A0SystemRuntimeInteropServicesMemoryMarshalGetReferenceA0SystemInt32A0A0SystemSpan1A0SystemInt32', ID = '9325'
Method 'A0SystemBooleanA0SystemTextRuneTryEncodeToUtf16A0A0SystemSpan1A0SystemCharA0SystemInt32', ID = '9326'
Method 'A0SystemTextRuneA0SystemTextDecoderFallbackBufferGetNextRune', ID = '9327'
Method 'A0SystemVoidA0SystemTextDecoderFallbackBufferReset', ID = '9328'
Method 'A0SystemStringA0SystemSRget_Argument_EncodingConversionOverflowChars', ID = '9329'
Method 'A0SystemUIntPtrA0SystemTextASCIIUtilityGetIndexOfFirstNonAsciiByteA0SystemBytepointerA0SystemUIntPtr', ID = '9330'
Method 'A0SystemBytepointerA0SystemTextUnicodeUtf8UtilityGetPointerToFirstInvalidByteA0SystemBytepointerA0SystemInt32A0SystemInt32A0SystemInt32', ID = '9331'
Method 'A0SystemInt32A0SystemTextDecoderFallbackBufferInternalFallbackGetCharCountA0A0SystemReadOnlySpan1A0SystemByteA0SystemInt32', ID = '9332'
Method 'A0A0SystemCollectionsGenericIEnumerator1A0A0SystemCollectionsGenericDictionary2EntryA0SystemStringA0SystemResourcesResourceSetA0SystemSZArrayHelperGetEnumeratorA0A0Syst457EFFA7165601AA4CEB856254854749', ID = '9334'
Method 'A0SystemVoidA0SystemSZArrayHelperCopyToA0A0SystemCollectionsGenericDictionary2EntryA0SystemStringA0SystemResourcesResourceSetA0A0A0SystemCollectionsGenericDictionary2En0A0024C35E0E75B03A13B49D11B471A6', ID = '9335'
Method 'A0SystemInt32A0SystemSZArrayHelperget_CountA0A0SystemCollectionsGenericDictionary2EntryA0SystemStringA0SystemResourcesResourceSet', ID = '9336'
Method 'A0A0SystemCollectionsGenericDictionary2EntryA0SystemStringA0SystemResourcesResourceSetA0SystemSZArrayHelperget_ItemA0A0SystemCollectionsGenericDictionary2EntryA0SystemSA7F6DE5404B966D57E8EC2E35DC98571', ID = '9337'
Method 'A0SystemVoidA0SystemSZArrayHelperset_ItemA0A0SystemCollectionsGenericDictionary2EntryA0SystemStringA0SystemResourcesResourceSetA0SystemInt32A0A0SystemCollectionsGeneric1A06EA56EF90B57F6A05399C4AEB1FF3', ID = '9338'
Method 'A0SystemVoidA0SystemSZArrayHelperAddA0A0SystemCollectionsGenericDictionary2EntryA0SystemStringA0SystemResourcesResourceSetA0A0SystemCollectionsGenericDictionary2EntryA0F8E20E1C7D582297CDB5B01ED44D5726', ID = '9339'
Method 'A0SystemBooleanA0SystemSZArrayHelperContainsA0A0SystemCollectionsGenericDictionary2EntryA0SystemStringA0SystemResourcesResourceSetA0A0SystemCollectionsGenericDictionary1B5BF4F5EE707BBAF6B2EC30D28136EC', ID = '9340'
Method 'A0SystemBooleanA0SystemSZArrayHelperget_IsReadOnlyA0A0SystemCollectionsGenericDictionary2EntryA0SystemStringA0SystemResourcesResourceSet', ID = '9341'
Method 'A0SystemVoidA0SystemSZArrayHelperClearA0A0SystemCollectionsGenericDictionary2EntryA0SystemStringA0SystemResourcesResourceSet', ID = '9342'
Method 'A0SystemInt32A0SystemSZArrayHelperIndexOfA0A0SystemCollectionsGenericDictionary2EntryA0SystemStringA0SystemResourcesResourceSetA0A0SystemCollectionsGenericDictionary2En4FCE1C160D14E29852EB6B838D607A52', ID = '9343'
Method 'A0SystemVoidA0SystemSZArrayHelperInsertA0A0SystemCollectionsGenericDictionary2EntryA0SystemStringA0SystemResourcesResourceSetA0SystemInt32A0A0SystemCollectionsGenericDi97E35DD8FBAB1D407A32791DB223E5A4', ID = '9344'
Method 'A0SystemBooleanA0SystemSZArrayHelperRemoveA0A0SystemCollectionsGenericDictionary2EntryA0SystemStringA0SystemResourcesResourceSetA0A0SystemCollectionsGenericDictionary2EFB445C75D9796F9603C9631124603863', ID = '9345'
Method 'A0SystemVoidA0SystemSZArrayHelperRemoveAtA0A0SystemCollectionsGenericDictionary2EntryA0SystemStringA0SystemResourcesResourceSetA0SystemInt32', ID = '9346'
Method 'A0SystemVoidA0SystemResourcesResourceSetDispose', ID = '9359'
Method 'A0SystemInt32A0SystemVersionget_DefaultFormatFieldCount', ID = '9360'
Method 'A0SystemStringA0SystemVersionToStringA0SystemInt32', ID = '9361'
Method 'A0SystemBooleanA0SystemVersionTryFormatA0A0SystemSpan1A0SystemCharA0SystemInt32A0SystemInt32', ID = '9362'
Method 'A0SystemBooleanA0SystemVersionEqualsA0SystemVersion', ID = '9363'
Method 'SystemVoidA0A0SystemCollectionsGenericDictionary2A0SystemStringA0SystemResourcesResourceSetctorA0SystemInt32A0A0SystemCollectionsGenericIEqualityComparer1A0SystemString', ID = '9364'
Method 'A0SystemResourcesNeutralResourcesLanguageAttributeA0SystemReflectionCustomAttributeExtensionsGetCustomAttributeA0SystemResourcesNeutralResourcesLanguageAttributeA0SystemReflectionAssembly', ID = '9368'
Method 'A0SystemBooleanA0SystemGlobalizationGlobalizationModeget_PredefinedCulturesOnly', ID = '9369'
Method 'A0SystemResourcesUltimateResourceFallbackLocationA0SystemResourcesNeutralResourcesLanguageAttributeget_Location', ID = '9370'
Method 'A0SystemStringA0SystemSRget_Arg_InvalidNeutralResourcesLanguage_FallbackLoc', ID = '9371'
Method 'A0SystemStringA0SystemResourcesNeutralResourcesLanguageAttributeget_CultureName', ID = '9372'
Method 'A0SystemBooleanA0SystemReflectionAssemblyop_EqualityA0SystemReflectionAssemblyA0SystemReflectionAssembly', ID = '9373'
Method 'A0SystemStringA0SystemSRget_Arg_InvalidNeutralResourcesLanguage_Asm_Culture', ID = '9374'
Method 'SystemVoidA0SystemArgumentExceptionctorA0SystemStringA0SystemException', ID = '9375'
Method 'A4CosmosSystemKeyEventA0SystemRuntimeInteropServicesMemoryMarshalGetArrayDataReferenceA4CosmosSystemKeyEventA4A4CosmosSystemKeyEventarray', ID = '9377'
Method 'A0SystemVoidA0SystemBufferMemmoveA4CosmosSystemKeyEventA4CosmosSystemKeyEventA4CosmosSystemKeyEventA0SystemUIntPtr', ID = '9378'
Method 'A0SystemCharA4CosmosSystemFileSystemVFSVFSManagerGetAltDirectorySeparatorChar', ID = '9382'
Method 'A0SystemCharA4CosmosSystemFileSystemVFSVFSManagerGetDirectorySeparatorChar', ID = '9383'
Method 'A0SystemCharA4CosmosSystemFileSystemVFSVFSManagerGetVolumeSeparatorChar', ID = '9384'
Method 'A0A0SystemChararrayA4CosmosSystemFileSystemVFSVFSManagerGetRealInvalidPathChars', ID = '9385'
Method 'A0A0SystemCollectionsGenericIEnumerator1A4CosmosSystemFileSystemListingDirectoryEntryA0SystemSZArrayHelperGetEnumeratorA4CosmosSystemFileSystemListingDirectoryEntry', ID = '9387'
Method 'A0SystemVoidA0SystemSZArrayHelperCopyToA4CosmosSystemFileSystemListingDirectoryEntryA4A4CosmosSystemFileSystemListingDirectoryEntryarrayA0SystemInt32', ID = '9388'
Method 'A0SystemInt32A0SystemSZArrayHelperget_CountA4CosmosSystemFileSystemListingDirectoryEntry', ID = '9389'
Method 'A4CosmosSystemFileSystemListingDirectoryEntryA0SystemSZArrayHelperget_ItemA4CosmosSystemFileSystemListingDirectoryEntryA0SystemInt32', ID = '9390'
Method 'A0SystemVoidA0SystemSZArrayHelperset_ItemA4CosmosSystemFileSystemListingDirectoryEntryA0SystemInt32A4CosmosSystemFileSystemListingDirectoryEntry', ID = '9391'
Method 'A0SystemVoidA0SystemSZArrayHelperAddA4CosmosSystemFileSystemListingDirectoryEntryA4CosmosSystemFileSystemListingDirectoryEntry', ID = '9392'
Method 'A0SystemBooleanA0SystemSZArrayHelperContainsA4CosmosSystemFileSystemListingDirectoryEntryA4CosmosSystemFileSystemListingDirectoryEntry', ID = '9393'
Method 'A0SystemBooleanA0SystemSZArrayHelperget_IsReadOnlyA4CosmosSystemFileSystemListingDirectoryEntry', ID = '9394'
Method 'A0SystemVoidA0SystemSZArrayHelperClearA4CosmosSystemFileSystemListingDirectoryEntry', ID = '9395'
Method 'A0SystemInt32A0SystemSZArrayHelperIndexOfA4CosmosSystemFileSystemListingDirectoryEntryA4CosmosSystemFileSystemListingDirectoryEntry', ID = '9396'
Method 'A0SystemVoidA0SystemSZArrayHelperInsertA4CosmosSystemFileSystemListingDirectoryEntryA0SystemInt32A4CosmosSystemFileSystemListingDirectoryEntry', ID = '9397'
Method 'A0SystemBooleanA0SystemSZArrayHelperRemoveA4CosmosSystemFileSystemListingDirectoryEntryA4CosmosSystemFileSystemListingDirectoryEntry', ID = '9398'
Method 'A0SystemVoidA0SystemSZArrayHelperRemoveAtA4CosmosSystemFileSystemListingDirectoryEntryA0SystemInt32', ID = '9399'
Method 'A0SystemVoidA8A8CosmosIL2CPUSZArrayImpl1GetEnumeratord__0A0A0SystemReflectionRuntimeMethodInfoarraySystemIDisposableDispose', ID = '9405'
Method 'A0SystemBooleanA8A8CosmosIL2CPUSZArrayImpl1GetEnumeratord__0A0A0SystemReflectionRuntimeMethodInfoarrayMoveNext', ID = '9406'
Method 'SystemVoidA0A0SystemSZGenericArrayEnumerator1A0SystemReflectionParameterInfocctor', ID = '9407'
Method 'A0SystemVoidA0A0SystemSZGenericArrayEnumerator1A0SystemReflectionParameterInfoDispose', ID = '9408'
Method 'A0SystemBooleanA0A0SystemSZGenericArrayEnumerator1A0SystemReflectionParameterInfoMoveNext', ID = '9409'
Method 'A0SystemBooleanA0SystemRuntimeCompilerServicesRuntimeHelpersIsBitwiseEquatableA0SystemReflectionParameterInfo', ID = '9410'
Method 'A0SystemInt32A0InternalRuntimeCompilerServicesUnsafeSizeOfA0SystemReflectionParameterInfo', ID = '9411'
Method 'A0SystemByteA0InternalRuntimeCompilerServicesUnsafeAsA0SystemReflectionParameterInfoA0SystemByteA0SystemReflectionParameterInfo', ID = '9412'
Method 'A0SystemCharA0InternalRuntimeCompilerServicesUnsafeAsA0SystemReflectionParameterInfoA0SystemCharA0SystemReflectionParameterInfo', ID = '9413'
Method 'A0SystemInt32A0InternalRuntimeCompilerServicesUnsafeAsA0SystemReflectionParameterInfoA0SystemInt32A0SystemReflectionParameterInfo', ID = '9414'
Method 'A0SystemInt64A0InternalRuntimeCompilerServicesUnsafeAsA0SystemReflectionParameterInfoA0SystemInt64A0SystemReflectionParameterInfo', ID = '9415'
Method 'A0A0SystemCollectionsGenericEqualityComparer1A0SystemReflectionParameterInfoA0A0SystemCollectionsGenericEqualityComparer1A0SystemReflectionParameterInfoget_Default', ID = '9416'
Method 'A0SystemInt32A0A0SystemCollectionsGenericEqualityComparer1A0SystemReflectionParameterInfoIndexOfA0A0SystemReflectionParameterInfoarrayA0SystemReflectionParameterInfoA0SystemInt32A0SystemInt32', ID = '9417'
Method 'SystemVoidA8A8CosmosIL2CPUSZArrayImpl1GetEnumeratord__0A0SystemReflectionParameterInfoctorA0SystemInt32', ID = '9418'
Method 'A0SystemBooleanA0SystemRuntimeMethodHandleEqualsA0SystemObject', ID = '9420'
Method 'A0SystemInt32A0SystemRuntimeMethodHandleGetHashCode', ID = '9421'
Method 'A0SystemVoidA8A8CosmosIL2CPUSZArrayImpl1GetEnumeratord__0A0A0SystemReflectionRuntimeConstructorInfoarraySystemIDisposableDispose', ID = '9428'
Method 'A0SystemBooleanA8A8CosmosIL2CPUSZArrayImpl1GetEnumeratord__0A0A0SystemReflectionRuntimeConstructorInfoarrayMoveNext', ID = '9429'
Method 'A0SystemReflectionCallingConventionsA3CosmosSystem_PlugsSystemReflectionRuntimeMethodInfoImplget_CallingConvention', ID = '9430'
Method 'A0SystemReflectionCallingConventionsA3CosmosSystem_PlugsSystemReflectionRuntimeConstructorInfoImplget_CallingConvention', ID = '9431'
Method 'A0SystemVoidA8A8CosmosIL2CPUSZArrayImpl1GetEnumeratord__0A0A0SystemReflectionRuntimeFieldInfoarraySystemIDisposableDispose', ID = '9437'
Method 'A0SystemBooleanA8A8CosmosIL2CPUSZArrayImpl1GetEnumeratord__0A0A0SystemReflectionRuntimeFieldInfoarrayMoveNext', ID = '9438'
Method 'A0SystemBooleanA0SystemTypedReferenceEqualsA0SystemObject', ID = '9441'
Method 'A0SystemInt32A0SystemTypedReferenceGetHashCode', ID = '9442'
Method 'A0SystemVoidA8A8CosmosIL2CPUSZArrayImpl1GetEnumeratord__0A0A0SystemRuntimeTypearraySystemIDisposableDispose', ID = '9447'
Method 'A0SystemBooleanA8A8CosmosIL2CPUSZArrayImpl1GetEnumeratord__0A0A0SystemRuntimeTypearrayMoveNext', ID = '9448'
Method 'A0SystemVoidA8A8CosmosIL2CPUSZArrayImpl1GetEnumeratord__0A0A0SystemReflectionRuntimePropertyInfoarraySystemIDisposableDispose', ID = '9453'
Method 'A0SystemBooleanA8A8CosmosIL2CPUSZArrayImpl1GetEnumeratord__0A0A0SystemReflectionRuntimePropertyInfoarrayMoveNext', ID = '9454'
Method 'SystemVoidA0A0SystemSZGenericArrayEnumerator1A0SystemReflectionMethodInfocctor', ID = '9455'
Method 'A0SystemVoidA0A0SystemSZGenericArrayEnumerator1A0SystemReflectionMethodInfoDispose', ID = '9456'
Method 'A0SystemBooleanA0A0SystemSZGenericArrayEnumerator1A0SystemReflectionMethodInfoMoveNext', ID = '9457'
Method 'A0SystemBooleanA0SystemRuntimeCompilerServicesRuntimeHelpersIsBitwiseEquatableA0SystemReflectionMethodInfo', ID = '9458'
Method 'A0SystemInt32A0InternalRuntimeCompilerServicesUnsafeSizeOfA0SystemReflectionMethodInfo', ID = '9459'
Method 'A0SystemByteA0InternalRuntimeCompilerServicesUnsafeAsA0SystemReflectionMethodInfoA0SystemByteA0SystemReflectionMethodInfo', ID = '9460'
Method 'A0SystemCharA0InternalRuntimeCompilerServicesUnsafeAsA0SystemReflectionMethodInfoA0SystemCharA0SystemReflectionMethodInfo', ID = '9461'
Method 'A0SystemInt32A0InternalRuntimeCompilerServicesUnsafeAsA0SystemReflectionMethodInfoA0SystemInt32A0SystemReflectionMethodInfo', ID = '9462'
Method 'A0SystemInt64A0InternalRuntimeCompilerServicesUnsafeAsA0SystemReflectionMethodInfoA0SystemInt64A0SystemReflectionMethodInfo', ID = '9463'
Method 'A0A0SystemCollectionsGenericEqualityComparer1A0SystemReflectionMethodInfoA0A0SystemCollectionsGenericEqualityComparer1A0SystemReflectionMethodInfoget_Default', ID = '9464'
Method 'A0SystemInt32A0A0SystemCollectionsGenericEqualityComparer1A0SystemReflectionMethodInfoIndexOfA0A0SystemReflectionMethodInfoarrayA0SystemReflectionMethodInfoA0SystemInt32A0SystemInt32', ID = '9465'
Method 'SystemVoidA8A8CosmosIL2CPUSZArrayImpl1GetEnumeratord__0A0SystemReflectionMethodInfoctorA0SystemInt32', ID = '9466'
Method 'A0SystemVoidA0SystemStringThrowMustBeNullTerminatedString', ID = '9468'
Method 'A0SystemTextEncodingA0SystemTextEncodingget_UTF8', ID = '9469'
Method 'A0SystemStringA0SystemTextEncodingGetStringA0A0SystemReadOnlySpan1A0SystemByte', ID = '9470'
Method 'A0SystemVoidA8A8CosmosIL2CPUSZArrayImpl1GetEnumeratord__0A0A0SystemReflectionRuntimeEventInfoarraySystemIDisposableDispose', ID = '9475'
Method 'A0SystemBooleanA8A8CosmosIL2CPUSZArrayImpl1GetEnumeratord__0A0A0SystemReflectionRuntimeEventInfoarrayMoveNext', ID = '9476'
Method 'A0A0SystemReflectionParameterInfoarrayA3CosmosSystem_PlugsSystemReflectionRuntimeMethodInfoImplGetParametersNoCopy', ID = '9477'
Method 'A0A0SystemReflectionParameterInfoarrayA3CosmosSystem_PlugsSystemReflectionRuntimeConstructorInfoImplGetParametersNoCopy', ID = '9478'
Method 'A0A0SystemReflectionParameterInfoarrayA0SystemReflectionRuntimeConstructorInfoGetParameters', ID = '9480'
Method 'A0SystemBooleanA0SystemReflectionAssemblyIsRuntimeImplemented', ID = '9484'
Method 'A0SystemStringA0SystemSRget_Argument_MustBeRuntimeAssembly', ID = '9485'
Method 'A0SystemIntPtrA0SystemRuntimeInteropServicesNativeLibraryLoadLibraryByNameA0SystemStringA0SystemReflectionAssemblyA0A0SystemNullable1A0SystemRuntimeInteropServicesDllImportSearchPathA0SystemBoolean', ID = '9486'
Method 'A0SystemVoidA2CosmosCore_PlugsSystemInternalEnvironmentImplFailFastA0SystemString', ID = '9487'
Method 'A0SystemVoidA2CosmosCore_PlugsInteropGlobalizationImplInitICUFunctionsA0SystemIntPtrA0SystemIntPtrA0SystemStringA0SystemString', ID = '9488'
Method 'A0SystemInt32A0SystemTextASCIIEncodingGetByteCountFastA0SystemCharpointerA0SystemInt32A0SystemTextEncoderFallbackA0SystemInt32', ID = '9489'
Method 'A0SystemInt32A0SystemTextUTF8EncodingGetByteCountFastA0SystemCharpointerA0SystemInt32A0SystemTextEncoderFallbackA0SystemInt32', ID = '9490'
Method 'A0SystemInt32A0SystemTextEncodingGetByteCountWithFallbackA0A0SystemReadOnlySpan1A0SystemCharA0SystemInt32A0SystemTextEncoderNLS', ID = '9491'
Method 'A0SystemInt32A0SystemTextEncoderNLSDrainLeftoverDataForGetByteCountA0A0SystemReadOnlySpan1A0SystemCharA0SystemInt32', ID = '9492'
Method 'A0A0SystemRuntimeIntrinsicsVector1281A0SystemUInt16A0SystemRuntimeIntrinsicsVector128AsA0SystemInt16A0SystemUInt16A0A0SystemRuntimeIntrinsicsVector1281A0SystemInt16', ID = '9494'
Method 'A0SystemBooleanA0A0SystemNumericsVector1A0SystemUInt16ScalarGreaterThanA0SystemUInt16A0SystemUInt16', ID = '9495'
Method 'A0A0SystemNumericsVector1A0SystemInt32A0InternalRuntimeCompilerServicesUnsafeAsA0A0SystemNumericsVector1A0SystemUInt16A0A0SystemNumericsVector1A0SystemInt32A0A0SystemNumericsVector1A0SystemUInt16', ID = '9497'
Method 'A0SystemVoidA0SystemThrowHelperThrowForUnsupportedNumericsVectorBaseTypeA0SystemInt32', ID = '9498'
Method 'A0SystemBooleanA0A0SystemNumericsVector1A0SystemInt32op_EqualityA0A0SystemNumericsVector1A0SystemInt32A0A0SystemNumericsVector1A0SystemInt32', ID = '9499'
Method 'A0SystemStringA0A0SystemRuntimeIntrinsicsVector1281A0SystemInt16ToString', ID = '9502'
Method 'A0SystemBooleanA0A0SystemRuntimeIntrinsicsVector1281A0SystemInt16EqualsA0SystemObject', ID = '9503'
Method 'A0SystemInt32A0A0SystemRuntimeIntrinsicsVector1281A0SystemInt16GetHashCode', ID = '9504'
Method 'A0A0SystemRuntimeIntrinsicsVector1281A0SystemInt16A0InternalRuntimeCompilerServicesUnsafeAsRefA0A0SystemRuntimeIntrinsicsVector1281A0SystemInt16A0SystemVoidpointer', ID = '9506'
Method 'A0SystemVoidA0SystemThrowHelperThrowForUnsupportedIntrinsicsVectorBaseTypeA0SystemInt16', ID = '9507'
Method 'A0A0SystemRuntimeIntrinsicsVector1281A0SystemInt16A0InternalRuntimeCompilerServicesUnsafeAsA0A0SystemRuntimeIntrinsicsVector1281A0SystemUInt64A0A0SystemRuntimeIntrinsic84B2FDDFAC9B867FB0E6261B048A176D', ID = '9508'
Method 'A0A0SystemRuntimeIntrinsicsVector1281A0SystemUInt64A0InternalRuntimeCompilerServicesUnsafeAsA0A0SystemRuntimeIntrinsicsVector1281A0SystemInt16A0A0SystemRuntimeIntrinsic8FD84182664CD951A9CDE13B26FD734A', ID = '9509'
Method 'A0SystemBooleanA0SystemTextRuneget_IsBmp', ID = '9511'
Method 'A0SystemStringA0SystemStringCreateFromCharA0SystemCharA0SystemChar', ID = '9512'
Method 'A0SystemBooleanA0SystemTextRuneEqualsA0SystemTextRune', ID = '9513'
Method 'A0SystemBooleanA0SystemTextUnicodeUtilityIsAsciiCodePointA0SystemUInt32', ID = '9514'
Method 'A0SystemBooleanA0SystemTextRuneTryEncodeToUtf8A0SystemTextRuneA0A0SystemSpan1A0SystemByteA0SystemInt32', ID = '9515'
Method 'SystemVoidA0SystemTextEncoderReplacementFallbackBufferctorA0SystemTextEncoderReplacementFallback', ID = '9516'
Method 'SystemVoidA0SystemTextEncoderExceptionFallbackBufferctor', ID = '9517'
Method 'A0SystemStringA0SystemSRget_NotSupported_NoCodepageData', ID = '9519'
Method 'A0SystemStringA0A0SystemReadOnlySpan1A0SystemBooleanToString', ID = '9521'
Method 'A0SystemBooleanA0A0SystemReadOnlySpan1A0SystemBooleanEqualsA0SystemObject', ID = '9522'
Method 'A0SystemInt32A0A0SystemReadOnlySpan1A0SystemBooleanGetHashCode', ID = '9523'
Method 'A0SystemBooleanA0InternalRuntimeCompilerServicesUnsafeAsA0SystemByteA0SystemBooleanA0SystemByte', ID = '9525'
Method 'SystemVoidA0A0SystemByReference1A0SystemBooleanctorA0SystemBoolean', ID = '9526'
Method 'SystemVoidA0A0SystemCollectionsGenericEqualityComparer1A0SystemReflectionAssemblycctor', ID = '9527'
Method 'A0SystemRandomXoshiroImplA0SystemRandomThreadSafeRandomCreate', ID = '9531'
Method 'A0SystemVoidA0SystemRandomXoshiroImplNextBytesA0A0SystemBytearray', ID = '9532'
Method 'A0SystemVoidA0SystemGlobalizationTextInfoPopulateIsAsciiCasingSameAsInvariant', ID = '9533'
Method 'A0SystemVoidA0SystemGlobalizationTextInfoNlsChangeCaseA0SystemCharpointerA0SystemInt32A0SystemCharpointerA0SystemInt32A0SystemBoolean', ID = '9534'
Method 'A0SystemVoidA0SystemGlobalizationTextInfoIcuChangeCaseA0SystemCharpointerA0SystemInt32A0SystemCharpointerA0SystemInt32A0SystemBoolean', ID = '9535'
Method 'A0A0SystemReadOnlySpan1A0SystemByteA0SystemGlobalizationOrdinalCasingget_s_casingTableInit', ID = '9539'
Method 'A0SystemVoidA2CosmosCore_PlugsInteropGlobalizationImplInitOrdinalCasingPageA0SystemInt32A0SystemCharpointer', ID = '9540'
Method 'A0SystemThreadingVolatileVolatileObjectA0InternalRuntimeCompilerServicesUnsafeAsA0A0SystemUInt16arrayA0SystemThreadingVolatileVolatileObjectA0A0SystemUInt16array', ID = '9541'
Method 'A0SystemVoidA8A8CosmosIL2CPUSZArrayImpl1GetEnumeratord__0A0A0SystemThreadingTasksTask1A0SystemInt32SystemIDisposableDispose', ID = '9547'
Method 'A0SystemBooleanA8A8CosmosIL2CPUSZArrayImpl1GetEnumeratord__0A0A0SystemThreadingTasksTask1A0SystemInt32MoveNext', ID = '9548'
Method 'A0A0SystemCollectionsGenericEqualityComparer1A0SystemDateTimeA0A0SystemCollectionsGenericEqualityComparer1A0SystemDateTimeget_Default', ID = '9550'
Method 'SystemVoidA0A0SystemSZGenericArrayEnumerator1A0SystemThreadingTimerQueuecctor', ID = '9552'
Method 'A0SystemVoidA0A0SystemSZGenericArrayEnumerator1A0SystemThreadingTimerQueueDispose', ID = '9553'
Method 'A0SystemBooleanA0A0SystemSZGenericArrayEnumerator1A0SystemThreadingTimerQueueMoveNext', ID = '9554'
Method 'A0SystemBooleanA0SystemRuntimeCompilerServicesRuntimeHelpersIsBitwiseEquatableA0SystemThreadingTimerQueue', ID = '9555'
Method 'A0SystemInt32A0InternalRuntimeCompilerServicesUnsafeSizeOfA0SystemThreadingTimerQueue', ID = '9556'
Method 'A0SystemByteA0InternalRuntimeCompilerServicesUnsafeAsA0SystemThreadingTimerQueueA0SystemByteA0SystemThreadingTimerQueue', ID = '9557'
Method 'A0SystemCharA0InternalRuntimeCompilerServicesUnsafeAsA0SystemThreadingTimerQueueA0SystemCharA0SystemThreadingTimerQueue', ID = '9558'
Method 'A0SystemInt32A0InternalRuntimeCompilerServicesUnsafeAsA0SystemThreadingTimerQueueA0SystemInt32A0SystemThreadingTimerQueue', ID = '9559'
Method 'A0SystemInt64A0InternalRuntimeCompilerServicesUnsafeAsA0SystemThreadingTimerQueueA0SystemInt64A0SystemThreadingTimerQueue', ID = '9560'
Method 'A0A0SystemCollectionsGenericEqualityComparer1A0SystemThreadingTimerQueueA0A0SystemCollectionsGenericEqualityComparer1A0SystemThreadingTimerQueueget_Default', ID = '9561'
Method 'A0SystemInt32A0A0SystemCollectionsGenericEqualityComparer1A0SystemThreadingTimerQueueIndexOfA0A0SystemThreadingTimerQueuearrayA0SystemThreadingTimerQueueA0SystemInt32A0SystemInt32', ID = '9562'
Method 'SystemVoidA8A8CosmosIL2CPUSZArrayImpl1GetEnumeratord__0A0SystemThreadingTimerQueuectorA0SystemInt32', ID = '9563'
Method 'A0SystemStringA0A0SystemNumericsVector1A0SystemSByteToString', ID = '9565'
Method 'A0SystemStringA0A0SystemNumericsVector1A0SystemSByteToStringA0SystemStringA0SystemIFormatProvider', ID = '9566'
Method 'A0SystemBooleanA0A0SystemNumericsVector1A0SystemSByteEqualsA0SystemObject', ID = '9567'
Method 'A0SystemInt32A0A0SystemNumericsVector1A0SystemSByteGetHashCode', ID = '9568'
Method 'A0SystemSByteA0A0SystemNumericsVector1A0SystemSByteGetElementA0SystemIntPtr', ID = '9570'
Method 'A0SystemBooleanA0A0SystemNumericsVector1A0SystemSByteScalarLessThanA0SystemSByteA0SystemSByte', ID = '9571'
Method 'A0SystemSByteA0A0SystemNumericsVector1A0SystemSByteGetAllBitsSetValue', ID = '9572'
Method 'A0SystemVoidA0A0SystemNumericsVector1A0SystemSByteSetElementA0SystemIntPtrA0SystemSByte', ID = '9573'
Method 'A0SystemInt32A0A0SystemNumericsVector1A0SystemSByteget_Count', ID = '9574'
Method 'A0A0SystemNumericsVector1A0SystemInt32A0InternalRuntimeCompilerServicesUnsafeAsA0A0SystemNumericsVector1A0SystemSByteA0A0SystemNumericsVector1A0SystemInt32A0A0SystemNumericsVector1A0SystemSByte', ID = '9575'
Method 'A0A0SystemNumericsVector1A0SystemByteA0InternalRuntimeCompilerServicesUnsafeAsA0A0SystemNumericsVector1A0SystemSByteA0A0SystemNumericsVector1A0SystemByteA0A0SystemNumericsVector1A0SystemSByte', ID = '9576'
Method 'SystemVoidA0SystemTextDecoderReplacementFallbackBufferctorA0SystemTextDecoderReplacementFallback', ID = '9577'
Method 'SystemVoidA0SystemTextDecoderExceptionFallbackBufferctor', ID = '9578'
Method 'SystemVoidA0SystemTextRunectorA0SystemUInt32', ID = '9579'
Method 'A0SystemBooleanA0SystemTextRuneTryEncodeToUtf16A0SystemTextRuneA0A0SystemSpan1A0SystemCharA0SystemInt32', ID = '9580'
Method 'A0SystemUIntPtrA0SystemTextASCIIUtilityGetIndexOfFirstNonAsciiByte_DefaultA0SystemBytepointerA0SystemUIntPtr', ID = '9582'
Method 'A0SystemUIntPtrA0SystemTextASCIIUtilityGetIndexOfFirstNonAsciiByte_IntrinsifiedA0SystemBytepointerA0SystemUIntPtr', ID = '9583'
Method 'A0SystemUInt32A0SystemTextASCIIUtilityCountNumberOfLeadingAsciiBytesFromUInt32WithSomeNonAsciiDataA0SystemUInt32', ID = '9584'
Method 'A0SystemBooleanA0SystemTextUnicodeUtf8UtilityIsUtf8ContinuationByteA0SystemByte', ID = '9585'
Method 'A0SystemInt32A0SystemTextDecoderFallbackBufferDrainRemainingDataForGetCharCount', ID = '9586'
Method 'A0A0A0SystemCollectionsGenericDictionary2EntryA0SystemStringA0SystemResourcesResourceSetarrayA0InternalRuntimeCompilerServicesUnsafeAsA0A0A0SystemCollectionsGenericDict2114BB9F5FEB5FA637AF4EFA0CA3DA11', ID = '9588'
Method 'SystemVoidA0A0SystemSZGenericArrayEnumerator1A0A0SystemCollectionsGenericDictionary2EntryA0SystemStringA0SystemResourcesResourceSetctorA0A0A0SystemCollectionsGenericDic0C736FAEB06EB0179684F9D261012D1B', ID = '9589'
Method 'A0SystemInt32A0SystemArrayIndexOfA0A0SystemCollectionsGenericDictionary2EntryA0SystemStringA0SystemResourcesResourceSetA0A0A0SystemCollectionsGenericDictionary2EntryA0SF25BF8EE174A6DA807259D3CE9D64E3A', ID = '9593'
Method 'A0A0SystemCollectionsGenericIEnumerator1A0A0SystemCollectionsGenericDictionary2EntryA0SystemStringA0SystemResourcesResourceSetA8A8CosmosIL2CPUSZArrayImpl1A0A0SystemColl93E0BF7C2E74FC9AB7255E3A8F6A6BEE', ID = '9594'
Method 'A0SystemVoidA8A8CosmosIL2CPUSZArrayImpl1A0A0SystemCollectionsGenericDictionary2EntryA0SystemStringA0SystemResourcesResourceSetCopyToA0A0A0SystemCollectionsGenericDictioDF845146CDECF0C9962C99EFF6CA7F69', ID = '9595'
Method 'A0SystemInt32A8A8CosmosIL2CPUSZArrayImpl1A0A0SystemCollectionsGenericDictionary2EntryA0SystemStringA0SystemResourcesResourceSetget_Count', ID = '9596'
Method 'A0A0SystemCollectionsGenericDictionary2EntryA0SystemStringA0SystemResourcesResourceSetA8A8CosmosIL2CPUSZArrayImpl1A0A0SystemCollectionsGenericDictionary2EntryA0SystemSt576BA6B209497086F596B6FB094BA64F', ID = '9597'
Method 'A0SystemVoidA8A8CosmosIL2CPUSZArrayImpl1A0A0SystemCollectionsGenericDictionary2EntryA0SystemStringA0SystemResourcesResourceSetset_ItemA0SystemInt32A0A0SystemCollections20B99151A44C0073AF4E63169BDE3722', ID = '9598'
Method 'A0SystemVoidA8A8CosmosIL2CPUSZArrayImpl1A0A0SystemCollectionsGenericDictionary2EntryA0SystemStringA0SystemResourcesResourceSetAddA0A0SystemCollectionsGenericDictionary2534C37BFE386934017E51EA812023187', ID = '9599'
Method 'A0SystemBooleanA8A8CosmosIL2CPUSZArrayImpl1A0A0SystemCollectionsGenericDictionary2EntryA0SystemStringA0SystemResourcesResourceSetContainsA0A0SystemCollectionsGenericDicB5BE6A6B7F50209359364C491AD229FA', ID = '9600'
Method 'A0SystemBooleanA8A8CosmosIL2CPUSZArrayImpl1A0A0SystemCollectionsGenericDictionary2EntryA0SystemStringA0SystemResourcesResourceSetget_IsReadOnly', ID = '9601'
Method 'A0SystemVoidA8A8CosmosIL2CPUSZArrayImpl1A0A0SystemCollectionsGenericDictionary2EntryA0SystemStringA0SystemResourcesResourceSetClear', ID = '9602'
Method 'A0SystemInt32A8A8CosmosIL2CPUSZArrayImpl1A0A0SystemCollectionsGenericDictionary2EntryA0SystemStringA0SystemResourcesResourceSetIndexOfA0A0SystemCollectionsGenericDictioE0B8045EA0F0E8AB57D9F9980790D0DE', ID = '9603'
Method 'A0SystemVoidA8A8CosmosIL2CPUSZArrayImpl1A0A0SystemCollectionsGenericDictionary2EntryA0SystemStringA0SystemResourcesResourceSetInsertA0SystemInt32A0A0SystemCollectionsGeEFBCA032D17F2BF4C5A6CCD14171261D', ID = '9604'
Method 'A0SystemVoidA8A8CosmosIL2CPUSZArrayImpl1A0A0SystemCollectionsGenericDictionary2EntryA0SystemStringA0SystemResourcesResourceSetRemoveAtA0SystemInt32', ID = '9605'
Method 'A0SystemBooleanA8A8CosmosIL2CPUSZArrayImpl1A0A0SystemCollectionsGenericDictionary2EntryA0SystemStringA0SystemResourcesResourceSetget_IsFixedSize', ID = '9606'
Method 'A0SystemVoidA8A8CosmosIL2CPUSZArrayImpl1A0A0SystemCollectionsGenericDictionary2EntryA0SystemStringA0SystemResourcesResourceSetRemoveA0A0SystemCollectionsGenericDictionaC1A1A4DC162E9CB1874C67644899227A', ID = '9607'
Method 'A0SystemObjectA8A8CosmosIL2CPUSZArrayImpl1A0A0SystemCollectionsGenericDictionary2EntryA0SystemStringA0SystemResourcesResourceSetget_SyncRoot', ID = '9608'
Method 'A0SystemBooleanA8A8CosmosIL2CPUSZArrayImpl1A0A0SystemCollectionsGenericDictionary2EntryA0SystemStringA0SystemResourcesResourceSetget_IsSynchronized', ID = '9609'
Method 'A0A0SystemCollectionsGenericIEnumerator1A0A0SystemCollectionsGenericKeyValuePair2A0SystemStringA0SystemResourcesResourceSetA0SystemSZArrayHelperGetEnumeratorA0A0SystemC67F6F09B9ADD6C39C7E4D7F172B9C8D7', ID = '9611'
Method 'A0SystemVoidA0SystemSZArrayHelperCopyToA0A0SystemCollectionsGenericKeyValuePair2A0SystemStringA0SystemResourcesResourceSetA0A0A0SystemCollectionsGenericKeyValuePair2A0SC801D523B10660E3562C2F7E42A99798', ID = '9612'
Method 'A0SystemInt32A0SystemSZArrayHelperget_CountA0A0SystemCollectionsGenericKeyValuePair2A0SystemStringA0SystemResourcesResourceSet', ID = '9613'
Method 'A0A0SystemCollectionsGenericKeyValuePair2A0SystemStringA0SystemResourcesResourceSetA0SystemSZArrayHelperget_ItemA0A0SystemCollectionsGenericKeyValuePair2A0SystemStringA85E46612D83CC608D762C64142A86773', ID = '9614'
Method 'A0SystemVoidA0SystemSZArrayHelperset_ItemA0A0SystemCollectionsGenericKeyValuePair2A0SystemStringA0SystemResourcesResourceSetA0SystemInt32A0A0SystemCollectionsGenericKey4171BB5650F975D54DD2709D91FF6C4C', ID = '9615'
Method 'A0SystemVoidA0SystemSZArrayHelperAddA0A0SystemCollectionsGenericKeyValuePair2A0SystemStringA0SystemResourcesResourceSetA0A0SystemCollectionsGenericKeyValuePair2A0SystemB2C8DE22EF5E00864A893E8FE6A235C6', ID = '9616'
Method 'A0SystemBooleanA0SystemSZArrayHelperContainsA0A0SystemCollectionsGenericKeyValuePair2A0SystemStringA0SystemResourcesResourceSetA0A0SystemCollectionsGenericKeyValuePair2C7C92A02B03221C27B5887A1A0DFC90F', ID = '9617'
Method 'A0SystemBooleanA0SystemSZArrayHelperget_IsReadOnlyA0A0SystemCollectionsGenericKeyValuePair2A0SystemStringA0SystemResourcesResourceSet', ID = '9618'
Method 'A0SystemVoidA0SystemSZArrayHelperClearA0A0SystemCollectionsGenericKeyValuePair2A0SystemStringA0SystemResourcesResourceSet', ID = '9619'
Method 'A0SystemInt32A0SystemSZArrayHelperIndexOfA0A0SystemCollectionsGenericKeyValuePair2A0SystemStringA0SystemResourcesResourceSetA0A0SystemCollectionsGenericKeyValuePair2A0S7FDDAE9BF4D1EA47E4D6DD31B080578E', ID = '9620'
Method 'A0SystemVoidA0SystemSZArrayHelperInsertA0A0SystemCollectionsGenericKeyValuePair2A0SystemStringA0SystemResourcesResourceSetA0SystemInt32A0A0SystemCollectionsGenericKeyVa1A6949ABF7706370E5E176C8C59AFA6C', ID = '9621'
Method 'A0SystemBooleanA0SystemSZArrayHelperRemoveA0A0SystemCollectionsGenericKeyValuePair2A0SystemStringA0SystemResourcesResourceSetA0A0SystemCollectionsGenericKeyValuePair2A00103C130D0688568DCCF4A51C1E3AB12', ID = '9622'
Method 'A0SystemVoidA0SystemSZArrayHelperRemoveAtA0A0SystemCollectionsGenericKeyValuePair2A0SystemStringA0SystemResourcesResourceSetA0SystemInt32', ID = '9623'
Method 'A0SystemVoidA0SystemResourcesResourceSetDisposeA0SystemBoolean', ID = '9635'
Method 'A0SystemVoidA0SystemVersionTryFormatg__ThrowArgumentExceptionsLine32_0A0SystemString', ID = '9636'
Method 'A0SystemInt32A0A0SystemCollectionsGenericDictionary2A0SystemStringA0SystemResourcesResourceSetInitializeA0SystemInt32', ID = '9637'
Method 'A0SystemAttributeA0SystemReflectionCustomAttributeExtensionsGetCustomAttributeA0SystemReflectionAssemblyA0SystemType', ID = '9640'
Method 'A0SystemBooleanA0SystemGlobalizationGlobalizationModeSettingsget_PredefinedCulturesOnly', ID = '9641'
Method 'SystemVoidA0SystemSystemExceptionctorA0SystemStringA0SystemException', ID = '9642'
Method 'A4CosmosSystemKeyEventA0InternalRuntimeCompilerServicesUnsafeAsA0SystemByteA4CosmosSystemKeyEventA0SystemByte', ID = '9643'
Method 'A4A4CosmosSystemFileSystemListingDirectoryEntryarrayA0InternalRuntimeCompilerServicesUnsafeAsA4A4CosmosSystemFileSystemListingDirectoryEntryarrayA0SystemObject', ID = '9646'
Method 'SystemVoidA0A0SystemSZGenericArrayEnumerator1A4CosmosSystemFileSystemListingDirectoryEntryctorA4A4CosmosSystemFileSystemListingDirectoryEntryarray', ID = '9647'
Method 'A0SystemInt32A0SystemArrayIndexOfA4CosmosSystemFileSystemListingDirectoryEntryA4A4CosmosSystemFileSystemListingDirectoryEntryarrayA4CosmosSystemFileSystemListingDirecto59B47D94422A97CE127C3639AF953B9C', ID = '9650'
Method 'A0A0SystemCollectionsGenericIEnumerator1A4CosmosSystemFileSystemListingDirectoryEntryA8A8CosmosIL2CPUSZArrayImpl1A4CosmosSystemFileSystemListingDirectoryEntryGetEnumerator', ID = '9651'
Method 'A0SystemVoidA8A8CosmosIL2CPUSZArrayImpl1A4CosmosSystemFileSystemListingDirectoryEntryCopyToA4A4CosmosSystemFileSystemListingDirectoryEntryarrayA0SystemInt32', ID = '9652'
Method 'A0SystemInt32A8A8CosmosIL2CPUSZArrayImpl1A4CosmosSystemFileSystemListingDirectoryEntryget_Count', ID = '9653'
Method 'A4CosmosSystemFileSystemListingDirectoryEntryA8A8CosmosIL2CPUSZArrayImpl1A4CosmosSystemFileSystemListingDirectoryEntryget_ItemA0SystemInt32', ID = '9654'
Method 'A0SystemVoidA8A8CosmosIL2CPUSZArrayImpl1A4CosmosSystemFileSystemListingDirectoryEntryset_ItemA0SystemInt32A4CosmosSystemFileSystemListingDirectoryEntry', ID = '9655'
Method 'A0SystemVoidA8A8CosmosIL2CPUSZArrayImpl1A4CosmosSystemFileSystemListingDirectoryEntryAddA4CosmosSystemFileSystemListingDirectoryEntry', ID = '9656'
Method 'A0SystemBooleanA8A8CosmosIL2CPUSZArrayImpl1A4CosmosSystemFileSystemListingDirectoryEntryContainsA4CosmosSystemFileSystemListingDirectoryEntry', ID = '9657'
Method 'A0SystemBooleanA8A8CosmosIL2CPUSZArrayImpl1A4CosmosSystemFileSystemListingDirectoryEntryget_IsReadOnly', ID = '9658'
Method 'A0SystemVoidA8A8CosmosIL2CPUSZArrayImpl1A4CosmosSystemFileSystemListingDirectoryEntryClear', ID = '9659'
Method 'A0SystemInt32A8A8CosmosIL2CPUSZArrayImpl1A4CosmosSystemFileSystemListingDirectoryEntryIndexOfA4CosmosSystemFileSystemListingDirectoryEntry', ID = '9660'
Method 'A0SystemVoidA8A8CosmosIL2CPUSZArrayImpl1A4CosmosSystemFileSystemListingDirectoryEntryInsertA0SystemInt32A4CosmosSystemFileSystemListingDirectoryEntry', ID = '9661'
Method 'A0SystemVoidA8A8CosmosIL2CPUSZArrayImpl1A4CosmosSystemFileSystemListingDirectoryEntryRemoveAtA0SystemInt32', ID = '9662'
Method 'A0SystemBooleanA8A8CosmosIL2CPUSZArrayImpl1A4CosmosSystemFileSystemListingDirectoryEntryget_IsFixedSize', ID = '9663'
Method 'A0SystemVoidA8A8CosmosIL2CPUSZArrayImpl1A4CosmosSystemFileSystemListingDirectoryEntryRemoveA4CosmosSystemFileSystemListingDirectoryEntry', ID = '9664'
Method 'A0SystemObjectA8A8CosmosIL2CPUSZArrayImpl1A4CosmosSystemFileSystemListingDirectoryEntryget_SyncRoot', ID = '9665'
Method 'A0SystemBooleanA8A8CosmosIL2CPUSZArrayImpl1A4CosmosSystemFileSystemListingDirectoryEntryget_IsSynchronized', ID = '9666'
Method 'SystemVoidA0A0SystemCollectionsGenericEqualityComparer1A0A0SystemReflectionRuntimeMethodInfoarraycctor', ID = '9667'
Method 'A0SystemVoidA8A8CosmosIL2CPUSZArrayImpl1GetEnumeratord__0A0SystemReflectionParameterInfoSystemIDisposableDispose', ID = '9673'
Method 'A0SystemBooleanA8A8CosmosIL2CPUSZArrayImpl1GetEnumeratord__0A0SystemReflectionParameterInfoMoveNext', ID = '9674'
Method 'A0SystemIntPtrA0SystemRuntimeMethodHandleget_Value', ID = '9675'
Method 'A0SystemBooleanA2CosmosCore_PlugsSystemRuntimeMethodHandleImplHasMethodInstantiationA0SystemObject', ID = '9676'
Method 'SystemVoidA0A0SystemCollectionsGenericEqualityComparer1A0A0SystemReflectionRuntimeConstructorInfoarraycctor', ID = '9677'
Method 'A0SystemBooleanA0SystemRuntimeTypeIsByRefImpl', ID = '9679'
Method 'A0SystemBooleanA2CosmosCoreCosmosRuntimeTypeIsByRefImpl', ID = '9680'
Method 'SystemVoidA0A0SystemCollectionsGenericEqualityComparer1A0A0SystemReflectionRuntimeFieldInfoarraycctor', ID = '9681'
Method 'A0SystemBooleanA0SystemRuntimeTypeIsPrimitiveImpl', ID = '9683'
Method 'A0SystemBooleanA2CosmosCoreCosmosRuntimeTypeIsPrimitiveImpl', ID = '9684'
Method 'A0SystemTypeA0SystemTypeget_DeclaringType', ID = '9685'
Method 'A0SystemTypeA0SystemRuntimeTypeget_DeclaringType', ID = '9686'
Method 'A0SystemTypeA0SystemReflectionRuntimeMethodInfoget_DeclaringType', ID = '9687'
Method 'A0SystemTypeA0SystemReflectionRuntimeConstructorInfoget_DeclaringType', ID = '9688'
Method 'A0SystemTypeA0SystemReflectionRuntimeFieldInfoget_DeclaringType', ID = '9689'
Method 'A0SystemTypeA0SystemReflectionRuntimePropertyInfoget_DeclaringType', ID = '9690'
Method 'A0SystemTypeA0SystemReflectionRuntimeEventInfoget_DeclaringType', ID = '9691'
Method 'A0SystemStringA0SystemSRget_NotSupported_NYI', ID = '9692'
Method 'SystemVoidA0A0SystemCollectionsGenericEqualityComparer1A0A0SystemRuntimeTypearraycctor', ID = '9693'
Method 'SystemVoidA0A0SystemCollectionsGenericEqualityComparer1A0A0SystemReflectionRuntimePropertyInfoarraycctor', ID = '9695'
Method 'A0SystemVoidA8A8CosmosIL2CPUSZArrayImpl1GetEnumeratord__0A0SystemReflectionMethodInfoSystemIDisposableDispose', ID = '9701'
Method 'A0SystemBooleanA8A8CosmosIL2CPUSZArrayImpl1GetEnumeratord__0A0SystemReflectionMethodInfoMoveNext', ID = '9702'
Method 'A0SystemStringA0SystemSRget_Arg_MustBeNullTerminatedString', ID = '9703'
Method 'A0SystemByteA0SystemRuntimeInteropServicesMemoryMarshalGetNonNullPinnableReferenceA0SystemByteA0A0SystemReadOnlySpan1A0SystemByte', ID = '9704'
Method 'SystemVoidA0A0SystemCollectionsGenericEqualityComparer1A0A0SystemReflectionRuntimeEventInfoarraycctor', ID = '9705'
Method 'A0A0SystemReflectionParameterInfoarrayA3CosmosSystem_PlugsSystemReflectionRuntimeMethodInfoImplGetParameters', ID = '9707'
Method 'A0SystemStringA0A0SystemNullable1A0SystemRuntimeInteropServicesDllImportSearchPathToString', ID = '9708'
Method 'A0SystemBooleanA0A0SystemNullable1A0SystemRuntimeInteropServicesDllImportSearchPathEqualsA0SystemObject', ID = '9709'
Method 'A0SystemInt32A0A0SystemNullable1A0SystemRuntimeInteropServicesDllImportSearchPathGetHashCode', ID = '9710'
Method 'A0SystemBooleanA0A0SystemNullable1A0SystemRuntimeInteropServicesDllImportSearchPathget_HasValue', ID = '9711'
Method 'A0SystemRuntimeInteropServicesDllImportSearchPathA0A0SystemNullable1A0SystemRuntimeInteropServicesDllImportSearchPathGetValueOrDefault', ID = '9712'
Method 'A0SystemUIntPtrA0SystemTextASCIIUtilityGetIndexOfFirstNonAsciiCharA0SystemCharpointerA0SystemUIntPtr', ID = '9714'
Method 'A0SystemCharpointerA0SystemTextUnicodeUtf16UtilityGetPointerToFirstInvalidCharA0SystemCharpointerA0SystemInt32A0SystemInt64A0SystemInt32', ID = '9715'
Method 'A0SystemInt32A0SystemTextEncoderFallbackBufferInternalFallbackGetByteCountA0A0SystemReadOnlySpan1A0SystemCharA0SystemInt32', ID = '9716'
Method 'A0SystemStringA0SystemSRget_Argument_EncoderFallbackNotEmpty', ID = '9717'
Method 'A0SystemTextEncodingA0SystemTextEncoderNLSget_Encoding', ID = '9718'
Method 'A0SystemBooleanA0SystemTextEncodingTryGetByteCountA0SystemTextRuneA0SystemInt32', ID = '9719'
Method 'A0SystemInt32A0SystemTextEncoderFallbackBufferDrainRemainingDataForGetByteCount', ID = '9720'
Method 'A0A0SystemRuntimeIntrinsicsVector1281A0SystemUInt16A0InternalRuntimeCompilerServicesUnsafeAsA0A0SystemRuntimeIntrinsicsVector1281A0SystemInt16A0A0SystemRuntimeIntrinsicA138AB6DC1488BFE043821767B79C624', ID = '9721'
Method 'A0SystemStringA0A0SystemNumericsVector1A0SystemInt32ToString', ID = '9722'
Method 'A0SystemStringA0A0SystemNumericsVector1A0SystemInt32ToStringA0SystemStringA0SystemIFormatProvider', ID = '9723'
Method 'A0SystemBooleanA0A0SystemNumericsVector1A0SystemInt32EqualsA0SystemObject', ID = '9724'
Method 'A0SystemInt32A0A0SystemNumericsVector1A0SystemInt32GetHashCode', ID = '9725'
Method 'A0SystemInt32A0A0SystemNumericsVector1A0SystemInt32GetElementA0SystemIntPtr', ID = '9728'
Method 'A0SystemBooleanA0A0SystemNumericsVector1A0SystemInt32ScalarEqualsA0SystemInt32A0SystemInt32', ID = '9729'
Method 'A0SystemInt32A0A0SystemNumericsVector1A0SystemInt32get_Count', ID = '9730'
Method 'A0SystemInt32A0A0SystemRuntimeIntrinsicsVector1281A0SystemInt16get_Count', ID = '9732'
Method 'A0SystemInt16A0SystemRuntimeIntrinsicsVector128GetElementA0SystemInt16A0A0SystemRuntimeIntrinsicsVector1281A0SystemInt16A0SystemInt32', ID = '9733'
Method 'A0SystemBooleanA0A0SystemRuntimeIntrinsicsVector1281A0SystemInt16EqualsA0A0SystemRuntimeIntrinsicsVector1281A0SystemInt16', ID = '9734'
Method 'A0SystemBooleanA0SystemTextUnicodeUtilityIsBmpCodePointA0SystemUInt32', ID = '9735'
Method 'A0SystemBooleanA0SystemTextRuneop_EqualityA0SystemTextRuneA0SystemTextRune', ID = '9736'
Method 'SystemVoidA0SystemTextEncoderFallbackBufferctor', ID = '9738'
Method 'A0SystemObjectA3CosmosSystem_PlugsSystemGlobalizationEncodingTableImplGetCodePageDataItemA0SystemInt32', ID = '9741'
Method 'A0SystemBooleanA2CosmosCore_PlugsSystemRuntimeCompilerServicesRuntimeHelpersImplIsReferenceOrContainsReferencesA0SystemBoolean', ID = '9742'
Method 'SystemVoidA0SystemRandomXoshiroImplctor', ID = '9743'
Method 'A0SystemInt32A0SystemGlobalizationCompareInfoCompareA0SystemStringA0SystemStringA0SystemGlobalizationCompareOptions', ID = '9745'
Method 'A0SystemBooleanA0SystemGlobalizationTextInfoIsInvariantLocaleA0SystemString', ID = '9746'
Method 'A0SystemStringA0SystemSRget_InvalidOperation_ReadOnly', ID = '9747'
Method 'A0SystemBooleanA0SystemGlobalizationTextInfoget_IsInvariant', ID = '9748'
Method 'A0SystemBooleanA0SystemGlobalizationTextInfoNeedsTurkishCasingA0SystemString', ID = '9750'
Method 'SystemVoidA0A0SystemArrayEmptyArray1A0SystemUInt16cctor', ID = '9753'
Method 'A0A0SystemCollectionsGenericIEnumerator1A0A0SystemUInt16arrayA0SystemSZArrayHelperGetEnumeratorA0A0SystemUInt16array', ID = '9754'
Method 'A0SystemVoidA0SystemSZArrayHelperCopyToA0A0SystemUInt16arrayA0A0A0SystemUInt16arrayarrayA0SystemInt32', ID = '9755'
Method 'A0SystemInt32A0SystemSZArrayHelperget_CountA0A0SystemUInt16array', ID = '9756'
Method 'A0A0SystemUInt16arrayA0SystemSZArrayHelperget_ItemA0A0SystemUInt16arrayA0SystemInt32', ID = '9757'
Method 'A0SystemVoidA0SystemSZArrayHelperset_ItemA0A0SystemUInt16arrayA0SystemInt32A0A0SystemUInt16array', ID = '9758'
Method 'A0SystemVoidA0SystemSZArrayHelperAddA0A0SystemUInt16arrayA0A0SystemUInt16array', ID = '9759'
Method 'A0SystemBooleanA0SystemSZArrayHelperContainsA0A0SystemUInt16arrayA0A0SystemUInt16array', ID = '9760'
Method 'A0SystemBooleanA0SystemSZArrayHelperget_IsReadOnlyA0A0SystemUInt16array', ID = '9761'
Method 'A0SystemVoidA0SystemSZArrayHelperClearA0A0SystemUInt16array', ID = '9762'
Method 'A0SystemInt32A0SystemSZArrayHelperIndexOfA0A0SystemUInt16arrayA0A0SystemUInt16array', ID = '9763'
Method 'A0SystemVoidA0SystemSZArrayHelperInsertA0A0SystemUInt16arrayA0SystemInt32A0A0SystemUInt16array', ID = '9764'
Method 'A0SystemBooleanA0SystemSZArrayHelperRemoveA0A0SystemUInt16arrayA0A0SystemUInt16array', ID = '9765'
Method 'A0SystemVoidA0SystemSZArrayHelperRemoveAtA0A0SystemUInt16arrayA0SystemInt32', ID = '9766'
Method 'SystemVoidA0A0SystemCollectionsGenericEqualityComparer1A0A0SystemThreadingTasksTask1A0SystemInt32cctor', ID = '9775'
Method 'A0SystemBooleanA2CosmosCore_PlugsSystemWindowsVersionImplGetIsWindows8OrAbove', ID = '9777'
Method 'A0SystemVoidA8A8CosmosIL2CPUSZArrayImpl1GetEnumeratord__0A0SystemThreadingTimerQueueSystemIDisposableDispose', ID = '9784'
Method 'A0SystemBooleanA8A8CosmosIL2CPUSZArrayImpl1GetEnumeratord__0A0SystemThreadingTimerQueueMoveNext', ID = '9785'
Method 'A0SystemBooleanA0A0SystemNumericsVector1A0SystemSByteEqualsA0A0SystemNumericsVector1A0SystemSByte', ID = '9786'
Method 'A0SystemVoidA0SystemHashCodeAddA0SystemSByteA0SystemSByte', ID = '9787'
Method 'A0A0SystemNumericsVector1A0SystemSByteA0InternalRuntimeCompilerServicesUnsafeAsRefA0A0SystemNumericsVector1A0SystemSByteA0A0SystemNumericsVector1A0SystemSByte', ID = '9788'
Method 'A0SystemSByteA0InternalRuntimeCompilerServicesUnsafeAsA0A0SystemNumericsVector1A0SystemSByteA0SystemSByteA0A0SystemNumericsVector1A0SystemSByte', ID = '9789'
Method 'A0SystemSByteA0InternalRuntimeCompilerServicesUnsafeAddA0SystemSByteA0SystemSByteA0SystemIntPtr', ID = '9790'
Method 'A0SystemInt32A0InternalRuntimeCompilerServicesUnsafeSizeOfA0A0SystemNumericsVector1A0SystemSByte', ID = '9791'
Method 'A0SystemInt32A0InternalRuntimeCompilerServicesUnsafeSizeOfA0SystemSByte', ID = '9792'
Method 'SystemVoidA0SystemTextDecoderFallbackBufferctor', ID = '9795'
Method 'A0SystemBooleanA0SystemTextUnicodeUtilityIsValidUnicodeScalarA0SystemUInt32', ID = '9797'
Method 'A0SystemCharA0SystemTextDecoderReplacementFallbackBufferGetNextChar', ID = '9798'
Method 'A0SystemCharA0SystemTextDecoderExceptionFallbackBufferGetNextChar', ID = '9799'
Method 'A0SystemBooleanA0SystemNumericsVectorGreaterThanOrEqualAllA0SystemSByteA0A0SystemNumericsVector1A0SystemSByteA0A0SystemNumericsVector1A0SystemSByte', ID = '9800'
Method 'A0A0SystemNumericsVector1A0SystemSByteA0InternalRuntimeCompilerServicesUnsafeReadA0A0SystemNumericsVector1A0SystemSByteA0SystemVoidpointer', ID = '9801'
Method 'A0SystemBooleanA0SystemTextASCIIUtilityContainsNonAsciiByte_Sse2A0SystemUInt32', ID = '9802'
Method 'A0A0SystemRuntimeIntrinsicsVector1281A0SystemByteA0SystemRuntimeIntrinsicsX86Sse2LoadAlignedVector128A0SystemBytepointer', ID = '9803'
Method 'A0SystemInt32A0SystemUIntPtrget_Size', ID = '9804'
Method 'A0SystemBooleanA0SystemTextASCIIUtilityAllBytesInUInt64AreAsciiA0SystemUInt64', ID = '9805'
Method 'SystemVoidA0A0SystemSZGenericArrayEnumerator1A0A0SystemCollectionsGenericDictionary2EntryA0SystemStringA0SystemResourcesResourceSetcctor', ID = '9806'
Method 'A0SystemVoidA0A0SystemSZGenericArrayEnumerator1A0A0SystemCollectionsGenericDictionary2EntryA0SystemStringA0SystemResourcesResourceSetDispose', ID = '9807'
Method 'A0SystemBooleanA0A0SystemSZGenericArrayEnumerator1A0A0SystemCollectionsGenericDictionary2EntryA0SystemStringA0SystemResourcesResourceSetMoveNext', ID = '9808'
Method 'A0SystemBooleanA0SystemRuntimeCompilerServicesRuntimeHelpersIsBitwiseEquatableA0A0SystemCollectionsGenericDictionary2EntryA0SystemStringA0SystemResourcesResourceSet', ID = '9809'
Method 'A0SystemInt32A0InternalRuntimeCompilerServicesUnsafeSizeOfA0A0SystemCollectionsGenericDictionary2EntryA0SystemStringA0SystemResourcesResourceSet', ID = '9810'
Method 'A0SystemByteA0InternalRuntimeCompilerServicesUnsafeAsA0A0SystemCollectionsGenericDictionary2EntryA0SystemStringA0SystemResourcesResourceSetA0SystemByteA0A0SystemCollect48E833C7337428EC3DC8DCD65FA48727', ID = '9811'
Method 'A0SystemCharA0InternalRuntimeCompilerServicesUnsafeAsA0A0SystemCollectionsGenericDictionary2EntryA0SystemStringA0SystemResourcesResourceSetA0SystemCharA0A0SystemCollect60D2EF7ADA52E1DB6F1AC0F76ACB7E89', ID = '9812'
Method 'A0SystemInt32A0InternalRuntimeCompilerServicesUnsafeAsA0A0SystemCollectionsGenericDictionary2EntryA0SystemStringA0SystemResourcesResourceSetA0SystemInt32A0A0SystemColle945DC7C0D46FDE3BC89564E90DE19CA0', ID = '9813'
Method 'A0SystemInt64A0InternalRuntimeCompilerServicesUnsafeAsA0A0SystemCollectionsGenericDictionary2EntryA0SystemStringA0SystemResourcesResourceSetA0SystemInt64A0A0SystemColleD45F44180CF38A7151B7951869332B18', ID = '9814'
Method 'A0A0SystemCollectionsGenericEqualityComparer1A0A0SystemCollectionsGenericDictionary2EntryA0SystemStringA0SystemResourcesResourceSetA0A0SystemCollectionsGenericEqualityCE1D24D2B04D230D139545EC199B89787', ID = '9815'
Method 'A0SystemInt32A0A0SystemCollectionsGenericEqualityComparer1A0A0SystemCollectionsGenericDictionary2EntryA0SystemStringA0SystemResourcesResourceSetIndexOfA0A0A0SystemColleE467E5E1727536A63BDC54E38FD07BA7', ID = '9816'
Method 'SystemVoidA8A8CosmosIL2CPUSZArrayImpl1GetEnumeratord__0A0A0SystemCollectionsGenericDictionary2EntryA0SystemStringA0SystemResourcesResourceSetctorA0SystemInt32', ID = '9817'
Method 'A0A0SystemCollectionsGenericIEnumerator1A0SystemResourcesResourceSetA0SystemSZArrayHelperGetEnumeratorA0SystemResourcesResourceSet', ID = '9819'
Method 'A0SystemVoidA0SystemSZArrayHelperCopyToA0SystemResourcesResourceSetA0A0SystemResourcesResourceSetarrayA0SystemInt32', ID = '9820'
Method 'A0SystemInt32A0SystemSZArrayHelperget_CountA0SystemResourcesResourceSet', ID = '9821'
Method 'A0SystemResourcesResourceSetA0SystemSZArrayHelperget_ItemA0SystemResourcesResourceSetA0SystemInt32', ID = '9822'
Method 'A0SystemVoidA0SystemSZArrayHelperset_ItemA0SystemResourcesResourceSetA0SystemInt32A0SystemResourcesResourceSet', ID = '9823'
Method 'A0SystemVoidA0SystemSZArrayHelperAddA0SystemResourcesResourceSetA0SystemResourcesResourceSet', ID = '9824'
Method 'A0SystemBooleanA0SystemSZArrayHelperContainsA0SystemResourcesResourceSetA0SystemResourcesResourceSet', ID = '9825'
Method 'A0SystemBooleanA0SystemSZArrayHelperget_IsReadOnlyA0SystemResourcesResourceSet', ID = '9826'
Method 'A0SystemVoidA0SystemSZArrayHelperClearA0SystemResourcesResourceSet', ID = '9827'
Method 'A0SystemInt32A0SystemSZArrayHelperIndexOfA0SystemResourcesResourceSetA0SystemResourcesResourceSet', ID = '9828'
Method 'A0SystemVoidA0SystemSZArrayHelperInsertA0SystemResourcesResourceSetA0SystemInt32A0SystemResourcesResourceSet', ID = '9829'
Method 'A0SystemBooleanA0SystemSZArrayHelperRemoveA0SystemResourcesResourceSetA0SystemResourcesResourceSet', ID = '9830'
Method 'A0SystemVoidA0SystemSZArrayHelperRemoveAtA0SystemResourcesResourceSetA0SystemInt32', ID = '9831'
Method 'A0A0A0SystemCollectionsGenericKeyValuePair2A0SystemStringA0SystemResourcesResourceSetarrayA0InternalRuntimeCompilerServicesUnsafeAsA0A0A0SystemCollectionsGenericKeyValu17CD08583D36D64B38E7E48A1AFC2D4F', ID = '9836'
Method 'SystemVoidA0A0SystemSZGenericArrayEnumerator1A0A0SystemCollectionsGenericKeyValuePair2A0SystemStringA0SystemResourcesResourceSetctorA0A0A0SystemCollectionsGenericKeyVal393A5FCC3618F930572136C449E479C3', ID = '9837'
Method 'A0SystemInt32A0SystemArrayIndexOfA0A0SystemCollectionsGenericKeyValuePair2A0SystemStringA0SystemResourcesResourceSetA0A0A0SystemCollectionsGenericKeyValuePair2A0SystemSAEA9A2CB8ED97B3B19A35C1BEC0EA5D6', ID = '9841'
Method 'A0A0SystemCollectionsGenericIEnumerator1A0A0SystemCollectionsGenericKeyValuePair2A0SystemStringA0SystemResourcesResourceSetA8A8CosmosIL2CPUSZArrayImpl1A0A0SystemCollect2C6BF4F6A74C2A35F52BE6D253075B9E', ID = '9842'
Method 'A0SystemVoidA8A8CosmosIL2CPUSZArrayImpl1A0A0SystemCollectionsGenericKeyValuePair2A0SystemStringA0SystemResourcesResourceSetCopyToA0A0A0SystemCollectionsGenericKeyValueP75C02FD539951FDB0F3FA71BEE381760', ID = '9843'
Method 'A0SystemInt32A8A8CosmosIL2CPUSZArrayImpl1A0A0SystemCollectionsGenericKeyValuePair2A0SystemStringA0SystemResourcesResourceSetget_Count', ID = '9844'
Method 'A0A0SystemCollectionsGenericKeyValuePair2A0SystemStringA0SystemResourcesResourceSetA8A8CosmosIL2CPUSZArrayImpl1A0A0SystemCollectionsGenericKeyValuePair2A0SystemStringA078F07F2A0D1AC504BF484BF6D6E27B3E', ID = '9845'
Method 'A0SystemVoidA8A8CosmosIL2CPUSZArrayImpl1A0A0SystemCollectionsGenericKeyValuePair2A0SystemStringA0SystemResourcesResourceSetset_ItemA0SystemInt32A0A0SystemCollectionsGenC5604740F61762410E27737135768B75', ID = '9846'
Method 'A0SystemVoidA8A8CosmosIL2CPUSZArrayImpl1A0A0SystemCollectionsGenericKeyValuePair2A0SystemStringA0SystemResourcesResourceSetAddA0A0SystemCollectionsGenericKeyValuePair2AB204CAE3A51643A51370F0ECDE878503', ID = '9847'
Method 'A0SystemBooleanA8A8CosmosIL2CPUSZArrayImpl1A0A0SystemCollectionsGenericKeyValuePair2A0SystemStringA0SystemResourcesResourceSetContainsA0A0SystemCollectionsGenericKeyVal711ADCA81DEB609D6117677048E8C303', ID = '9848'
Method 'A0SystemBooleanA8A8CosmosIL2CPUSZArrayImpl1A0A0SystemCollectionsGenericKeyValuePair2A0SystemStringA0SystemResourcesResourceSetget_IsReadOnly', ID = '9849'
Method 'A0SystemVoidA8A8CosmosIL2CPUSZArrayImpl1A0A0SystemCollectionsGenericKeyValuePair2A0SystemStringA0SystemResourcesResourceSetClear', ID = '9850'
Method 'A0SystemInt32A8A8CosmosIL2CPUSZArrayImpl1A0A0SystemCollectionsGenericKeyValuePair2A0SystemStringA0SystemResourcesResourceSetIndexOfA0A0SystemCollectionsGenericKeyValuePDA4418B2549077CA7C21B0D6AFCC8CC1', ID = '9851'
Method 'A0SystemVoidA8A8CosmosIL2CPUSZArrayImpl1A0A0SystemCollectionsGenericKeyValuePair2A0SystemStringA0SystemResourcesResourceSetInsertA0SystemInt32A0A0SystemCollectionsGener9ED55D89635DEF43F8759F7D12066C5A', ID = '9852'
Method 'A0SystemVoidA8A8CosmosIL2CPUSZArrayImpl1A0A0SystemCollectionsGenericKeyValuePair2A0SystemStringA0SystemResourcesResourceSetRemoveAtA0SystemInt32', ID = '9853'
Method 'A0SystemBooleanA8A8CosmosIL2CPUSZArrayImpl1A0A0SystemCollectionsGenericKeyValuePair2A0SystemStringA0SystemResourcesResourceSetget_IsFixedSize', ID = '9854'
Method 'A0SystemVoidA8A8CosmosIL2CPUSZArrayImpl1A0A0SystemCollectionsGenericKeyValuePair2A0SystemStringA0SystemResourcesResourceSetRemoveA0A0SystemCollectionsGenericKeyValuePaiDDE02E4E1C135EFD531703C9633BBAF3', ID = '9855'
Method 'A0SystemObjectA8A8CosmosIL2CPUSZArrayImpl1A0A0SystemCollectionsGenericKeyValuePair2A0SystemStringA0SystemResourcesResourceSetget_SyncRoot', ID = '9856'
Method 'A0SystemBooleanA8A8CosmosIL2CPUSZArrayImpl1A0A0SystemCollectionsGenericKeyValuePair2A0SystemStringA0SystemResourcesResourceSetget_IsSynchronized', ID = '9857'
Method 'A0A0SystemCollectionsGenericIEnumerator1A0A0SystemCollectionsGenericDictionary2EntryA0SystemObjectA0SystemObjectA0SystemSZArrayHelperGetEnumeratorA0A0SystemCollectionsGBE1FC7EF5DFA4D5338ED8850F2639292', ID = '9858'
Method 'A0SystemVoidA0SystemSZArrayHelperCopyToA0A0SystemCollectionsGenericDictionary2EntryA0SystemObjectA0SystemObjectA0A0A0SystemCollectionsGenericDictionary2EntryA0SystemObj90ECFD846AD22CF17667A849A3510FE4', ID = '9859'
Method 'A0SystemInt32A0SystemSZArrayHelperget_CountA0A0SystemCollectionsGenericDictionary2EntryA0SystemObjectA0SystemObject', ID = '9860'
Method 'A0A0SystemCollectionsGenericDictionary2EntryA0SystemObjectA0SystemObjectA0SystemSZArrayHelperget_ItemA0A0SystemCollectionsGenericDictionary2EntryA0SystemObjectA0SystemObjectA0SystemInt32', ID = '9861'
Method 'A0SystemVoidA0SystemSZArrayHelperset_ItemA0A0SystemCollectionsGenericDictionary2EntryA0SystemObjectA0SystemObjectA0SystemInt32A0A0SystemCollectionsGenericDictionary2EntryA0SystemObjectA0SystemObject', ID = '9862'
Method 'A0SystemVoidA0SystemSZArrayHelperAddA0A0SystemCollectionsGenericDictionary2EntryA0SystemObjectA0SystemObjectA0A0SystemCollectionsGenericDictionary2EntryA0SystemObjectA0SystemObject', ID = '9863'
Method 'A0SystemBooleanA0SystemSZArrayHelperContainsA0A0SystemCollectionsGenericDictionary2EntryA0SystemObjectA0SystemObjectA0A0SystemCollectionsGenericDictionary2EntryA0SystemObjectA0SystemObject', ID = '9864'
Method 'A0SystemBooleanA0SystemSZArrayHelperget_IsReadOnlyA0A0SystemCollectionsGenericDictionary2EntryA0SystemObjectA0SystemObject', ID = '9865'
Method 'A0SystemVoidA0SystemSZArrayHelperClearA0A0SystemCollectionsGenericDictionary2EntryA0SystemObjectA0SystemObject', ID = '9866'
Method 'A0SystemInt32A0SystemSZArrayHelperIndexOfA0A0SystemCollectionsGenericDictionary2EntryA0SystemObjectA0SystemObjectA0A0SystemCollectionsGenericDictionary2EntryA0SystemObjectA0SystemObject', ID = '9867'
Method 'A0SystemVoidA0SystemSZArrayHelperInsertA0A0SystemCollectionsGenericDictionary2EntryA0SystemObjectA0SystemObjectA0SystemInt32A0A0SystemCollectionsGenericDictionary2EntryA0SystemObjectA0SystemObject', ID = '9868'
Method 'A0SystemBooleanA0SystemSZArrayHelperRemoveA0A0SystemCollectionsGenericDictionary2EntryA0SystemObjectA0SystemObjectA0A0SystemCollectionsGenericDictionary2EntryA0SystemObjectA0SystemObject', ID = '9869'
Method 'A0SystemVoidA0SystemSZArrayHelperRemoveAtA0A0SystemCollectionsGenericDictionary2EntryA0SystemObjectA0SystemObjectA0SystemInt32', ID = '9870'
Method 'A0SystemStringA0SystemSRget_ArgumentOutOfRange_Bounds_Lower_Upper', ID = '9879'
Method 'A0SystemBooleanA0SystemAttributeEqualsA0SystemObject', ID = '9881'
Method 'A0SystemInt32A0SystemAttributeGetHashCode', ID = '9882'
Method 'A0SystemAttributeA0SystemAttributeGetCustomAttributeA0SystemReflectionAssemblyA0SystemType', ID = '9883'
Method 'SystemVoidA0A0SystemSZGenericArrayEnumerator1A4CosmosSystemFileSystemListingDirectoryEntrycctor', ID = '9884'
Method 'A0SystemVoidA0A0SystemSZGenericArrayEnumerator1A4CosmosSystemFileSystemListingDirectoryEntryDispose', ID = '9885'
Method 'A0SystemBooleanA0A0SystemSZGenericArrayEnumerator1A4CosmosSystemFileSystemListingDirectoryEntryMoveNext', ID = '9886'
Method 'A0SystemBooleanA0SystemRuntimeCompilerServicesRuntimeHelpersIsBitwiseEquatableA4CosmosSystemFileSystemListingDirectoryEntry', ID = '9887'
Method 'A0SystemInt32A0InternalRuntimeCompilerServicesUnsafeSizeOfA4CosmosSystemFileSystemListingDirectoryEntry', ID = '9888'
Method 'A0SystemByteA0InternalRuntimeCompilerServicesUnsafeAsA4CosmosSystemFileSystemListingDirectoryEntryA0SystemByteA4CosmosSystemFileSystemListingDirectoryEntry', ID = '9889'
Method 'A0SystemCharA0InternalRuntimeCompilerServicesUnsafeAsA4CosmosSystemFileSystemListingDirectoryEntryA0SystemCharA4CosmosSystemFileSystemListingDirectoryEntry', ID = '9890'
Method 'A0SystemInt32A0InternalRuntimeCompilerServicesUnsafeAsA4CosmosSystemFileSystemListingDirectoryEntryA0SystemInt32A4CosmosSystemFileSystemListingDirectoryEntry', ID = '9891'
Method 'A0SystemInt64A0InternalRuntimeCompilerServicesUnsafeAsA4CosmosSystemFileSystemListingDirectoryEntryA0SystemInt64A4CosmosSystemFileSystemListingDirectoryEntry', ID = '9892'
Method 'A0A0SystemCollectionsGenericEqualityComparer1A4CosmosSystemFileSystemListingDirectoryEntryA0A0SystemCollectionsGenericEqualityComparer1A4CosmosSystemFileSystemListingDirectoryEntryget_Default', ID = '9893'
Method 'A0SystemInt32A0A0SystemCollectionsGenericEqualityComparer1A4CosmosSystemFileSystemListingDirectoryEntryIndexOfA4A4CosmosSystemFileSystemListingDirectoryEntryarrayA4CosmF0731B1A1975E5449D5B24171AFFC747', ID = '9894'
Method 'SystemVoidA8A8CosmosIL2CPUSZArrayImpl1GetEnumeratord__0A4CosmosSystemFileSystemListingDirectoryEntryctorA0SystemInt32', ID = '9895'
Method 'SystemVoidA0A0SystemCollectionsGenericEqualityComparer1A0SystemReflectionParameterInfocctor', ID = '9897'
Method 'A0SystemIntPtrA0SystemRuntimeMethodHandleInternalget_Value', ID = '9900'
Method 'A0SystemBooleanA0SystemRuntimeTypeHandleIsByRefA0SystemRuntimeType', ID = '9901'
Method 'A0SystemBooleanA0SystemRuntimeTypeHandleIsPrimitiveA0SystemRuntimeType', ID = '9902'
Method 'A0SystemRuntimeTypeA0SystemRuntimeTypeRuntimeTypeCacheGetEnclosingType', ID = '9903'
Method 'A0SystemBooleanA0SystemRuntimeTypeRuntimeTypeCacheget_IsGlobal', ID = '9904'
Method 'SystemVoidA0A0SystemCollectionsGenericEqualityComparer1A0SystemReflectionMethodInfocctor', ID = '9905'
Method 'A0SystemIntPtrA2CosmosCore_PlugsSystemRuntimeInteropServicesNativeLibraryImplLoadByNameA0SystemStringA0SystemObjectA0SystemBooleanA0SystemUInt32A0SystemBoolean', ID = '9907'
Method 'A0SystemUIntPtrA0SystemTextASCIIUtilityGetIndexOfFirstNonAsciiChar_DefaultA0SystemCharpointerA0SystemUIntPtr', ID = '9908'
Method 'A0SystemUIntPtrA0SystemTextASCIIUtilityGetIndexOfFirstNonAsciiChar_Sse2A0SystemCharpointerA0SystemUIntPtr', ID = '9909'
Method 'A0A0SystemRuntimeIntrinsicsVector1281A0SystemUInt64A0SystemRuntimeIntrinsicsVector128CreateA0SystemUInt64', ID = '9910'
Method 'A0A0SystemRuntimeIntrinsicsVector1281A0SystemUInt16A0SystemRuntimeIntrinsicsX86Sse2LoadVector128A0SystemUInt16pointer', ID = '9911'
Method 'A0A0SystemRuntimeIntrinsicsVector1281A0SystemUInt16A0SystemRuntimeIntrinsicsX86Sse41MinA0A0SystemRuntimeIntrinsicsVector1281A0SystemUInt16A0A0SystemRuntimeIntrinsicsVector1281A0SystemUInt16', ID = '9912'
Method 'A0SystemInt32A0SystemNumericsBitOperationsPopCountA0SystemUInt32', ID = '9913'
Method 'A0A0SystemRuntimeIntrinsicsVector1281A0SystemUInt16A0SystemRuntimeIntrinsicsX86Sse2AddA0A0SystemRuntimeIntrinsicsVector1281A0SystemUInt16A0A0SystemRuntimeIntrinsicsVector1281A0SystemUInt16', ID = '9914'
Method 'A0A0SystemRuntimeIntrinsicsVector1281A0SystemInt16A0SystemRuntimeIntrinsicsVector128AsInt16A0SystemUInt16A0A0SystemRuntimeIntrinsicsVector1281A0SystemUInt16', ID = '9915'
Method 'A0A0SystemRuntimeIntrinsicsVector1281A0SystemInt16A0SystemRuntimeIntrinsicsX86Sse2CompareLessThanA0A0SystemRuntimeIntrinsicsVector1281A0SystemInt16A0A0SystemRuntimeIntrinsicsVector1281A0SystemInt16', ID = '9916'
Method 'A0A0SystemRuntimeIntrinsicsVector1281A0SystemByteA0SystemRuntimeIntrinsicsVector128AsByteA0SystemInt16A0A0SystemRuntimeIntrinsicsVector1281A0SystemInt16', ID = '9917'
Method 'A0A0SystemRuntimeIntrinsicsVector1281A0SystemUInt16A0SystemRuntimeIntrinsicsX86Sse2ShiftRightLogicalA0A0SystemRuntimeIntrinsicsVector1281A0SystemUInt16A0SystemByte', ID = '9918'
Method 'A0A0SystemNumericsVector1A0SystemUInt16A0SystemNumericsVectorGreaterThanOrEqualA0SystemUInt16A0A0SystemNumericsVector1A0SystemUInt16A0A0SystemNumericsVector1A0SystemUInt16', ID = '9919'
Method 'A0A0SystemNumericsVector1A0SystemUInt16A0A0SystemNumericsVector1A0SystemUInt16op_SubtractionA0A0SystemNumericsVector1A0SystemUInt16A0A0SystemNumericsVector1A0SystemUInt16', ID = '9920'
Method 'A0A0SystemNumericsVector1A0SystemUIntPtrA0A0SystemNumericsVector1A0SystemUInt16op_ExplicitA0A0SystemNumericsVector1A0SystemUInt16', ID = '9921'
Method 'A0SystemUIntPtrA0A0SystemNumericsVector1A0SystemUIntPtrget_ItemA0SystemInt32', ID = '9922'
Method 'A0SystemInt32A0A0SystemNumericsVector1A0SystemUIntPtrget_Count', ID = '9923'
Method 'A0A0SystemNumericsVector1A0SystemUInt16A0SystemNumericsVectorLessThanA0SystemUInt16A0A0SystemNumericsVector1A0SystemUInt16A0A0SystemNumericsVector1A0SystemUInt16', ID = '9924'
Method 'A0A0SystemNumericsVector1A0SystemUInt16A0SystemNumericsVectorAndNotA0SystemUInt16A0A0SystemNumericsVector1A0SystemUInt16A0A0SystemNumericsVector1A0SystemUInt16', ID = '9925'
Method 'A0SystemBooleanA0SystemTextASCIIEncodingTryGetByteCountA0SystemTextRuneA0SystemInt32', ID = '9926'
Method 'A0SystemBooleanA0SystemTextUTF8EncodingTryGetByteCountA0SystemTextRuneA0SystemInt32', ID = '9927'
Method 'A0A0SystemNumericsVector1A0SystemInt32A0InternalRuntimeCompilerServicesUnsafeAsRefA0A0SystemNumericsVector1A0SystemInt32A0A0SystemNumericsVector1A0SystemInt32', ID = '9928'
Method 'A0SystemInt32A0InternalRuntimeCompilerServicesUnsafeAsA0A0SystemNumericsVector1A0SystemInt32A0SystemInt32A0A0SystemNumericsVector1A0SystemInt32', ID = '9929'
Method 'A0SystemInt32A0InternalRuntimeCompilerServicesUnsafeSizeOfA0A0SystemNumericsVector1A0SystemInt32', ID = '9930'
Method 'A0SystemInt32A0InternalRuntimeCompilerServicesUnsafeSizeOfA0SystemInt16', ID = '9931'
Method 'A0SystemInt16A0InternalRuntimeCompilerServicesUnsafeAsA0A0SystemRuntimeIntrinsicsVector1281A0SystemInt16A0SystemInt16A0A0SystemRuntimeIntrinsicsVector1281A0SystemInt16', ID = '9932'
Method 'A0SystemInt16A0InternalRuntimeCompilerServicesUnsafeAddA0SystemInt16A0SystemInt16A0SystemInt32', ID = '9933'
Method 'A0A0SystemRuntimeIntrinsicsVector1281A0SystemSingleA0SystemRuntimeIntrinsicsVector128AsSingleA0SystemInt16A0A0SystemRuntimeIntrinsicsVector1281A0SystemInt16', ID = '9934'
Method 'A0A0SystemRuntimeIntrinsicsVector1281A0SystemDoubleA0SystemRuntimeIntrinsicsVector128AsDoubleA0SystemInt16A0A0SystemRuntimeIntrinsicsVector1281A0SystemInt16', ID = '9935'
Method 'A0SystemBooleanA0A0SystemRuntimeIntrinsicsVector1281A0SystemInt16Equalsg__SoftwareFallbacksLine12_0A0A0SystemRuntimeIntrinsicsVector1281A0SystemInt16A0A0SystemRuntimeIntrinsicsVector1281A0SystemInt16', ID = '9936'
Method 'A0SystemVoidA0SystemTextEncoderReplacementFallbackBufferReset', ID = '9937'
Method 'A0SystemCharA0SystemTextEncoderReplacementFallbackBufferGetNextChar', ID = '9938'
Method 'A0SystemInt32A0SystemTextEncoderReplacementFallbackBufferget_Remaining', ID = '9939'
Method 'A0SystemBooleanA0SystemTextEncoderReplacementFallbackBufferFallbackA0SystemCharA0SystemCharA0SystemInt32', ID = '9940'
Method 'A0SystemBooleanA0SystemTextEncoderReplacementFallbackBufferFallbackA0SystemCharA0SystemInt32', ID = '9941'
Method 'A0SystemBooleanA0SystemTextEncoderReplacementFallbackBufferMovePrevious', ID = '9942'
Method 'A0SystemCharA0SystemTextEncoderExceptionFallbackBufferGetNextChar', ID = '9943'
Method 'A0SystemInt32A0SystemTextEncoderExceptionFallbackBufferget_Remaining', ID = '9944'
Method 'A0SystemBooleanA0SystemTextEncoderExceptionFallbackBufferFallbackA0SystemCharA0SystemCharA0SystemInt32', ID = '9945'
Method 'A0SystemBooleanA0SystemTextEncoderExceptionFallbackBufferFallbackA0SystemCharA0SystemInt32', ID = '9946'
Method 'A0SystemBooleanA0SystemTextEncoderExceptionFallbackBufferMovePrevious', ID = '9947'
Method 'SystemVoidA0SystemRandomImplBasector', ID = '9950'
Method 'A0SystemVoidA0InteropGetRandomBytesA0SystemBytepointerA0SystemInt32', ID = '9951'
Method 'A0SystemVoidA0SystemRandomXoshiroImplNextBytesA0A0SystemSpan1A0SystemByte', ID = '9952'
Method 'A0SystemInt32A0SystemGlobalizationCompareInfoCompareA0A0SystemReadOnlySpan1A0SystemCharA0A0SystemReadOnlySpan1A0SystemCharA0SystemGlobalizationCompareOptions', ID = '9953'
Method 'A0SystemVoidA0SystemGlobalizationCompareInfoCheckCompareOptionsForCompareA0SystemGlobalizationCompareOptions', ID = '9954'
Method 'A0SystemVoidA2CosmosCore_PlugsInteropGlobalizationImplChangeCaseInvariantA0SystemCharpointerA0SystemInt32A0SystemCharpointerA0SystemInt32A0SystemBoolean', ID = '9955'
Method 'A0SystemVoidA2CosmosCore_PlugsInteropGlobalizationImplChangeCaseTurkishA0SystemCharpointerA0SystemInt32A0SystemCharpointerA0SystemInt32A0SystemBoolean', ID = '9956'
Method 'A0SystemVoidA2CosmosCore_PlugsInteropGlobalizationImplChangeCaseA0SystemCharpointerA0SystemInt32A0SystemCharpointerA0SystemInt32A0SystemBoolean', ID = '9957'
Method 'A0A0A0SystemUInt16arrayarrayA0InternalRuntimeCompilerServicesUnsafeAsA0A0A0SystemUInt16arrayarrayA0SystemObject', ID = '9959'
Method 'SystemVoidA0A0SystemSZGenericArrayEnumerator1A0A0SystemUInt16arrayctorA0A0A0SystemUInt16arrayarray', ID = '9960'
Method 'A0SystemInt32A0SystemArrayIndexOfA0A0SystemUInt16arrayA0A0A0SystemUInt16arrayarrayA0A0SystemUInt16arrayA0SystemInt32A0SystemInt32', ID = '9963'
Method 'A0A0SystemCollectionsGenericIEnumerator1A0A0SystemUInt16arrayA8A8CosmosIL2CPUSZArrayImpl1A0A0SystemUInt16arrayGetEnumerator', ID = '9964'
Method 'A0SystemVoidA8A8CosmosIL2CPUSZArrayImpl1A0A0SystemUInt16arrayCopyToA0A0A0SystemUInt16arrayarrayA0SystemInt32', ID = '9965'
Method 'A0SystemInt32A8A8CosmosIL2CPUSZArrayImpl1A0A0SystemUInt16arrayget_Count', ID = '9966'
Method 'A0A0SystemUInt16arrayA8A8CosmosIL2CPUSZArrayImpl1A0A0SystemUInt16arrayget_ItemA0SystemInt32', ID = '9967'
Method 'A0SystemVoidA8A8CosmosIL2CPUSZArrayImpl1A0A0SystemUInt16arrayset_ItemA0SystemInt32A0A0SystemUInt16array', ID = '9968'
Method 'A0SystemVoidA8A8CosmosIL2CPUSZArrayImpl1A0A0SystemUInt16arrayAddA0A0SystemUInt16array', ID = '9969'
Method 'A0SystemBooleanA8A8CosmosIL2CPUSZArrayImpl1A0A0SystemUInt16arrayContainsA0A0SystemUInt16array', ID = '9970'
Method 'A0SystemBooleanA8A8CosmosIL2CPUSZArrayImpl1A0A0SystemUInt16arrayget_IsReadOnly', ID = '9971'
Method 'A0SystemVoidA8A8CosmosIL2CPUSZArrayImpl1A0A0SystemUInt16arrayClear', ID = '9972'
Method 'A0SystemInt32A8A8CosmosIL2CPUSZArrayImpl1A0A0SystemUInt16arrayIndexOfA0A0SystemUInt16array', ID = '9973'
Method 'A0SystemVoidA8A8CosmosIL2CPUSZArrayImpl1A0A0SystemUInt16arrayInsertA0SystemInt32A0A0SystemUInt16array', ID = '9974'
Method 'A0SystemVoidA8A8CosmosIL2CPUSZArrayImpl1A0A0SystemUInt16arrayRemoveAtA0SystemInt32', ID = '9975'
Method 'A0SystemBooleanA8A8CosmosIL2CPUSZArrayImpl1A0A0SystemUInt16arrayget_IsFixedSize', ID = '9976'
Method 'A0SystemVoidA8A8CosmosIL2CPUSZArrayImpl1A0A0SystemUInt16arrayRemoveA0A0SystemUInt16array', ID = '9977'
Method 'A0SystemObjectA8A8CosmosIL2CPUSZArrayImpl1A0A0SystemUInt16arrayget_SyncRoot', ID = '9978'
Method 'A0SystemBooleanA8A8CosmosIL2CPUSZArrayImpl1A0A0SystemUInt16arrayget_IsSynchronized', ID = '9979'
Method 'SystemVoidA0A0SystemCollectionsGenericEqualityComparer1A0SystemDateTimecctor', ID = '9981'
Method 'SystemVoidA0A0SystemCollectionsGenericEqualityComparer1A0SystemThreadingTimerQueuecctor', ID = '9983'
Method 'A0SystemBooleanA0A0SystemNumericsVector1A0SystemSByteop_EqualityA0A0SystemNumericsVector1A0SystemSByteA0A0SystemNumericsVector1A0SystemSByte', ID = '9985'
Method 'A0SystemVoidA0SystemTextDecoderReplacementFallbackBufferReset', ID = '9987'
Method 'A0SystemBooleanA0SystemTextDecoderExceptionFallbackBufferFallbackA0A0SystemBytearrayA0SystemInt32', ID = '9988'
Method 'A0A0SystemNumericsVector1A0SystemSByteA0A0SystemNumericsVector1A0SystemSByteGreaterThanOrEqualA0A0SystemNumericsVector1A0SystemSByteA0A0SystemNumericsVector1A0SystemSByte', ID = '9989'
Method 'A0A0SystemNumericsVector1A0SystemInt32A0A0SystemNumericsVector1A0SystemInt32get_AllBitsSet', ID = '9990'
Method 'A0SystemVoidA8A8CosmosIL2CPUSZArrayImpl1GetEnumeratord__0A0A0SystemCollectionsGenericDictionary2EntryA0SystemStringA0SystemResourcesResourceSetSystemIDisposableDispose', ID = '9995'
Method 'A0SystemBooleanA8A8CosmosIL2CPUSZArrayImpl1GetEnumeratord__0A0A0SystemCollectionsGenericDictionary2EntryA0SystemStringA0SystemResourcesResourceSetMoveNext', ID = '9996'
Method 'A0A0SystemResourcesResourceSetarrayA0InternalRuntimeCompilerServicesUnsafeAsA0A0SystemResourcesResourceSetarrayA0SystemObject', ID = '9998'
Method 'SystemVoidA0A0SystemSZGenericArrayEnumerator1A0SystemResourcesResourceSetctorA0A0SystemResourcesResourceSetarray', ID = '9999'
Method 'A0SystemInt32A0SystemArrayIndexOfA0SystemResourcesResourceSetA0A0SystemResourcesResourceSetarrayA0SystemResourcesResourceSetA0SystemInt32A0SystemInt32', ID = '10002'
Method 'A0A0SystemCollectionsGenericIEnumerator1A0SystemResourcesResourceSetA8A8CosmosIL2CPUSZArrayImpl1A0SystemResourcesResourceSetGetEnumerator', ID = '10003'
Method 'A0SystemVoidA8A8CosmosIL2CPUSZArrayImpl1A0SystemResourcesResourceSetCopyToA0A0SystemResourcesResourceSetarrayA0SystemInt32', ID = '10004'
Method 'A0SystemInt32A8A8CosmosIL2CPUSZArrayImpl1A0SystemResourcesResourceSetget_Count', ID = '10005'
Method 'A0SystemResourcesResourceSetA8A8CosmosIL2CPUSZArrayImpl1A0SystemResourcesResourceSetget_ItemA0SystemInt32', ID = '10006'
Method 'A0SystemVoidA8A8CosmosIL2CPUSZArrayImpl1A0SystemResourcesResourceSetset_ItemA0SystemInt32A0SystemResourcesResourceSet', ID = '10007'
Method 'A0SystemVoidA8A8CosmosIL2CPUSZArrayImpl1A0SystemResourcesResourceSetAddA0SystemResourcesResourceSet', ID = '10008'
Method 'A0SystemBooleanA8A8CosmosIL2CPUSZArrayImpl1A0SystemResourcesResourceSetContainsA0SystemResourcesResourceSet', ID = '10009'
Method 'A0SystemBooleanA8A8CosmosIL2CPUSZArrayImpl1A0SystemResourcesResourceSetget_IsReadOnly', ID = '10010'
Method 'A0SystemVoidA8A8CosmosIL2CPUSZArrayImpl1A0SystemResourcesResourceSetClear', ID = '10011'
Method 'A0SystemInt32A8A8CosmosIL2CPUSZArrayImpl1A0SystemResourcesResourceSetIndexOfA0SystemResourcesResourceSet', ID = '10012'
Method 'A0SystemVoidA8A8CosmosIL2CPUSZArrayImpl1A0SystemResourcesResourceSetInsertA0SystemInt32A0SystemResourcesResourceSet', ID = '10013'
Method 'A0SystemVoidA8A8CosmosIL2CPUSZArrayImpl1A0SystemResourcesResourceSetRemoveAtA0SystemInt32', ID = '10014'
Method 'A0SystemBooleanA8A8CosmosIL2CPUSZArrayImpl1A0SystemResourcesResourceSetget_IsFixedSize', ID = '10015'
Method 'A0SystemVoidA8A8CosmosIL2CPUSZArrayImpl1A0SystemResourcesResourceSetRemoveA0SystemResourcesResourceSet', ID = '10016'
Method 'A0SystemObjectA8A8CosmosIL2CPUSZArrayImpl1A0SystemResourcesResourceSetget_SyncRoot', ID = '10017'
Method 'A0SystemBooleanA8A8CosmosIL2CPUSZArrayImpl1A0SystemResourcesResourceSetget_IsSynchronized', ID = '10018'
Method 'SystemVoidA0A0SystemSZGenericArrayEnumerator1A0A0SystemCollectionsGenericKeyValuePair2A0SystemStringA0SystemResourcesResourceSetcctor', ID = '10019'
Method 'A0SystemVoidA0A0SystemSZGenericArrayEnumerator1A0A0SystemCollectionsGenericKeyValuePair2A0SystemStringA0SystemResourcesResourceSetDispose', ID = '10020'
Method 'A0SystemBooleanA0A0SystemSZGenericArrayEnumerator1A0A0SystemCollectionsGenericKeyValuePair2A0SystemStringA0SystemResourcesResourceSetMoveNext', ID = '10021'
Method 'A0SystemStringA0A0SystemCollectionsGenericKeyValuePair2A0SystemStringA0SystemResourcesResourceSetToString', ID = '10022'
Method 'A0SystemBooleanA0SystemRuntimeCompilerServicesRuntimeHelpersIsBitwiseEquatableA0A0SystemCollectionsGenericKeyValuePair2A0SystemStringA0SystemResourcesResourceSet', ID = '10023'
Method 'A0SystemInt32A0InternalRuntimeCompilerServicesUnsafeSizeOfA0A0SystemCollectionsGenericKeyValuePair2A0SystemStringA0SystemResourcesResourceSet', ID = '10024'
Method 'A0SystemByteA0InternalRuntimeCompilerServicesUnsafeAsA0A0SystemCollectionsGenericKeyValuePair2A0SystemStringA0SystemResourcesResourceSetA0SystemByteA0A0SystemCollection4013088EED9B703B334F20147D633EE9', ID = '10025'
Method 'A0SystemCharA0InternalRuntimeCompilerServicesUnsafeAsA0A0SystemCollectionsGenericKeyValuePair2A0SystemStringA0SystemResourcesResourceSetA0SystemCharA0A0SystemCollectionACC7921CB3227EA14558F9BE195611E5', ID = '10026'
Method 'A0SystemInt32A0InternalRuntimeCompilerServicesUnsafeAsA0A0SystemCollectionsGenericKeyValuePair2A0SystemStringA0SystemResourcesResourceSetA0SystemInt32A0A0SystemCollecti574A6A0D8B161B1DBE3006DF9D6BA499', ID = '10027'
Method 'A0SystemInt64A0InternalRuntimeCompilerServicesUnsafeAsA0A0SystemCollectionsGenericKeyValuePair2A0SystemStringA0SystemResourcesResourceSetA0SystemInt64A0A0SystemCollecti40CBAEF49A7DD8F35F84200362D9C7DF', ID = '10028'
Method 'A0A0SystemCollectionsGenericEqualityComparer1A0A0SystemCollectionsGenericKeyValuePair2A0SystemStringA0SystemResourcesResourceSetA0A0SystemCollectionsGenericEqualityCompFAB714B2D8830D3D7D3C03AF91F63019', ID = '10029'
Method 'A0SystemInt32A0A0SystemCollectionsGenericEqualityComparer1A0A0SystemCollectionsGenericKeyValuePair2A0SystemStringA0SystemResourcesResourceSetIndexOfA0A0A0SystemCollectiBDA083586716EF18E22DCCB1B1E188B6', ID = '10030'
Method 'SystemVoidA8A8CosmosIL2CPUSZArrayImpl1GetEnumeratord__0A0A0SystemCollectionsGenericKeyValuePair2A0SystemStringA0SystemResourcesResourceSetctorA0SystemInt32', ID = '10031'
Method 'A0A0A0SystemCollectionsGenericDictionary2EntryA0SystemObjectA0SystemObjectarrayA0InternalRuntimeCompilerServicesUnsafeAsA0A0A0SystemCollectionsGenericDictionary2EntryA05E202D919FC77FCF44EE53FE54D7A12B', ID = '10034'
Method 'SystemVoidA0A0SystemSZGenericArrayEnumerator1A0A0SystemCollectionsGenericDictionary2EntryA0SystemObjectA0SystemObjectctorA0A0A0SystemCollectionsGenericDictionary2EntryA0SystemObjectA0SystemObjectarray', ID = '10035'
Method 'A0SystemInt32A0SystemArrayIndexOfA0A0SystemCollectionsGenericDictionary2EntryA0SystemObjectA0SystemObjectA0A0A0SystemCollectionsGenericDictionary2EntryA0SystemObjectA0SA6472DC6A113A647DE60ED18AFD8E89F', ID = '10039'
Method 'A0A0SystemCollectionsGenericIEnumerator1A0A0SystemCollectionsGenericDictionary2EntryA0SystemObjectA0SystemObjectA8A8CosmosIL2CPUSZArrayImpl1A0A0SystemCollectionsGenericBE61FC328E8DDE3820F4D52CDA1E132C', ID = '10040'
Method 'A0SystemVoidA8A8CosmosIL2CPUSZArrayImpl1A0A0SystemCollectionsGenericDictionary2EntryA0SystemObjectA0SystemObjectCopyToA0A0A0SystemCollectionsGenericDictionary2EntryA0SyE57201F5B50C425A64AC2E8B2D2840ED', ID = '10041'
Method 'A0SystemInt32A8A8CosmosIL2CPUSZArrayImpl1A0A0SystemCollectionsGenericDictionary2EntryA0SystemObjectA0SystemObjectget_Count', ID = '10042'
Method 'A0A0SystemCollectionsGenericDictionary2EntryA0SystemObjectA0SystemObjectA8A8CosmosIL2CPUSZArrayImpl1A0A0SystemCollectionsGenericDictionary2EntryA0SystemObjectA0SystemObjectget_ItemA0SystemInt32', ID = '10043'
Method 'A0SystemVoidA8A8CosmosIL2CPUSZArrayImpl1A0A0SystemCollectionsGenericDictionary2EntryA0SystemObjectA0SystemObjectset_ItemA0SystemInt32A0A0SystemCollectionsGenericDictionFD2508FC5FB1BC6B8D67E0C3ED458581', ID = '10044'
Method 'A0SystemVoidA8A8CosmosIL2CPUSZArrayImpl1A0A0SystemCollectionsGenericDictionary2EntryA0SystemObjectA0SystemObjectAddA0A0SystemCollectionsGenericDictionary2EntryA0SystemObjectA0SystemObject', ID = '10045'
Method 'A0SystemBooleanA8A8CosmosIL2CPUSZArrayImpl1A0A0SystemCollectionsGenericDictionary2EntryA0SystemObjectA0SystemObjectContainsA0A0SystemCollectionsGenericDictionary2EntryA0SystemObjectA0SystemObject', ID = '10046'
Method 'A0SystemBooleanA8A8CosmosIL2CPUSZArrayImpl1A0A0SystemCollectionsGenericDictionary2EntryA0SystemObjectA0SystemObjectget_IsReadOnly', ID = '10047'
Method 'A0SystemVoidA8A8CosmosIL2CPUSZArrayImpl1A0A0SystemCollectionsGenericDictionary2EntryA0SystemObjectA0SystemObjectClear', ID = '10048'
Method 'A0SystemInt32A8A8CosmosIL2CPUSZArrayImpl1A0A0SystemCollectionsGenericDictionary2EntryA0SystemObjectA0SystemObjectIndexOfA0A0SystemCollectionsGenericDictionary2EntryA0SystemObjectA0SystemObject', ID = '10049'
Method 'A0SystemVoidA8A8CosmosIL2CPUSZArrayImpl1A0A0SystemCollectionsGenericDictionary2EntryA0SystemObjectA0SystemObjectInsertA0SystemInt32A0A0SystemCollectionsGenericDictionarA9E73780586E0083289C1925602096F5', ID = '10050'
Method 'A0SystemVoidA8A8CosmosIL2CPUSZArrayImpl1A0A0SystemCollectionsGenericDictionary2EntryA0SystemObjectA0SystemObjectRemoveAtA0SystemInt32', ID = '10051'
Method 'A0SystemBooleanA8A8CosmosIL2CPUSZArrayImpl1A0A0SystemCollectionsGenericDictionary2EntryA0SystemObjectA0SystemObjectget_IsFixedSize', ID = '10052'
Method 'A0SystemVoidA8A8CosmosIL2CPUSZArrayImpl1A0A0SystemCollectionsGenericDictionary2EntryA0SystemObjectA0SystemObjectRemoveA0A0SystemCollectionsGenericDictionary2EntryA0SystemObjectA0SystemObject', ID = '10053'
Method 'A0SystemObjectA8A8CosmosIL2CPUSZArrayImpl1A0A0SystemCollectionsGenericDictionary2EntryA0SystemObjectA0SystemObjectget_SyncRoot', ID = '10054'
Method 'A0SystemBooleanA8A8CosmosIL2CPUSZArrayImpl1A0A0SystemCollectionsGenericDictionary2EntryA0SystemObjectA0SystemObjectget_IsSynchronized', ID = '10055'
Method 'A0A0SystemCollectionsGenericIEnumerator1A0A0SystemCollectionsGenericKeyValuePair2A0SystemObjectA0SystemObjectA0SystemSZArrayHelperGetEnumeratorA0A0SystemCollectionsGene404D41ADC2E6644F3A17434BE80A345A', ID = '10056'
Method 'A0SystemVoidA0SystemSZArrayHelperCopyToA0A0SystemCollectionsGenericKeyValuePair2A0SystemObjectA0SystemObjectA0A0A0SystemCollectionsGenericKeyValuePair2A0SystemObjectA0SystemObjectarrayA0SystemInt32', ID = '10057'
Method 'A0SystemInt32A0SystemSZArrayHelperget_CountA0A0SystemCollectionsGenericKeyValuePair2A0SystemObjectA0SystemObject', ID = '10058'
Method 'A0A0SystemCollectionsGenericKeyValuePair2A0SystemObjectA0SystemObjectA0SystemSZArrayHelperget_ItemA0A0SystemCollectionsGenericKeyValuePair2A0SystemObjectA0SystemObjectA0SystemInt32', ID = '10059'
Method 'A0SystemVoidA0SystemSZArrayHelperset_ItemA0A0SystemCollectionsGenericKeyValuePair2A0SystemObjectA0SystemObjectA0SystemInt32A0A0SystemCollectionsGenericKeyValuePair2A0SystemObjectA0SystemObject', ID = '10060'
Method 'A0SystemVoidA0SystemSZArrayHelperAddA0A0SystemCollectionsGenericKeyValuePair2A0SystemObjectA0SystemObjectA0A0SystemCollectionsGenericKeyValuePair2A0SystemObjectA0SystemObject', ID = '10061'
Method 'A0SystemBooleanA0SystemSZArrayHelperContainsA0A0SystemCollectionsGenericKeyValuePair2A0SystemObjectA0SystemObjectA0A0SystemCollectionsGenericKeyValuePair2A0SystemObjectA0SystemObject', ID = '10062'
Method 'A0SystemBooleanA0SystemSZArrayHelperget_IsReadOnlyA0A0SystemCollectionsGenericKeyValuePair2A0SystemObjectA0SystemObject', ID = '10063'
Method 'A0SystemVoidA0SystemSZArrayHelperClearA0A0SystemCollectionsGenericKeyValuePair2A0SystemObjectA0SystemObject', ID = '10064'
Method 'A0SystemInt32A0SystemSZArrayHelperIndexOfA0A0SystemCollectionsGenericKeyValuePair2A0SystemObjectA0SystemObjectA0A0SystemCollectionsGenericKeyValuePair2A0SystemObjectA0SystemObject', ID = '10065'
Method 'A0SystemVoidA0SystemSZArrayHelperInsertA0A0SystemCollectionsGenericKeyValuePair2A0SystemObjectA0SystemObjectA0SystemInt32A0A0SystemCollectionsGenericKeyValuePair2A0SystemObjectA0SystemObject', ID = '10066'
Method 'A0SystemBooleanA0SystemSZArrayHelperRemoveA0A0SystemCollectionsGenericKeyValuePair2A0SystemObjectA0SystemObjectA0A0SystemCollectionsGenericKeyValuePair2A0SystemObjectA0SystemObject', ID = '10067'
Method 'A0SystemVoidA0SystemSZArrayHelperRemoveAtA0A0SystemCollectionsGenericKeyValuePair2A0SystemObjectA0SystemObjectA0SystemInt32', ID = '10068'
Method 'A0SystemBooleanA0SystemAttributeAreFieldValuesEqualA0SystemObjectA0SystemObject', ID = '10074'
Method 'A0SystemBooleanA0SystemTypeget_IsArray', ID = '10075'
Method 'A0SystemAttributeA0SystemAttributeGetCustomAttributeA0SystemReflectionAssemblyA0SystemTypeA0SystemBoolean', ID = '10076'
Method 'A0SystemVoidA8A8CosmosIL2CPUSZArrayImpl1GetEnumeratord__0A4CosmosSystemFileSystemListingDirectoryEntrySystemIDisposableDispose', ID = '10081'
Method 'A0SystemBooleanA8A8CosmosIL2CPUSZArrayImpl1GetEnumeratord__0A4CosmosSystemFileSystemListingDirectoryEntryMoveNext', ID = '10082'
Method 'A0SystemRuntimeMethodHandleInternalA0SystemReflectionRuntimeMethodInfoSystemIRuntimeMethodInfoget_Value', ID = '10083'
Method 'A0SystemRuntimeMethodHandleInternalA0SystemReflectionRuntimeConstructorInfoSystemIRuntimeMethodInfoget_Value', ID = '10084'
Method 'A0SystemBooleanA0SystemRuntimeCompilerServicesRuntimeHelpersIsPrimitiveTypeA0SystemReflectionCorElementType', ID = '10085'
Method 'A0SystemRuntimeTypeA0SystemRuntimeTypeRuntimeTypeCacheGetRuntimeType', ID = '10086'
Method 'A0SystemBooleanA0SystemNumericsVectorLessThanOrEqualAllA0SystemUInt16A0A0SystemNumericsVector1A0SystemUInt16A0A0SystemNumericsVector1A0SystemUInt16', ID = '10089'
Method 'A0A0SystemRuntimeIntrinsicsVector1281A0SystemUInt16A0SystemRuntimeIntrinsicsX86Sse2LoadAlignedVector128A0SystemUInt16pointer', ID = '10090'
Method 'A0A0SystemRuntimeIntrinsicsVector1281A0SystemUInt64A0SystemRuntimeIntrinsicsVector128Createg__SoftwareFallbacksLine29_0A0SystemUInt64', ID = '10091'
Method 'A0SystemBooleanA0SystemRuntimeIntrinsicsX86Popcntget_IsSupported', ID = '10092'
Method 'A0SystemUInt32A0SystemRuntimeIntrinsicsX86PopcntPopCountA0SystemUInt32', ID = '10093'
Method 'A0SystemInt32A0SystemNumericsBitOperationsPopCountg__SoftwareFallbacksLine19_0A0SystemUInt32', ID = '10094'
Method 'A0A0SystemRuntimeIntrinsicsVector1281A0SystemInt16A0SystemRuntimeIntrinsicsVector128AsA0SystemUInt16A0SystemInt16A0A0SystemRuntimeIntrinsicsVector1281A0SystemUInt16', ID = '10095'
Method 'A0A0SystemRuntimeIntrinsicsVector1281A0SystemByteA0SystemRuntimeIntrinsicsVector128AsA0SystemInt16A0SystemByteA0A0SystemRuntimeIntrinsicsVector1281A0SystemInt16', ID = '10096'
Method 'A0A0SystemNumericsVector1A0SystemUInt16A0A0SystemNumericsVector1A0SystemUInt16GreaterThanOrEqualA0A0SystemNumericsVector1A0SystemUInt16A0A0SystemNumericsVector1A0SystemUInt16', ID = '10097'
Method 'A0SystemUInt16A0A0SystemNumericsVector1A0SystemUInt16ScalarSubtractA0SystemUInt16A0SystemUInt16', ID = '10098'
Method 'A0A0SystemNumericsVector1A0SystemUIntPtrA0InternalRuntimeCompilerServicesUnsafeAsA0A0SystemNumericsVector1A0SystemUInt16A0A0SystemNumericsVector1A0SystemUIntPtrA0A0SystemNumericsVector1A0SystemUInt16', ID = '10100'
Method 'A0SystemVoidA0SystemThrowHelperThrowForUnsupportedNumericsVectorBaseTypeA0SystemUIntPtr', ID = '10101'
Method 'A0SystemUIntPtrA0A0SystemNumericsVector1A0SystemUIntPtrGetElementA0SystemIntPtr', ID = '10102'
Method 'A0SystemInt32A0InternalRuntimeCompilerServicesUnsafeSizeOfA0A0SystemNumericsVector1A0SystemUIntPtr', ID = '10103'
Method 'A0SystemInt32A0InternalRuntimeCompilerServicesUnsafeSizeOfA0SystemUIntPtr', ID = '10104'
Method 'A0A0SystemNumericsVector1A0SystemUInt16A0A0SystemNumericsVector1A0SystemUInt16LessThanA0A0SystemNumericsVector1A0SystemUInt16A0A0SystemNumericsVector1A0SystemUInt16', ID = '10105'
Method 'A0A0SystemNumericsVector1A0SystemUInt16A0A0SystemNumericsVector1A0SystemUInt16op_OnesComplementA0A0SystemNumericsVector1A0SystemUInt16', ID = '10106'
Method 'A0A0SystemNumericsVector1A0SystemUInt16A0A0SystemNumericsVector1A0SystemUInt16op_BitwiseAndA0A0SystemNumericsVector1A0SystemUInt16A0A0SystemNumericsVector1A0SystemUInt16', ID = '10107'
Method 'A0SystemInt32A0SystemTextRuneget_Utf8SequenceLength', ID = '10108'
Method 'A0A0SystemRuntimeIntrinsicsVector1281A0SystemSingleA0SystemRuntimeIntrinsicsVector128AsA0SystemInt16A0SystemSingleA0A0SystemRuntimeIntrinsicsVector1281A0SystemInt16', ID = '10109'
Method 'A0A0SystemRuntimeIntrinsicsVector1281A0SystemDoubleA0SystemRuntimeIntrinsicsVector128AsA0SystemInt16A0SystemDoubleA0A0SystemRuntimeIntrinsicsVector1281A0SystemInt16', ID = '10110'
Method 'A0SystemInt32A0SystemCharConvertToUtf32A0SystemCharA0SystemChar', ID = '10112'
Method 'A0SystemStringA0SystemSRget_Argument_InvalidCodePageConversionIndex', ID = '10113'
Method 'SystemVoidA0SystemTextEncoderFallbackExceptionctorA0SystemStringA0SystemCharA0SystemCharA0SystemInt32', ID = '10114'
Method 'SystemVoidA0SystemTextEncoderFallbackExceptionctorA0SystemStringA0SystemCharA0SystemInt32', ID = '10115'
Method 'A0SystemVoidA3CosmosSystem_PlugsSystemGlobalizationEncodingTableImplCctor', ID = '10116'
Method 'SystemVoidA3CosmosSystem_PlugsSystemGlobalizationEncodingTableImplcctor', ID = '10117'
Method 'A0SystemUInt64A0SystemNumericsBitOperationsRotateLeftA0SystemUInt64A0SystemInt32', ID = '10120'
Method 'A0SystemBooleanA0A0SystemReadOnlySpan1A0SystemCharop_EqualityA0A0SystemReadOnlySpan1A0SystemCharA0A0SystemReadOnlySpan1A0SystemChar', ID = '10121'
Method 'A0SystemInt32A0SystemGlobalizationCompareInfoCompareStringCoreA0A0SystemReadOnlySpan1A0SystemCharA0A0SystemReadOnlySpan1A0SystemCharA0SystemGlobalizationCompareOptions', ID = '10122'
Method 'A0SystemInt32A0SystemMemoryExtensionsSequenceCompareToA0SystemCharA0A0SystemReadOnlySpan1A0SystemCharA0A0SystemReadOnlySpan1A0SystemChar', ID = '10123'
Method 'SystemVoidA0A0SystemSZGenericArrayEnumerator1A0A0SystemUInt16arraycctor', ID = '10124'
Method 'A0SystemVoidA0A0SystemSZGenericArrayEnumerator1A0A0SystemUInt16arrayDispose', ID = '10125'
Method 'A0SystemBooleanA0A0SystemSZGenericArrayEnumerator1A0A0SystemUInt16arrayMoveNext', ID = '10126'
Method 'A0SystemBooleanA0SystemRuntimeCompilerServicesRuntimeHelpersIsBitwiseEquatableA0A0SystemUInt16array', ID = '10127'
Method 'A0SystemInt32A0InternalRuntimeCompilerServicesUnsafeSizeOfA0A0SystemUInt16array', ID = '10128'
Method 'A0SystemByteA0InternalRuntimeCompilerServicesUnsafeAsA0A0SystemUInt16arrayA0SystemByteA0A0SystemUInt16array', ID = '10129'
Method 'A0SystemCharA0InternalRuntimeCompilerServicesUnsafeAsA0A0SystemUInt16arrayA0SystemCharA0A0SystemUInt16array', ID = '10130'
Method 'A0SystemInt32A0InternalRuntimeCompilerServicesUnsafeAsA0A0SystemUInt16arrayA0SystemInt32A0A0SystemUInt16array', ID = '10131'
Method 'A0SystemInt64A0InternalRuntimeCompilerServicesUnsafeAsA0A0SystemUInt16arrayA0SystemInt64A0A0SystemUInt16array', ID = '10132'
Method 'A0A0SystemCollectionsGenericEqualityComparer1A0A0SystemUInt16arrayA0A0SystemCollectionsGenericEqualityComparer1A0A0SystemUInt16arrayget_Default', ID = '10133'
Method 'A0SystemInt32A0A0SystemCollectionsGenericEqualityComparer1A0A0SystemUInt16arrayIndexOfA0A0A0SystemUInt16arrayarrayA0A0SystemUInt16arrayA0SystemInt32A0SystemInt32', ID = '10134'
Method 'SystemVoidA8A8CosmosIL2CPUSZArrayImpl1GetEnumeratord__0A0A0SystemUInt16arrayctorA0SystemInt32', ID = '10135'
Method 'A0SystemBooleanA0A0SystemNumericsVector1A0SystemSByteScalarEqualsA0SystemSByteA0SystemSByte', ID = '10137'
Method 'A0SystemBooleanA3CosmosSystem_PlugsSystemTextDecoderReplacementFallbackBufferImplFallbackA0A0SystemBytearrayA0SystemInt32', ID = '10138'
Method 'A0SystemVoidA0SystemTextDecoderExceptionFallbackBufferThrowA0A0SystemBytearrayA0SystemInt32', ID = '10139'
Method 'A0SystemBooleanA0A0SystemNumericsVector1A0SystemSByteScalarGreaterThanOrEqualA0SystemSByteA0SystemSByte', ID = '10140'
Method 'A0SystemInt32A0A0SystemNumericsVector1A0SystemInt32GetAllBitsSetValue', ID = '10141'
Method 'SystemVoidA0A0SystemNumericsVector1A0SystemInt32ctorA0SystemInt32', ID = '10142'
Method 'SystemVoidA0A0SystemCollectionsGenericEqualityComparer1A0A0SystemCollectionsGenericDictionary2EntryA0SystemStringA0SystemResourcesResourceSetcctor', ID = '10143'
Method 'SystemVoidA0A0SystemSZGenericArrayEnumerator1A0SystemResourcesResourceSetcctor', ID = '10145'
Method 'A0SystemVoidA0A0SystemSZGenericArrayEnumerator1A0SystemResourcesResourceSetDispose', ID = '10146'
Method 'A0SystemBooleanA0A0SystemSZGenericArrayEnumerator1A0SystemResourcesResourceSetMoveNext', ID = '10147'
Method 'A0SystemBooleanA0SystemRuntimeCompilerServicesRuntimeHelpersIsBitwiseEquatableA0SystemResourcesResourceSet', ID = '10148'
Method 'A0SystemInt32A0InternalRuntimeCompilerServicesUnsafeSizeOfA0SystemResourcesResourceSet', ID = '10149'
Method 'A0SystemByteA0InternalRuntimeCompilerServicesUnsafeAsA0SystemResourcesResourceSetA0SystemByteA0SystemResourcesResourceSet', ID = '10150'
Method 'A0SystemCharA0InternalRuntimeCompilerServicesUnsafeAsA0SystemResourcesResourceSetA0SystemCharA0SystemResourcesResourceSet', ID = '10151'
Method 'A0SystemInt32A0InternalRuntimeCompilerServicesUnsafeAsA0SystemResourcesResourceSetA0SystemInt32A0SystemResourcesResourceSet', ID = '10152'
Method 'A0SystemInt64A0InternalRuntimeCompilerServicesUnsafeAsA0SystemResourcesResourceSetA0SystemInt64A0SystemResourcesResourceSet', ID = '10153'
Method 'A0A0SystemCollectionsGenericEqualityComparer1A0SystemResourcesResourceSetA0A0SystemCollectionsGenericEqualityComparer1A0SystemResourcesResourceSetget_Default', ID = '10154'
Method 'A0SystemInt32A0A0SystemCollectionsGenericEqualityComparer1A0SystemResourcesResourceSetIndexOfA0A0SystemResourcesResourceSetarrayA0SystemResourcesResourceSetA0SystemInt32A0SystemInt32', ID = '10155'
Method 'SystemVoidA8A8CosmosIL2CPUSZArrayImpl1GetEnumeratord__0A0SystemResourcesResourceSetctorA0SystemInt32', ID = '10156'
Method 'A0SystemStringA0A0SystemCollectionsGenericKeyValuePair2A0SystemStringA0SystemResourcesResourceSetget_Key', ID = '10158'
Method 'A0SystemResourcesResourceSetA0A0SystemCollectionsGenericKeyValuePair2A0SystemStringA0SystemResourcesResourceSetget_Value', ID = '10159'
Method 'A0SystemVoidA8A8CosmosIL2CPUSZArrayImpl1GetEnumeratord__0A0A0SystemCollectionsGenericKeyValuePair2A0SystemStringA0SystemResourcesResourceSetSystemIDisposableDispose', ID = '10164'
Method 'A0SystemBooleanA8A8CosmosIL2CPUSZArrayImpl1GetEnumeratord__0A0A0SystemCollectionsGenericKeyValuePair2A0SystemStringA0SystemResourcesResourceSetMoveNext', ID = '10165'
Method 'SystemVoidA0A0SystemSZGenericArrayEnumerator1A0A0SystemCollectionsGenericDictionary2EntryA0SystemObjectA0SystemObjectcctor', ID = '10166'
Method 'A0SystemVoidA0A0SystemSZGenericArrayEnumerator1A0A0SystemCollectionsGenericDictionary2EntryA0SystemObjectA0SystemObjectDispose', ID = '10167'
Method 'A0SystemBooleanA0A0SystemSZGenericArrayEnumerator1A0A0SystemCollectionsGenericDictionary2EntryA0SystemObjectA0SystemObjectMoveNext', ID = '10168'
Method 'A0SystemBooleanA0SystemRuntimeCompilerServicesRuntimeHelpersIsBitwiseEquatableA0A0SystemCollectionsGenericDictionary2EntryA0SystemObjectA0SystemObject', ID = '10169'
Method 'A0SystemInt32A0InternalRuntimeCompilerServicesUnsafeSizeOfA0A0SystemCollectionsGenericDictionary2EntryA0SystemObjectA0SystemObject', ID = '10170'
Method 'A0SystemByteA0InternalRuntimeCompilerServicesUnsafeAsA0A0SystemCollectionsGenericDictionary2EntryA0SystemObjectA0SystemObjectA0SystemByteA0A0SystemCollectionsGenericDic99CFCE02ABF01BAD512D809E1FE44850', ID = '10171'
Method 'A0SystemCharA0InternalRuntimeCompilerServicesUnsafeAsA0A0SystemCollectionsGenericDictionary2EntryA0SystemObjectA0SystemObjectA0SystemCharA0A0SystemCollectionsGenericDic4C078B0DABE62EA0DB13B65E14B059CD', ID = '10172'
Method 'A0SystemInt32A0InternalRuntimeCompilerServicesUnsafeAsA0A0SystemCollectionsGenericDictionary2EntryA0SystemObjectA0SystemObjectA0SystemInt32A0A0SystemCollectionsGenericD41CEDC2DED759C6A9A4B0A753A74F402', ID = '10173'
Method 'A0SystemInt64A0InternalRuntimeCompilerServicesUnsafeAsA0A0SystemCollectionsGenericDictionary2EntryA0SystemObjectA0SystemObjectA0SystemInt64A0A0SystemCollectionsGenericD2AA0E5CF45C5862156841C5DF941C15B', ID = '10174'
Method 'A0A0SystemCollectionsGenericEqualityComparer1A0A0SystemCollectionsGenericDictionary2EntryA0SystemObjectA0SystemObjectA0A0SystemCollectionsGenericEqualityComparer1A0A0Sy1B39F2B8D28354E349EE244495320193', ID = '10175'
Method 'A0SystemInt32A0A0SystemCollectionsGenericEqualityComparer1A0A0SystemCollectionsGenericDictionary2EntryA0SystemObjectA0SystemObjectIndexOfA0A0A0SystemCollectionsGenericDAE150B323DE222F8E2544A81B13B04C4', ID = '10176'
Method 'SystemVoidA8A8CosmosIL2CPUSZArrayImpl1GetEnumeratord__0A0A0SystemCollectionsGenericDictionary2EntryA0SystemObjectA0SystemObjectctorA0SystemInt32', ID = '10177'
Method 'A0A0A0SystemCollectionsGenericKeyValuePair2A0SystemObjectA0SystemObjectarrayA0InternalRuntimeCompilerServicesUnsafeAsA0A0A0SystemCollectionsGenericKeyValuePair2A0System931CC0B8918AEA92E7443EA8748792B2', ID = '10180'
Method 'SystemVoidA0A0SystemSZGenericArrayEnumerator1A0A0SystemCollectionsGenericKeyValuePair2A0SystemObjectA0SystemObjectctorA0A0A0SystemCollectionsGenericKeyValuePair2A0SystemObjectA0SystemObjectarray', ID = '10181'
Method 'A0SystemInt32A0SystemArrayIndexOfA0A0SystemCollectionsGenericKeyValuePair2A0SystemObjectA0SystemObjectA0A0A0SystemCollectionsGenericKeyValuePair2A0SystemObjectA0SystemOE259CF7D93D2D94BD3C46786CAB7DE42', ID = '10185'
Method 'A0A0SystemCollectionsGenericIEnumerator1A0A0SystemCollectionsGenericKeyValuePair2A0SystemObjectA0SystemObjectA8A8CosmosIL2CPUSZArrayImpl1A0A0SystemCollectionsGenericKey5FE74E9F70E50742F2C12606D36A7D0B', ID = '10186'
Method 'A0SystemVoidA8A8CosmosIL2CPUSZArrayImpl1A0A0SystemCollectionsGenericKeyValuePair2A0SystemObjectA0SystemObjectCopyToA0A0A0SystemCollectionsGenericKeyValuePair2A0SystemObB08DD6B01B898DA64FC455B3057ABA76', ID = '10187'
Method 'A0SystemInt32A8A8CosmosIL2CPUSZArrayImpl1A0A0SystemCollectionsGenericKeyValuePair2A0SystemObjectA0SystemObjectget_Count', ID = '10188'
Method 'A0A0SystemCollectionsGenericKeyValuePair2A0SystemObjectA0SystemObjectA8A8CosmosIL2CPUSZArrayImpl1A0A0SystemCollectionsGenericKeyValuePair2A0SystemObjectA0SystemObjectget_ItemA0SystemInt32', ID = '10189'
Method 'A0SystemVoidA8A8CosmosIL2CPUSZArrayImpl1A0A0SystemCollectionsGenericKeyValuePair2A0SystemObjectA0SystemObjectset_ItemA0SystemInt32A0A0SystemCollectionsGenericKeyValuePair2A0SystemObjectA0SystemObject', ID = '10190'
Method 'A0SystemVoidA8A8CosmosIL2CPUSZArrayImpl1A0A0SystemCollectionsGenericKeyValuePair2A0SystemObjectA0SystemObjectAddA0A0SystemCollectionsGenericKeyValuePair2A0SystemObjectA0SystemObject', ID = '10191'
Method 'A0SystemBooleanA8A8CosmosIL2CPUSZArrayImpl1A0A0SystemCollectionsGenericKeyValuePair2A0SystemObjectA0SystemObjectContainsA0A0SystemCollectionsGenericKeyValuePair2A0SystemObjectA0SystemObject', ID = '10192'
Method 'A0SystemBooleanA8A8CosmosIL2CPUSZArrayImpl1A0A0SystemCollectionsGenericKeyValuePair2A0SystemObjectA0SystemObjectget_IsReadOnly', ID = '10193'
Method 'A0SystemVoidA8A8CosmosIL2CPUSZArrayImpl1A0A0SystemCollectionsGenericKeyValuePair2A0SystemObjectA0SystemObjectClear', ID = '10194'
Method 'A0SystemInt32A8A8CosmosIL2CPUSZArrayImpl1A0A0SystemCollectionsGenericKeyValuePair2A0SystemObjectA0SystemObjectIndexOfA0A0SystemCollectionsGenericKeyValuePair2A0SystemObjectA0SystemObject', ID = '10195'
Method 'A0SystemVoidA8A8CosmosIL2CPUSZArrayImpl1A0A0SystemCollectionsGenericKeyValuePair2A0SystemObjectA0SystemObjectInsertA0SystemInt32A0A0SystemCollectionsGenericKeyValuePair2A0SystemObjectA0SystemObject', ID = '10196'
Method 'A0SystemVoidA8A8CosmosIL2CPUSZArrayImpl1A0A0SystemCollectionsGenericKeyValuePair2A0SystemObjectA0SystemObjectRemoveAtA0SystemInt32', ID = '10197'
Method 'A0SystemBooleanA8A8CosmosIL2CPUSZArrayImpl1A0A0SystemCollectionsGenericKeyValuePair2A0SystemObjectA0SystemObjectget_IsFixedSize', ID = '10198'
Method 'A0SystemVoidA8A8CosmosIL2CPUSZArrayImpl1A0A0SystemCollectionsGenericKeyValuePair2A0SystemObjectA0SystemObjectRemoveA0A0SystemCollectionsGenericKeyValuePair2A0SystemObjectA0SystemObject', ID = '10199'
Method 'A0SystemObjectA8A8CosmosIL2CPUSZArrayImpl1A0A0SystemCollectionsGenericKeyValuePair2A0SystemObjectA0SystemObjectget_SyncRoot', ID = '10200'
Method 'A0SystemBooleanA8A8CosmosIL2CPUSZArrayImpl1A0A0SystemCollectionsGenericKeyValuePair2A0SystemObjectA0SystemObjectget_IsSynchronized', ID = '10201'
Method 'A0A0SystemReflectionFieldInfoarrayA2CosmosCoreCosmosRuntimeTypeGetFieldsA0SystemReflectionBindingFlags', ID = '10204'
Method 'A0A0SystemAttributearrayA0SystemAttributeGetCustomAttributesA0SystemReflectionAssemblyA0SystemTypeA0SystemBoolean', ID = '10207'
Method 'A0SystemStringA0SystemSRget_RFLCT_AmbigCust', ID = '10208'
Method 'SystemVoidA0SystemReflectionAmbiguousMatchExceptionctorA0SystemString', ID = '10209'
Method 'SystemVoidA0A0SystemCollectionsGenericEqualityComparer1A4CosmosSystemFileSystemListingDirectoryEntrycctor', ID = '10210'
Method 'SystemVoidA0SystemRuntimeMethodHandleInternalctorA0SystemIntPtr', ID = '10212'
Method 'A0SystemObjectA2CosmosCore_PlugsSystemRuntimeTypeHandleImplGetDeclaringTypeA0SystemObject', ID = '10213'
Method 'A0A0SystemNumericsVector1A0SystemUInt16A0A0SystemNumericsVector1A0SystemUInt16LessThanOrEqualA0A0SystemNumericsVector1A0SystemUInt16A0A0SystemNumericsVector1A0SystemUInt16', ID = '10214'
Method 'A0A0SystemRuntimeIntrinsicsVector1281A0SystemInt16A0InternalRuntimeCompilerServicesUnsafeAsA0A0SystemRuntimeIntrinsicsVector1281A0SystemUInt16A0A0SystemRuntimeIntrinsicA1BDE38067E6969831BD30C3532EB1CA', ID = '10216'
Method 'A0A0SystemRuntimeIntrinsicsVector1281A0SystemByteA0InternalRuntimeCompilerServicesUnsafeAsA0A0SystemRuntimeIntrinsicsVector1281A0SystemInt16A0A0SystemRuntimeIntrinsicsV0E091F5E0E7DA3C7802B6B6EA47CFDF6', ID = '10217'
Method 'A0SystemBooleanA0A0SystemNumericsVector1A0SystemUInt16ScalarGreaterThanOrEqualA0SystemUInt16A0SystemUInt16', ID = '10218'
Method 'A0SystemStringA0A0SystemNumericsVector1A0SystemUIntPtrToString', ID = '10219'
Method 'A0SystemStringA0A0SystemNumericsVector1A0SystemUIntPtrToStringA0SystemStringA0SystemIFormatProvider', ID = '10220'
Method 'A0SystemBooleanA0A0SystemNumericsVector1A0SystemUIntPtrEqualsA0SystemObject', ID = '10221'
Method 'A0SystemInt32A0A0SystemNumericsVector1A0SystemUIntPtrGetHashCode', ID = '10222'
Method 'A0A0SystemNumericsVector1A0SystemUIntPtrA0InternalRuntimeCompilerServicesUnsafeAsRefA0A0SystemNumericsVector1A0SystemUIntPtrA0A0SystemNumericsVector1A0SystemUIntPtr', ID = '10225'
Method 'A0SystemUIntPtrA0InternalRuntimeCompilerServicesUnsafeAsA0A0SystemNumericsVector1A0SystemUIntPtrA0SystemUIntPtrA0A0SystemNumericsVector1A0SystemUIntPtr', ID = '10226'
Method 'A0SystemUIntPtrA0InternalRuntimeCompilerServicesUnsafeAddA0SystemUIntPtrA0SystemUIntPtrA0SystemIntPtr', ID = '10227'
Method 'A0SystemBooleanA0A0SystemNumericsVector1A0SystemUInt16ScalarLessThanA0SystemUInt16A0SystemUInt16', ID = '10228'
Method 'A0A0SystemNumericsVector1A0SystemUInt16A0A0SystemNumericsVector1A0SystemUInt16get_AllBitsSet', ID = '10229'
Method 'A0A0SystemNumericsVector1A0SystemUInt16A0A0SystemNumericsVector1A0SystemUInt16op_ExclusiveOrA0A0SystemNumericsVector1A0SystemUInt16A0A0SystemNumericsVector1A0SystemUInt16', ID = '10230'
Method 'A0SystemInt32A0SystemTextUnicodeUtilityGetUtf8SequenceLengthA0SystemUInt32', ID = '10231'
Method 'A0A0SystemRuntimeIntrinsicsVector1281A0SystemSingleA0InternalRuntimeCompilerServicesUnsafeAsA0A0SystemRuntimeIntrinsicsVector1281A0SystemInt16A0A0SystemRuntimeIntrinsic229946578551DFBA9B1DC1D0E1BAD15C', ID = '10232'
Method 'A0A0SystemRuntimeIntrinsicsVector1281A0SystemDoubleA0InternalRuntimeCompilerServicesUnsafeAsA0A0SystemRuntimeIntrinsicsVector1281A0SystemInt16A0A0SystemRuntimeIntrinsicAF24AC7319E0EC05F8CCA9E5824DA6CD', ID = '10233'
Method 'A0SystemBooleanA0SystemInt16EqualsA0SystemInt16', ID = '10234'
Method 'A0SystemVoidA0SystemCharConvertToUtf32_ThrowInvalidArgsA0SystemUInt32', ID = '10235'
Method 'A0SystemInt32A2CosmosCore_PlugsInteropBCryptImplBCryptGenRandomA0SystemIntPtrA0SystemBytepointerA0SystemInt32A0SystemInt32', ID = '10240'
Method 'A0SystemInt32A0SystemGlobalizationCompareInfoIcuCompareStringA0A0SystemReadOnlySpan1A0SystemCharA0A0SystemReadOnlySpan1A0SystemCharA0SystemGlobalizationCompareOptions', ID = '10241'
Method 'A0SystemInt32A0SystemGlobalizationCompareInfoNlsCompareStringA0A0SystemReadOnlySpan1A0SystemCharA0A0SystemReadOnlySpan1A0SystemCharA0SystemGlobalizationCompareOptions', ID = '10242'
Method 'A0SystemInt32A0SystemSpanHelpersSequenceCompareToA0SystemCharA0SystemCharA0SystemInt32A0SystemCharA0SystemInt32', ID = '10243'
Method 'A0SystemVoidA8A8CosmosIL2CPUSZArrayImpl1GetEnumeratord__0A0A0SystemUInt16arraySystemIDisposableDispose', ID = '10247'
Method 'A0SystemBooleanA8A8CosmosIL2CPUSZArrayImpl1GetEnumeratord__0A0A0SystemUInt16arrayMoveNext', ID = '10248'
Method 'SystemVoidA0SystemTextStringBuilderAppendInterpolatedStringHandlerctorA0SystemInt32A0SystemInt32A0SystemTextStringBuilder', ID = '10250'
Method 'A0SystemVoidA0SystemTextStringBuilderAppendInterpolatedStringHandlerAppendLiteralA0SystemString', ID = '10251'
Method 'A0SystemVoidA0SystemTextStringBuilderAppendInterpolatedStringHandlerAppendFormattedA0SystemByteA0SystemByteA0SystemString', ID = '10252'
Method 'A0SystemTextStringBuilderA0SystemTextStringBuilderAppendA0SystemTextStringBuilderAppendInterpolatedStringHandler', ID = '10253'
Method 'A0SystemStringA0SystemSRget_Argument_InvalidCodePageBytesIndex', ID = '10254'
Method 'SystemVoidA0SystemTextDecoderFallbackExceptionctorA0SystemStringA0A0SystemBytearrayA0SystemInt32', ID = '10255'
Method 'A0SystemVoidA0InternalRuntimeCompilerServicesUnsafeSkipInitA0A0SystemNumericsVector1A0SystemInt32A0A0SystemNumericsVector1A0SystemInt32', ID = '10256'
Method 'A0SystemVoidA0A0SystemNumericsVector1A0SystemInt32SetElementA0SystemIntPtrA0SystemInt32', ID = '10257'
Method 'A0SystemVoidA8A8CosmosIL2CPUSZArrayImpl1GetEnumeratord__0A0SystemResourcesResourceSetSystemIDisposableDispose', ID = '10262'
Method 'A0SystemBooleanA8A8CosmosIL2CPUSZArrayImpl1GetEnumeratord__0A0SystemResourcesResourceSetMoveNext', ID = '10263'
Method 'SystemVoidA0A0SystemCollectionsGenericEqualityComparer1A0A0SystemCollectionsGenericKeyValuePair2A0SystemStringA0SystemResourcesResourceSetcctor', ID = '10264'
Method 'A0SystemVoidA8A8CosmosIL2CPUSZArrayImpl1GetEnumeratord__0A0A0SystemCollectionsGenericDictionary2EntryA0SystemObjectA0SystemObjectSystemIDisposableDispose', ID = '10270'
Method 'A0SystemBooleanA8A8CosmosIL2CPUSZArrayImpl1GetEnumeratord__0A0A0SystemCollectionsGenericDictionary2EntryA0SystemObjectA0SystemObjectMoveNext', ID = '10271'
Method 'SystemVoidA0A0SystemSZGenericArrayEnumerator1A0A0SystemCollectionsGenericKeyValuePair2A0SystemObjectA0SystemObjectcctor', ID = '10272'
Method 'A0SystemVoidA0A0SystemSZGenericArrayEnumerator1A0A0SystemCollectionsGenericKeyValuePair2A0SystemObjectA0SystemObjectDispose', ID = '10273'
Method 'A0SystemBooleanA0A0SystemSZGenericArrayEnumerator1A0A0SystemCollectionsGenericKeyValuePair2A0SystemObjectA0SystemObjectMoveNext', ID = '10274'
Method 'A0SystemStringA0A0SystemCollectionsGenericKeyValuePair2A0SystemObjectA0SystemObjectToString', ID = '10275'
Method 'A0SystemBooleanA0SystemRuntimeCompilerServicesRuntimeHelpersIsBitwiseEquatableA0A0SystemCollectionsGenericKeyValuePair2A0SystemObjectA0SystemObject', ID = '10276'
Method 'A0SystemInt32A0InternalRuntimeCompilerServicesUnsafeSizeOfA0A0SystemCollectionsGenericKeyValuePair2A0SystemObjectA0SystemObject', ID = '10277'
Method 'A0SystemByteA0InternalRuntimeCompilerServicesUnsafeAsA0A0SystemCollectionsGenericKeyValuePair2A0SystemObjectA0SystemObjectA0SystemByteA0A0SystemCollectionsGenericKeyValFA767851F3D449E7F81FFCF11C0C9346', ID = '10278'
Method 'A0SystemCharA0InternalRuntimeCompilerServicesUnsafeAsA0A0SystemCollectionsGenericKeyValuePair2A0SystemObjectA0SystemObjectA0SystemCharA0A0SystemCollectionsGenericKeyVal00741E11B33867BD9792AAC20D77F432', ID = '10279'
Method 'A0SystemInt32A0InternalRuntimeCompilerServicesUnsafeAsA0A0SystemCollectionsGenericKeyValuePair2A0SystemObjectA0SystemObjectA0SystemInt32A0A0SystemCollectionsGenericKeyVC1CA58089ABC0495EEF38CBDEF37CC13', ID = '10280'
Method 'A0SystemInt64A0InternalRuntimeCompilerServicesUnsafeAsA0A0SystemCollectionsGenericKeyValuePair2A0SystemObjectA0SystemObjectA0SystemInt64A0A0SystemCollectionsGenericKeyV7036E08C5BFF46C0E09FD8B69A33527F', ID = '10281'
Method 'A0A0SystemCollectionsGenericEqualityComparer1A0A0SystemCollectionsGenericKeyValuePair2A0SystemObjectA0SystemObjectA0A0SystemCollectionsGenericEqualityComparer1A0A0Syste256C3CD68394342773A97E10CDBFA6C4', ID = '10282'
Method 'A0SystemInt32A0A0SystemCollectionsGenericEqualityComparer1A0A0SystemCollectionsGenericKeyValuePair2A0SystemObjectA0SystemObjectIndexOfA0A0A0SystemCollectionsGenericKeyVB2C3DDEF76CFA3D887CC1C9E22D7925B', ID = '10283'
Method 'SystemVoidA8A8CosmosIL2CPUSZArrayImpl1GetEnumeratord__0A0A0SystemCollectionsGenericKeyValuePair2A0SystemObjectA0SystemObjectctorA0SystemInt32', ID = '10284'
Method 'A0A0SystemCollectionsGenericIEnumerator1A0SystemReflectionFieldInfoA0SystemSZArrayHelperGetEnumeratorA0SystemReflectionFieldInfo', ID = '10286'
Method 'A0SystemVoidA0SystemSZArrayHelperCopyToA0SystemReflectionFieldInfoA0A0SystemReflectionFieldInfoarrayA0SystemInt32', ID = '10287'
Method 'A0SystemInt32A0SystemSZArrayHelperget_CountA0SystemReflectionFieldInfo', ID = '10288'
Method 'A0SystemReflectionFieldInfoA0SystemSZArrayHelperget_ItemA0SystemReflectionFieldInfoA0SystemInt32', ID = '10289'
Method 'A0SystemVoidA0SystemSZArrayHelperset_ItemA0SystemReflectionFieldInfoA0SystemInt32A0SystemReflectionFieldInfo', ID = '10290'
Method 'A0SystemVoidA0SystemSZArrayHelperAddA0SystemReflectionFieldInfoA0SystemReflectionFieldInfo', ID = '10291'
Method 'A0SystemBooleanA0SystemSZArrayHelperContainsA0SystemReflectionFieldInfoA0SystemReflectionFieldInfo', ID = '10292'
Method 'A0SystemBooleanA0SystemSZArrayHelperget_IsReadOnlyA0SystemReflectionFieldInfo', ID = '10293'
Method 'A0SystemVoidA0SystemSZArrayHelperClearA0SystemReflectionFieldInfo', ID = '10294'
Method 'A0SystemInt32A0SystemSZArrayHelperIndexOfA0SystemReflectionFieldInfoA0SystemReflectionFieldInfo', ID = '10295'
Method 'A0SystemVoidA0SystemSZArrayHelperInsertA0SystemReflectionFieldInfoA0SystemInt32A0SystemReflectionFieldInfo', ID = '10296'
Method 'A0SystemBooleanA0SystemSZArrayHelperRemoveA0SystemReflectionFieldInfoA0SystemReflectionFieldInfo', ID = '10297'
Method 'A0SystemVoidA0SystemSZArrayHelperRemoveAtA0SystemReflectionFieldInfoA0SystemInt32', ID = '10298'
Method 'A0A0SystemReflectionFieldInfoarrayA2CosmosCore_PlugsSystemRuntimeTypeImplGetFieldsA0SystemReflectionBindingFlags', ID = '10305'
Method 'A0SystemObjectA2CosmosCore_PlugsSystemArrayImplGetValueA0SystemInt32', ID = '10306'
Method 'A0SystemBooleanA0SystemRuntimeTypeIsArrayImpl', ID = '10307'
Method 'A0SystemBooleanA2CosmosCoreCosmosRuntimeTypeIsArrayImpl', ID = '10308'
Method 'A0SystemStringA0SystemSRget_Argument_MustHaveAttributeBaseClass', ID = '10310'
Method 'A0SystemBooleanA0A0SystemNumericsVector1A0SystemUInt16ScalarLessThanOrEqualA0SystemUInt16A0SystemUInt16', ID = '10313'
Method 'A0SystemBooleanA0A0SystemNumericsVector1A0SystemUIntPtrEqualsA0A0SystemNumericsVector1A0SystemUIntPtr', ID = '10314'
Method 'A0SystemVoidA0SystemHashCodeAddA0SystemUIntPtrA0SystemUIntPtr', ID = '10315'
Method 'A0SystemStringA0SystemSRget_ArgumentOutOfRange_InvalidHighSurrogate', ID = '10316'
Method 'A0SystemStringA0SystemSRget_ArgumentOutOfRange_InvalidLowSurrogate', ID = '10317'
Method 'SystemVoidA0A0SystemCollectionsGenericEqualityComparer1A0A0SystemUInt16arraycctor', ID = '10322'
Method 'A0SystemVoidA0SystemTextStringBuilderAppendInterpolatedStringHandlerAppendCustomFormatterA0SystemByteA0SystemByteA0SystemString', ID = '10325'
Method 'A0SystemVoidA0SystemTextStringBuilderFormatError', ID = '10326'
Method 'A0SystemVoidA0SystemTextStringBuilderAppendInterpolatedStringHandlerAppendFormattedWithTempSpaceA0SystemByteA0SystemByteA0SystemInt32A0SystemString', ID = '10327'
Method 'SystemVoidA0A0SystemCollectionsGenericEqualityComparer1A0SystemResourcesResourceSetcctor', ID = '10330'
Method 'SystemVoidA0A0SystemCollectionsGenericEqualityComparer1A0A0SystemCollectionsGenericDictionary2EntryA0SystemObjectA0SystemObjectcctor', ID = '10332'
Method 'A0SystemObjectA0A0SystemCollectionsGenericKeyValuePair2A0SystemObjectA0SystemObjectget_Key', ID = '10334'
Method 'A0SystemObjectA0A0SystemCollectionsGenericKeyValuePair2A0SystemObjectA0SystemObjectget_Value', ID = '10335'
Method 'A0SystemVoidA8A8CosmosIL2CPUSZArrayImpl1GetEnumeratord__0A0A0SystemCollectionsGenericKeyValuePair2A0SystemObjectA0SystemObjectSystemIDisposableDispose', ID = '10340'
Method 'A0SystemBooleanA8A8CosmosIL2CPUSZArrayImpl1GetEnumeratord__0A0A0SystemCollectionsGenericKeyValuePair2A0SystemObjectA0SystemObjectMoveNext', ID = '10341'
Method 'A0A0SystemReflectionFieldInfoarrayA0InternalRuntimeCompilerServicesUnsafeAsA0A0SystemReflectionFieldInfoarrayA0SystemObject', ID = '10343'
Method 'SystemVoidA0A0SystemSZGenericArrayEnumerator1A0SystemReflectionFieldInfoctorA0A0SystemReflectionFieldInfoarray', ID = '10344'
Method 'A0SystemInt32A0SystemArrayIndexOfA0SystemReflectionFieldInfoA0A0SystemReflectionFieldInfoarrayA0SystemReflectionFieldInfoA0SystemInt32A0SystemInt32', ID = '10347'
Method 'A0A0SystemCollectionsGenericIEnumerator1A0SystemReflectionFieldInfoA8A8CosmosIL2CPUSZArrayImpl1A0SystemReflectionFieldInfoGetEnumerator', ID = '10348'
Method 'A0SystemVoidA8A8CosmosIL2CPUSZArrayImpl1A0SystemReflectionFieldInfoCopyToA0A0SystemReflectionFieldInfoarrayA0SystemInt32', ID = '10349'
Method 'A0SystemInt32A8A8CosmosIL2CPUSZArrayImpl1A0SystemReflectionFieldInfoget_Count', ID = '10350'
Method 'A0SystemReflectionFieldInfoA8A8CosmosIL2CPUSZArrayImpl1A0SystemReflectionFieldInfoget_ItemA0SystemInt32', ID = '10351'
Method 'A0SystemVoidA8A8CosmosIL2CPUSZArrayImpl1A0SystemReflectionFieldInfoset_ItemA0SystemInt32A0SystemReflectionFieldInfo', ID = '10352'
Method 'A0SystemVoidA8A8CosmosIL2CPUSZArrayImpl1A0SystemReflectionFieldInfoAddA0SystemReflectionFieldInfo', ID = '10353'
Method 'A0SystemBooleanA8A8CosmosIL2CPUSZArrayImpl1A0SystemReflectionFieldInfoContainsA0SystemReflectionFieldInfo', ID = '10354'
Method 'A0SystemBooleanA8A8CosmosIL2CPUSZArrayImpl1A0SystemReflectionFieldInfoget_IsReadOnly', ID = '10355'
Method 'A0SystemVoidA8A8CosmosIL2CPUSZArrayImpl1A0SystemReflectionFieldInfoClear', ID = '10356'
Method 'A0SystemInt32A8A8CosmosIL2CPUSZArrayImpl1A0SystemReflectionFieldInfoIndexOfA0SystemReflectionFieldInfo', ID = '10357'
Method 'A0SystemVoidA8A8CosmosIL2CPUSZArrayImpl1A0SystemReflectionFieldInfoInsertA0SystemInt32A0SystemReflectionFieldInfo', ID = '10358'
Method 'A0SystemVoidA8A8CosmosIL2CPUSZArrayImpl1A0SystemReflectionFieldInfoRemoveAtA0SystemInt32', ID = '10359'
Method 'A0SystemBooleanA8A8CosmosIL2CPUSZArrayImpl1A0SystemReflectionFieldInfoget_IsFixedSize', ID = '10360'
Method 'A0SystemVoidA8A8CosmosIL2CPUSZArrayImpl1A0SystemReflectionFieldInfoRemoveA0SystemReflectionFieldInfo', ID = '10361'
Method 'A0SystemObjectA8A8CosmosIL2CPUSZArrayImpl1A0SystemReflectionFieldInfoget_SyncRoot', ID = '10362'
Method 'A0SystemBooleanA8A8CosmosIL2CPUSZArrayImpl1A0SystemReflectionFieldInfoget_IsSynchronized', ID = '10363'
Method 'A0SystemBooleanA0SystemRuntimeTypeHandleIsArrayA0SystemRuntimeType', ID = '10364'
Method 'A0A0SystemCollectionsGenericIEnumerator1A0SystemAttributeA0SystemSZArrayHelperGetEnumeratorA0SystemAttribute', ID = '10365'
Method 'A0SystemVoidA0SystemSZArrayHelperCopyToA0SystemAttributeA0A0SystemAttributearrayA0SystemInt32', ID = '10366'
Method 'A0SystemInt32A0SystemSZArrayHelperget_CountA0SystemAttribute', ID = '10367'
Method 'A0SystemAttributeA0SystemSZArrayHelperget_ItemA0SystemAttributeA0SystemInt32', ID = '10368'
Method 'A0SystemVoidA0SystemSZArrayHelperset_ItemA0SystemAttributeA0SystemInt32A0SystemAttribute', ID = '10369'
Method 'A0SystemVoidA0SystemSZArrayHelperAddA0SystemAttributeA0SystemAttribute', ID = '10370'
Method 'A0SystemBooleanA0SystemSZArrayHelperContainsA0SystemAttributeA0SystemAttribute', ID = '10371'
Method 'A0SystemBooleanA0SystemSZArrayHelperget_IsReadOnlyA0SystemAttribute', ID = '10372'
Method 'A0SystemVoidA0SystemSZArrayHelperClearA0SystemAttribute', ID = '10373'
Method 'A0SystemInt32A0SystemSZArrayHelperIndexOfA0SystemAttributeA0SystemAttribute', ID = '10374'
Method 'A0SystemVoidA0SystemSZArrayHelperInsertA0SystemAttributeA0SystemInt32A0SystemAttribute', ID = '10375'
Method 'A0SystemBooleanA0SystemSZArrayHelperRemoveA0SystemAttributeA0SystemAttribute', ID = '10376'
Method 'A0SystemVoidA0SystemSZArrayHelperRemoveAtA0SystemAttributeA0SystemInt32', ID = '10377'
Method 'A0A0SystemObjectarrayA3CosmosSystem_PlugsSystemReflectionAssemblyImplGetCustomAttributesA0SystemTypeA0SystemBoolean', ID = '10385'
Method 'A0SystemBooleanA0A0SystemNumericsVector1A0SystemUIntPtrop_EqualityA0A0SystemNumericsVector1A0SystemUIntPtrA0A0SystemNumericsVector1A0SystemUIntPtr', ID = '10386'
Method 'A0SystemInt32A2CosmosCore_PlugsInteropGlobalizationImplCompareStringA0SystemIntPtrA0SystemCharpointerA0SystemInt32A0SystemCharpointerA0SystemInt32A0SystemObject', ID = '10387'
Method 'A0SystemInt32A2CosmosCore_PlugsInteropKernel32ImplCompareStringExA0SystemCharpointerA0SystemUInt32A0SystemCharpointerA0SystemInt32A0SystemCharpointerA0SystemInt32A0SystE346A98A1C139DDCED47F62E23F200AE', ID = '10388'
Method 'A0SystemVoidA0SystemTextStringBuilderAppendInterpolatedStringHandlerAppendFormattedA0A0SystemReadOnlySpan1A0SystemCharA0SystemInt32A0SystemString', ID = '10389'
Method 'SystemVoidA0A0SystemCollectionsGenericEqualityComparer1A0A0SystemCollectionsGenericKeyValuePair2A0SystemObjectA0SystemObjectcctor', ID = '10390'
Method 'SystemVoidA0A0SystemSZGenericArrayEnumerator1A0SystemReflectionFieldInfocctor', ID = '10392'
Method 'A0SystemVoidA0A0SystemSZGenericArrayEnumerator1A0SystemReflectionFieldInfoDispose', ID = '10393'
Method 'A0SystemBooleanA0A0SystemSZGenericArrayEnumerator1A0SystemReflectionFieldInfoMoveNext', ID = '10394'
Method 'A0SystemBooleanA0SystemRuntimeCompilerServicesRuntimeHelpersIsBitwiseEquatableA0SystemReflectionFieldInfo', ID = '10395'
Method 'A0SystemInt32A0InternalRuntimeCompilerServicesUnsafeSizeOfA0SystemReflectionFieldInfo', ID = '10396'
Method 'A0SystemByteA0InternalRuntimeCompilerServicesUnsafeAsA0SystemReflectionFieldInfoA0SystemByteA0SystemReflectionFieldInfo', ID = '10397'
Method 'A0SystemCharA0InternalRuntimeCompilerServicesUnsafeAsA0SystemReflectionFieldInfoA0SystemCharA0SystemReflectionFieldInfo', ID = '10398'
Method 'A0SystemInt32A0InternalRuntimeCompilerServicesUnsafeAsA0SystemReflectionFieldInfoA0SystemInt32A0SystemReflectionFieldInfo', ID = '10399'
Method 'A0SystemInt64A0InternalRuntimeCompilerServicesUnsafeAsA0SystemReflectionFieldInfoA0SystemInt64A0SystemReflectionFieldInfo', ID = '10400'
Method 'A0A0SystemCollectionsGenericEqualityComparer1A0SystemReflectionFieldInfoA0A0SystemCollectionsGenericEqualityComparer1A0SystemReflectionFieldInfoget_Default', ID = '10401'
Method 'A0SystemInt32A0A0SystemCollectionsGenericEqualityComparer1A0SystemReflectionFieldInfoIndexOfA0A0SystemReflectionFieldInfoarrayA0SystemReflectionFieldInfoA0SystemInt32A0SystemInt32', ID = '10402'
Method 'SystemVoidA8A8CosmosIL2CPUSZArrayImpl1GetEnumeratord__0A0SystemReflectionFieldInfoctorA0SystemInt32', ID = '10403'
Method 'A0A0SystemAttributearrayA0InternalRuntimeCompilerServicesUnsafeAsA0A0SystemAttributearrayA0SystemObject', ID = '10406'
Method 'SystemVoidA0A0SystemSZGenericArrayEnumerator1A0SystemAttributectorA0A0SystemAttributearray', ID = '10407'
Method 'A0SystemInt32A0SystemArrayIndexOfA0SystemAttributeA0A0SystemAttributearrayA0SystemAttributeA0SystemInt32A0SystemInt32', ID = '10410'
Method 'A0A0SystemCollectionsGenericIEnumerator1A0SystemAttributeA8A8CosmosIL2CPUSZArrayImpl1A0SystemAttributeGetEnumerator', ID = '10411'
Method 'A0SystemVoidA8A8CosmosIL2CPUSZArrayImpl1A0SystemAttributeCopyToA0A0SystemAttributearrayA0SystemInt32', ID = '10412'
Method 'A0SystemInt32A8A8CosmosIL2CPUSZArrayImpl1A0SystemAttributeget_Count', ID = '10413'
Method 'A0SystemAttributeA8A8CosmosIL2CPUSZArrayImpl1A0SystemAttributeget_ItemA0SystemInt32', ID = '10414'
Method 'A0SystemVoidA8A8CosmosIL2CPUSZArrayImpl1A0SystemAttributeset_ItemA0SystemInt32A0SystemAttribute', ID = '10415'
Method 'A0SystemVoidA8A8CosmosIL2CPUSZArrayImpl1A0SystemAttributeAddA0SystemAttribute', ID = '10416'
Method 'A0SystemBooleanA8A8CosmosIL2CPUSZArrayImpl1A0SystemAttributeContainsA0SystemAttribute', ID = '10417'
Method 'A0SystemBooleanA8A8CosmosIL2CPUSZArrayImpl1A0SystemAttributeget_IsReadOnly', ID = '10418'
Method 'A0SystemVoidA8A8CosmosIL2CPUSZArrayImpl1A0SystemAttributeClear', ID = '10419'
Method 'A0SystemInt32A8A8CosmosIL2CPUSZArrayImpl1A0SystemAttributeIndexOfA0SystemAttribute', ID = '10420'
Method 'A0SystemVoidA8A8CosmosIL2CPUSZArrayImpl1A0SystemAttributeInsertA0SystemInt32A0SystemAttribute', ID = '10421'
Method 'A0SystemVoidA8A8CosmosIL2CPUSZArrayImpl1A0SystemAttributeRemoveAtA0SystemInt32', ID = '10422'
Method 'A0SystemBooleanA8A8CosmosIL2CPUSZArrayImpl1A0SystemAttributeget_IsFixedSize', ID = '10423'
Method 'A0SystemVoidA8A8CosmosIL2CPUSZArrayImpl1A0SystemAttributeRemoveA0SystemAttribute', ID = '10424'
Method 'A0SystemObjectA8A8CosmosIL2CPUSZArrayImpl1A0SystemAttributeget_SyncRoot', ID = '10425'
Method 'A0SystemBooleanA8A8CosmosIL2CPUSZArrayImpl1A0SystemAttributeget_IsSynchronized', ID = '10426'
Method 'A0A0SystemObjectarrayA2CosmosCore_PlugsSystemReflectionRuntimeAssemblyImplGetCustomAttributesA0SystemTypeA0SystemBoolean', ID = '10427'
Method 'A0SystemBooleanA0A0SystemNumericsVector1A0SystemUIntPtrScalarEqualsA0SystemUIntPtrA0SystemUIntPtr', ID = '10429'
Method 'A0SystemTextStringBuilderA0SystemTextStringBuilderAppendA0A0SystemReadOnlySpan1A0SystemChar', ID = '10430'
Method 'A0SystemVoidA8A8CosmosIL2CPUSZArrayImpl1GetEnumeratord__0A0SystemReflectionFieldInfoSystemIDisposableDispose', ID = '10435'
Method 'A0SystemBooleanA8A8CosmosIL2CPUSZArrayImpl1GetEnumeratord__0A0SystemReflectionFieldInfoMoveNext', ID = '10436'
Method 'SystemVoidA0A0SystemSZGenericArrayEnumerator1A0SystemAttributecctor', ID = '10437'
Method 'A0SystemVoidA0A0SystemSZGenericArrayEnumerator1A0SystemAttributeDispose', ID = '10438'
Method 'A0SystemBooleanA0A0SystemSZGenericArrayEnumerator1A0SystemAttributeMoveNext', ID = '10439'
Method 'A0SystemBooleanA0SystemRuntimeCompilerServicesRuntimeHelpersIsBitwiseEquatableA0SystemAttribute', ID = '10440'
Method 'A0SystemInt32A0InternalRuntimeCompilerServicesUnsafeSizeOfA0SystemAttribute', ID = '10441'
Method 'A0SystemByteA0InternalRuntimeCompilerServicesUnsafeAsA0SystemAttributeA0SystemByteA0SystemAttribute', ID = '10442'
Method 'A0SystemCharA0InternalRuntimeCompilerServicesUnsafeAsA0SystemAttributeA0SystemCharA0SystemAttribute', ID = '10443'
Method 'A0SystemInt32A0InternalRuntimeCompilerServicesUnsafeAsA0SystemAttributeA0SystemInt32A0SystemAttribute', ID = '10444'
Method 'A0SystemInt64A0InternalRuntimeCompilerServicesUnsafeAsA0SystemAttributeA0SystemInt64A0SystemAttribute', ID = '10445'
Method 'A0A0SystemCollectionsGenericEqualityComparer1A0SystemAttributeA0A0SystemCollectionsGenericEqualityComparer1A0SystemAttributeget_Default', ID = '10446'
Method 'A0SystemInt32A0A0SystemCollectionsGenericEqualityComparer1A0SystemAttributeIndexOfA0A0SystemAttributearrayA0SystemAttributeA0SystemInt32A0SystemInt32', ID = '10447'
Method 'SystemVoidA8A8CosmosIL2CPUSZArrayImpl1GetEnumeratord__0A0SystemAttributectorA0SystemInt32', ID = '10448'
Method 'SystemVoidA0A0SystemCollectionsGenericEqualityComparer1A0SystemReflectionFieldInfocctor', ID = '10450'
Method 'A0SystemVoidA8A8CosmosIL2CPUSZArrayImpl1GetEnumeratord__0A0SystemAttributeSystemIDisposableDispose', ID = '10456'
Method 'A0SystemBooleanA8A8CosmosIL2CPUSZArrayImpl1GetEnumeratord__0A0SystemAttributeMoveNext', ID = '10457'
Method 'SystemVoidA0A0SystemCollectionsGenericEqualityComparer1A0SystemAttributecctor', ID = '10458'
